time,station,windspeed_ms,pressure_hPa,rel_hum,niederschlag,sun_hours,temperature,glob_radiation_wm2
2024-06-01T00:00+00:00,4115,3.0,984.6,90.0,0.0,0.0,13.1,0
2024-06-01T01:00+00:00,4115,2.5,984.6,87.0,0.0,0.0,13.0,0
2024-06-01T02:00+00:00,4115,2.6,984.8,83.0,0.0,0.0,13.2,0
2024-06-01T03:00+00:00,4115,1.8,985.3,83.0,0.0,0.0,12.9,0
2024-06-01T04:00+00:00,4115,1.7,985.6,83.0,0.0,0.0,12.5,16
2024-06-01T05:00+00:00,4115,1.5,986.0,83.0,0.0,0.2,13.8,106
2024-06-01T06:00+00:00,4115,0.8,986.7,77.0,0.0,0.0,14.6,124
2024-06-01T07:00+00:00,4115,1.0,987.0,70.0,0.0,0.4,16.9,387
2024-06-01T08:00+00:00,4115,0.5,987.6,71.0,0.0,0.1,17.0,358
2024-06-01T09:00+00:00,4115,1.0,987.6,68.0,0.0,0.3,17.8,476
2024-06-01T10:00+00:00,4115,1.3,987.6,70.0,0.0,0.4,18.4,554
2024-06-01T11:00+00:00,4115,1.1,988.0,83.0,7.2,0.0,15.1,166
2024-06-01T12:00+00:00,4115,1.1,988.0,84.0,4.4,0.0,16.1,180
2024-06-01T13:00+00:00,4115,2.8,988.4,77.0,0.0,0.0,16.3,340
2024-06-01T14:00+00:00,4115,3.3,988.1,64.0,0.0,0.9,19.0,565
2024-06-01T15:00+00:00,4115,2.9,988.2,60.0,0.0,0.6,18.8,404
2024-06-01T16:00+00:00,4115,5.1,988.6,65.0,0.0,0.9,17.5,408
2024-06-01T17:00+00:00,4115,4.7,988.9,69.0,0.0,0.9,16.5,241
2024-06-01T18:00+00:00,4115,4.4,989.1,75.0,0.0,1.0,15.3,107
2024-06-01T19:00+00:00,4115,4.4,989.6,80.0,0.0,0.2,14.3,13
2024-06-01T20:00+00:00,4115,4.2,989.9,81.0,0.0,0.0,14.1,0
2024-06-01T21:00+00:00,4115,3.9,990.0,83.0,0.0,0.0,13.8,0
2024-06-01T22:00+00:00,4115,3.7,990.2,83.0,0.0,0.0,13.7,0
2024-06-01T23:00+00:00,4115,4.1,990.2,84.0,0.0,0.0,13.8,0
2024-06-02T00:00+00:00,4115,4.1,990.3,84.0,0.0,0.0,13.7,0
2024-06-02T01:00+00:00,4115,3.3,990.5,85.0,0.0,0.0,13.7,0
2024-06-02T02:00+00:00,4115,3.6,990.7,85.0,0.0,0.0,14.0,0
2024-06-02T03:00+00:00,4115,3.2,991.2,86.0,0.0,0.0,14.1,1
2024-06-02T04:00+00:00,4115,3.5,991.4,84.0,0.0,0.5,14.7,45
2024-06-02T05:00+00:00,4115,3.5,991.6,80.0,0.0,0.6,16.1,154
2024-06-02T06:00+00:00,4115,3.4,992.2,81.0,0.0,0.5,15.9,269
2024-06-02T07:00+00:00,4115,2.9,992.6,79.0,0.0,0.0,16.8,174
2024-06-02T08:00+00:00,4115,4.3,993.0,75.0,0.0,0.3,17.0,443
2024-06-02T09:00+00:00,4115,4.7,993.1,74.0,0.0,0.1,17.5,358
2024-06-02T10:00+00:00,4115,4.7,993.2,70.0,0.0,0.3,19.0,516
2024-06-02T11:00+00:00,4115,3.8,993.4,66.0,0.0,0.7,20.6,842
2024-06-02T12:00+00:00,4115,4.9,993.2,65.0,0.0,1.0,21.0,923
2024-06-02T13:00+00:00,4115,3.7,993.0,63.0,0.0,0.7,22.4,626
2024-06-02T14:00+00:00,4115,3.8,992.6,59.0,0.0,1.0,22.4,710
2024-06-02T15:00+00:00,4115,3.4,992.6,57.0,0.0,1.0,22.8,555
2024-06-02T16:00+00:00,4115,3.7,992.2,60.0,0.0,1.0,21.6,356
2024-06-02T17:00+00:00,4115,3.1,992.6,65.0,0.0,0.6,20.6,170
2024-06-02T18:00+00:00,4115,2.7,992.7,67.0,0.0,0.0,20.0,69
2024-06-02T19:00+00:00,4115,2.5,993.0,71.0,0.0,0.0,19.0,12
2024-06-02T20:00+00:00,4115,2.2,993.2,70.0,0.0,0.0,18.7,0
2024-06-02T21:00+00:00,4115,2.0,992.7,73.0,0.0,0.0,18.0,0
2024-06-02T22:00+00:00,4115,1.8,992.7,77.0,0.0,0.0,17.5,0
2024-06-02T23:00+00:00,4115,1.6,993.2,79.0,0.0,0.0,17.3,0
2024-06-03T00:00+00:00,4115,0.9,992.7,83.0,0.0,0.0,16.6,0
2024-06-03T01:00+00:00,4115,1.0,992.9,83.0,0.0,0.0,16.8,0
2024-06-03T02:00+00:00,4115,0.4,992.4,87.0,0.0,0.0,16.1,0
2024-06-03T03:00+00:00,4115,0.9,992.4,86.0,0.0,0.0,16.1,0
2024-06-03T04:00+00:00,4115,0.5,992.4,88.0,0.0,0.0,15.8,8
2024-06-03T05:00+00:00,4115,1.6,992.4,82.0,0.0,0.4,18.0,149
2024-06-03T06:00+00:00,4115,2.6,992.5,78.0,0.0,1.0,18.7,380
2024-06-03T07:00+00:00,4115,2.2,992.4,75.0,0.0,0.8,19.6,453
2024-06-03T08:00+00:00,4115,1.6,992.4,75.0,0.0,0.5,20.2,475
2024-06-03T09:00+00:00,4115,0.7,992.2,73.0,0.0,0.1,20.6,349
2024-06-03T10:00+00:00,4115,2.3,992.1,70.0,0.0,0.2,21.3,595
2024-06-03T11:00+00:00,4115,1.7,991.3,63.0,0.0,0.7,22.7,721
2024-06-03T12:00+00:00,4115,1.8,990.5,60.0,0.0,0.6,23.0,722
2024-06-03T13:00+00:00,4115,1.4,990.0,64.0,0.0,0.3,22.6,461
2024-06-03T14:00+00:00,4115,1.3,989.8,79.0,0.2,0.0,19.3,99
2024-06-03T15:00+00:00,4115,1.4,989.6,84.0,0.0,0.0,19.6,144
2024-06-03T16:00+00:00,4115,1.1,990.5,91.0,11.4,0.0,15.5,13
2024-06-03T17:00+00:00,4115,2.1,990.3,98.0,8.9,0.0,15.2,1
2024-06-03T18:00+00:00,4115,1.4,990.0,95.0,2.4,0.0,15.1,2
2024-06-03T19:00+00:00,4115,2.5,990.2,95.0,0.2,0.0,15.6,2
2024-06-03T20:00+00:00,4115,3.1,990.4,94.0,0.0,0.0,15.5,0
2024-06-03T21:00+00:00,4115,3.2,990.7,95.0,1.6,0.0,15.4,0
2024-06-03T22:00+00:00,4115,3.0,990.5,95.0,1.9,0.0,15.5,0
2024-06-03T23:00+00:00,4115,3.0,990.3,96.0,0.1,0.0,15.6,0
2024-06-04T00:00+00:00,4115,3.1,990.5,97.0,6.9,0.0,15.5,0
2024-06-04T01:00+00:00,4115,3.4,990.9,96.0,17.0,0.0,14.6,0
2024-06-04T02:00+00:00,4115,3.8,991.0,94.0,0.8,0.0,14.2,0
2024-06-04T03:00+00:00,4115,4.3,991.0,92.0,0.0,0.0,13.5,0
2024-06-04T04:00+00:00,4115,4.5,991.2,90.0,0.0,0.0,13.6,16
2024-06-04T05:00+00:00,4115,4.2,992.1,88.0,0.0,0.0,14.0,79
2024-06-04T06:00+00:00,4115,3.8,992.4,86.0,0.0,0.0,14.0,95
2024-06-04T07:00+00:00,4115,3.1,992.7,83.0,0.0,0.0,14.5,165
2024-06-04T08:00+00:00,4115,3.3,993.2,78.0,0.0,0.0,14.8,195
2024-06-04T09:00+00:00,4115,3.6,992.9,73.0,0.0,0.0,16.2,322
2024-06-04T10:00+00:00,4115,3.9,993.0,68.0,0.0,0.0,17.5,493
2024-06-04T11:00+00:00,4115,2.9,993.0,68.0,0.0,0.0,18.5,429
2024-06-04T12:00+00:00,4115,2.0,992.7,66.0,0.0,0.2,18.6,413
2024-06-04T13:00+00:00,4115,2.1,992.6,63.0,0.0,0.0,18.8,315
2024-06-04T14:00+00:00,4115,2.4,992.3,67.0,0.0,0.0,19.0,334
2024-06-04T15:00+00:00,4115,1.8,991.8,67.0,0.0,0.2,19.0,286
2024-06-04T16:00+00:00,4115,1.8,991.6,63.0,0.0,0.3,19.9,262
2024-06-04T17:00+00:00,4115,1.4,991.5,62.0,0.0,0.2,20.0,183
2024-06-04T18:00+00:00,4115,1.1,991.4,70.0,0.0,0.4,18.5,85
2024-06-04T19:00+00:00,4115,1.6,991.4,86.0,0.0,0.0,15.6,12
2024-06-04T20:00+00:00,4115,1.6,991.6,91.0,0.0,0.0,13.6,0
2024-06-04T21:00+00:00,4115,0.7,991.6,93.0,0.0,0.0,12.6,0
2024-06-04T22:00+00:00,4115,0.7,991.6,94.0,0.0,0.0,12.6,0
2024-06-04T23:00+00:00,4115,0.6,991.5,94.0,0.0,0.0,11.8,0
2024-06-05T00:00+00:00,4115,0.3,991.5,96.0,0.0,0.0,11.4,0
2024-06-05T01:00+00:00,4115,0.6,991.4,96.0,0.0,0.0,11.3,0
2024-06-05T02:00+00:00,4115,0.2,991.3,98.0,0.0,0.0,10.8,0
2024-06-05T03:00+00:00,4115,0.3,991.8,97.0,0.0,0.0,10.3,1
2024-06-05T04:00+00:00,4115,0.4,992.0,97.0,0.0,0.5,11.6,48
2024-06-05T05:00+00:00,4115,0.1,992.4,91.0,0.0,1.0,13.9,184
2024-06-05T06:00+00:00,4115,0.6,992.5,81.0,0.0,1.0,17.1,350
2024-06-05T07:00+00:00,4115,0.4,992.6,73.0,0.0,1.0,19.7,519
2024-06-05T08:00+00:00,4115,0.8,992.7,68.0,0.0,1.0,21.1,667
2024-06-05T09:00+00:00,4115,0.4,992.6,60.0,0.0,1.0,22.6,789
2024-06-05T10:00+00:00,4115,0.7,992.6,55.0,0.0,1.0,22.8,903
2024-06-05T11:00+00:00,4115,1.2,992.5,42.0,0.0,0.9,24.2,847
2024-06-05T12:00+00:00,4115,0.9,992.1,47.0,0.0,1.0,25.3,866
2024-06-05T13:00+00:00,4115,0.6,991.6,43.0,0.0,1.0,26.1,805
2024-06-05T14:00+00:00,4115,1.2,991.2,41.0,0.0,1.0,26.5,695
2024-06-05T15:00+00:00,4115,1.4,991.0,49.0,0.0,0.9,26.0,538
2024-06-05T16:00+00:00,4115,2.2,990.8,49.0,0.0,1.0,26.1,404
2024-06-05T17:00+00:00,4115,2.1,990.8,53.0,0.0,1.0,25.4,264
2024-06-05T18:00+00:00,4115,2.6,991.1,57.0,0.0,0.9,23.6,111
2024-06-05T19:00+00:00,4115,1.3,991.5,70.0,0.0,0.1,21.3,13
2024-06-05T20:00+00:00,4115,0.8,991.9,80.0,0.0,0.0,20.0,0
2024-06-05T21:00+00:00,4115,0.6,992.2,88.0,0.0,0.0,17.6,0
2024-06-05T22:00+00:00,4115,0.5,992.6,86.0,0.0,0.0,17.5,0
2024-06-05T23:00+00:00,4115,1.0,992.4,78.0,0.0,0.0,18.7,0
2024-06-06T00:00+00:00,4115,0.4,992.7,84.0,0.0,0.0,17.6,0
2024-06-06T01:00+00:00,4115,0.4,993.1,68.0,0.0,0.0,18.9,0
2024-06-06T02:00+00:00,4115,0.9,993.6,69.0,0.0,0.0,19.1,0
2024-06-06T03:00+00:00,4115,2.0,994.2,68.0,0.0,0.0,19.2,0
2024-06-06T04:00+00:00,4115,0.2,994.4,83.0,0.0,0.0,17.7,7
2024-06-06T05:00+00:00,4115,0.4,995.1,81.0,0.0,0.0,18.8,84
2024-06-06T06:00+00:00,4115,0.2,995.6,73.0,0.0,0.3,20.5,218
2024-06-06T07:00+00:00,4115,1.1,995.7,68.0,0.0,0.8,21.9,456
2024-06-06T08:00+00:00,4115,0.8,995.6,64.0,0.0,0.8,22.8,563
2024-06-06T09:00+00:00,4115,0.2,995.8,62.0,0.0,0.8,24.3,668
2024-06-06T10:00+00:00,4115,1.0,995.7,57.0,0.0,0.7,24.8,733
2024-06-06T11:00+00:00,4115,1.0,995.5,59.0,0.0,0.3,25.0,605
2024-06-06T12:00+00:00,4115,0.6,994.9,62.0,0.0,0.7,25.5,681
2024-06-06T13:00+00:00,4115,1.9,994.4,56.0,0.0,0.8,26.4,694
2024-06-06T14:00+00:00,4115,2.9,993.8,56.0,0.0,0.8,26.4,653
2024-06-06T15:00+00:00,4115,2.7,993.3,55.0,0.0,0.7,27.2,461
2024-06-06T16:00+00:00,4115,2.9,992.9,54.0,0.0,1.0,26.9,402
2024-06-06T17:00+00:00,4115,2.9,992.7,57.0,0.0,0.5,25.0,165
2024-06-06T18:00+00:00,4115,1.8,993.2,62.0,0.0,0.0,24.3,48
2024-06-06T19:00+00:00,4115,0.9,994.9,80.0,0.6,0.0,20.5,3
2024-06-06T20:00+00:00,4115,0.6,994.1,93.0,4.1,0.0,17.0,0
2024-06-06T21:00+00:00,4115,0.8,994.4,95.0,0.0,0.0,16.4,0
2024-06-06T22:00+00:00,4115,0.9,994.5,96.0,0.0,0.0,16.4,0
2024-06-06T23:00+00:00,4115,1.7,994.4,97.0,0.0,0.0,16.2,0
2024-06-07T00:00+00:00,4115,0.8,994.6,96.0,0.0,0.0,16.2,0
2024-06-07T01:00+00:00,4115,1.5,994.9,91.0,0.0,0.0,17.0,0
2024-06-07T02:00+00:00,4115,1.2,994.4,94.0,0.0,0.0,16.8,0
2024-06-07T03:00+00:00,4115,1.1,994.5,90.0,0.0,0.0,17.3,0
2024-06-07T04:00+00:00,4115,0.9,994.9,95.0,0.0,0.0,16.8,21
2024-06-07T05:00+00:00,4115,2.1,994.9,88.0,0.0,0.7,18.8,169
2024-06-07T06:00+00:00,4115,0.9,995.2,80.0,0.0,1.0,19.9,327
2024-06-07T07:00+00:00,4115,1.4,995.1,71.0,0.0,1.0,22.3,512
2024-06-07T08:00+00:00,4115,1.4,995.1,70.0,0.0,1.0,23.4,659
2024-06-07T09:00+00:00,4115,1.3,995.1,63.0,0.0,1.0,24.7,770
2024-06-07T10:00+00:00,4115,2.5,995.2,61.0,0.0,0.8,25.1,784
2024-06-07T11:00+00:00,4115,2.3,994.8,56.0,0.0,0.8,26.3,808
2024-06-07T12:00+00:00,4115,3.0,994.4,53.0,0.0,0.8,26.3,774
2024-06-07T13:00+00:00,4115,4.0,993.7,50.0,0.0,1.0,26.9,832
2024-06-07T14:00+00:00,4115,3.9,993.6,47.0,0.0,1.0,27.3,744
2024-06-07T15:00+00:00,4115,3.6,993.4,50.0,0.0,1.0,26.7,573
2024-06-07T16:00+00:00,4115,2.7,993.1,55.0,0.0,0.2,25.6,218
2024-06-07T17:00+00:00,4115,2.0,993.1,60.0,0.0,0.8,24.9,224
2024-06-07T18:00+00:00,4115,1.0,993.3,73.0,0.0,0.6,22.5,95
2024-06-07T19:00+00:00,4115,1.0,993.6,81.0,0.0,0.0,20.8,19
2024-06-07T20:00+00:00,4115,0.1,993.8,86.0,0.0,0.0,19.2,0
2024-06-07T21:00+00:00,4115,0.4,993.5,91.0,0.0,0.0,18.0,0
2024-06-07T22:00+00:00,4115,0.7,993.3,85.0,0.0,0.0,18.0,0
2024-06-07T23:00+00:00,4115,0.8,993.8,92.0,0.0,0.0,17.7,0
2024-06-08T00:00+00:00,4115,0.4,993.7,94.0,0.0,0.0,16.5,0
2024-06-08T01:00+00:00,4115,0.3,993.5,96.0,0.0,0.0,15.8,0
2024-06-08T02:00+00:00,4115,1.0,993.3,94.0,0.0,0.0,15.8,0
2024-06-08T03:00+00:00,4115,0.8,993.2,83.0,0.0,0.0,17.2,1
2024-06-08T04:00+00:00,4115,0.9,993.5,86.0,0.0,0.6,17.3,56
2024-06-08T05:00+00:00,4115,1.2,993.8,85.0,0.0,1.0,18.1,174
2024-06-08T06:00+00:00,4115,0.5,993.8,73.0,0.0,1.0,20.1,346
2024-06-08T07:00+00:00,4115,0.3,993.6,68.0,0.0,1.0,21.4,501
2024-06-08T08:00+00:00,4115,0.4,993.1,65.0,0.0,1.0,23.4,661
2024-06-08T09:00+00:00,4115,1.0,992.6,53.0,0.0,1.0,25.2,769
2024-06-08T10:00+00:00,4115,1.4,992.2,54.0,0.0,1.0,26.3,847
2024-06-08T11:00+00:00,4115,1.9,991.6,49.0,0.0,1.0,27.1,870
2024-06-08T12:00+00:00,4115,2.0,990.7,50.0,0.0,1.0,28.0,860
2024-06-08T13:00+00:00,4115,2.4,989.8,46.0,0.0,0.9,28.2,775
2024-06-08T14:00+00:00,4115,3.3,989.1,52.0,0.0,0.9,27.8,674
2024-06-08T15:00+00:00,4115,4.0,988.5,61.0,0.0,0.5,26.2,437
2024-06-08T16:00+00:00,4115,4.3,987.9,61.0,0.0,0.8,25.5,389
2024-06-08T17:00+00:00,4115,3.1,987.1,65.0,0.0,0.3,24.3,184
2024-06-08T18:00+00:00,4115,3.3,986.6,65.0,0.0,0.0,23.7,75
2024-06-08T19:00+00:00,4115,2.9,986.5,69.0,0.0,0.0,22.7,14
2024-06-08T20:00+00:00,4115,3.1,986.6,72.0,0.0,0.0,22.7,0
2024-06-08T21:00+00:00,4115,2.3,986.6,65.0,0.0,0.0,22.7,0
2024-06-08T22:00+00:00,4115,4.1,987.7,83.0,0.0,0.0,19.8,0
2024-06-08T23:00+00:00,4115,4.4,987.5,84.0,0.0,0.0,18.7,0
2024-06-09T00:00+00:00,4115,4.2,986.6,83.0,0.0,0.0,18.5,0
2024-06-09T01:00+00:00,4115,3.3,986.6,82.0,0.0,0.0,18.4,0
2024-06-09T02:00+00:00,4115,4.2,986.4,81.0,0.0,0.0,18.4,0
2024-06-09T03:00+00:00,4115,3.3,986.5,78.0,0.0,0.0,18.5,1
2024-06-09T04:00+00:00,4115,2.8,986.6,76.0,0.0,0.3,19.0,51
2024-06-09T05:00+00:00,4115,2.3,986.8,75.0,0.0,0.6,19.9,171
2024-06-09T06:00+00:00,4115,2.6,986.8,76.0,0.0,0.0,19.9,158
2024-06-09T07:00+00:00,4115,2.9,987.0,76.0,0.0,0.0,20.4,272
2024-06-09T08:00+00:00,4115,2.8,987.0,77.0,0.0,0.0,20.6,183
2024-06-09T09:00+00:00,4115,2.2,987.3,71.0,0.0,0.0,22.1,360
2024-06-09T10:00+00:00,4115,1.7,987.1,67.0,0.0,0.8,23.3,688
2024-06-09T11:00+00:00,4115,0.9,986.9,59.0,0.0,0.7,23.8,704
2024-06-09T12:00+00:00,4115,1.4,986.4,58.0,0.0,0.8,25.0,779
2024-06-09T13:00+00:00,4115,0.5,985.8,54.0,0.0,0.8,25.9,717
2024-06-09T14:00+00:00,4115,0.5,984.9,54.0,0.0,0.5,26.0,449
2024-06-09T15:00+00:00,4115,1.3,984.5,56.0,0.0,0.4,26.4,402
2024-06-09T16:00+00:00,4115,2.4,983.8,64.0,0.0,0.2,24.6,225
2024-06-09T17:00+00:00,4115,1.8,983.5,73.0,0.1,0.0,22.8,14
2024-06-09T18:00+00:00,4115,1.0,983.2,86.0,0.3,0.0,21.2,0
2024-06-09T19:00+00:00,4115,2.3,984.6,86.0,0.2,0.0,20.2,3
2024-06-09T20:00+00:00,4115,0.6,984.3,93.0,0.3,0.0,19.5,0
2024-06-09T21:00+00:00,4115,1.4,984.3,90.0,0.0,0.0,18.9,0
2024-06-09T22:00+00:00,4115,1.3,984.2,93.0,0.0,0.0,18.4,0
2024-06-09T23:00+00:00,4115,1.0,983.3,91.0,0.0,0.0,18.1,0
2024-06-10T00:00+00:00,4115,1.5,983.6,92.0,0.1,0.0,17.8,0
2024-06-10T01:00+00:00,4115,1.7,984.0,84.0,0.2,0.0,18.0,0
2024-06-10T02:00+00:00,4115,1.3,984.0,89.0,0.1,0.0,17.5,0
2024-06-10T03:00+00:00,4115,0.7,982.6,95.0,0.8,0.0,16.8,0
2024-06-10T04:00+00:00,4115,0.1,982.6,97.0,0.0,0.0,16.9,9
2024-06-10T05:00+00:00,4115,0.6,982.7,97.0,1.0,0.0,17.2,11
2024-06-10T06:00+00:00,4115,0.3,982.9,97.0,0.4,0.0,17.5,44
2024-06-10T07:00+00:00,4115,0.9,983.4,95.0,0.1,0.0,17.9,98
2024-06-10T08:00+00:00,4115,0.5,983.1,93.0,0.8,0.0,18.2,98
2024-06-10T09:00+00:00,4115,0.8,983.1,83.0,0.0,0.2,19.5,460
2024-06-10T10:00+00:00,4115,1.0,983.1,88.0,0.4,0.0,19.3,161
2024-06-10T11:00+00:00,4115,0.8,982.9,84.0,0.0,0.0,20.3,384
2024-06-10T12:00+00:00,4115,1.3,983.2,86.0,0.1,0.0,19.9,173
2024-06-10T13:00+00:00,4115,2.9,983.5,92.0,0.4,0.0,17.5,128
2024-06-10T14:00+00:00,4115,3.1,983.5,93.0,0.3,0.0,16.8,116
2024-06-10T15:00+00:00,4115,2.2,984.0,92.0,0.4,0.0,17.9,198
2024-06-10T16:00+00:00,4115,2.4,984.2,89.0,0.1,0.0,17.9,210
2024-06-10T17:00+00:00,4115,1.9,984.1,89.0,0.1,0.1,18.5,143
2024-06-10T18:00+00:00,4115,2.3,984.4,85.0,0.0,0.2,18.5,79
2024-06-10T19:00+00:00,4115,2.6,984.6,87.0,0.0,0.3,17.0,23
2024-06-10T20:00+00:00,4115,2.1,985.3,87.0,0.0,0.0,16.8,0
2024-06-10T21:00+00:00,4115,2.2,985.5,79.0,0.0,0.0,17.5,0
2024-06-10T22:00+00:00,4115,2.9,985.6,78.0,0.0,0.0,17.4,0
2024-06-10T23:00+00:00,4115,3.0,986.0,74.0,0.0,0.0,17.7,0
2024-06-11T00:00+00:00,4115,3.1,985.6,67.0,0.0,0.0,18.1,0
2024-06-11T01:00+00:00,4115,3.5,985.6,62.0,0.0,0.0,18.3,0
2024-06-11T02:00+00:00,4115,3.0,985.7,65.0,0.0,0.0,17.9,0
2024-06-11T03:00+00:00,4115,2.5,985.6,68.0,0.0,0.0,17.5,0
2024-06-11T04:00+00:00,4115,1.9,986.0,66.0,0.0,0.0,17.7,15
2024-06-11T05:00+00:00,4115,3.1,986.8,68.0,0.0,0.0,17.7,51
2024-06-11T06:00+00:00,4115,3.7,987.6,67.0,0.0,0.0,18.3,162
2024-06-11T07:00+00:00,4115,2.8,988.2,66.0,0.0,0.0,18.6,235
2024-06-11T08:00+00:00,4115,2.8,988.7,72.0,0.0,0.0,18.7,282
2024-06-11T09:00+00:00,4115,3.5,989.0,68.0,0.0,0.2,19.6,523
2024-06-11T10:00+00:00,4115,3.5,989.3,64.0,0.0,0.9,21.0,872
2024-06-11T11:00+00:00,4115,4.9,990.1,62.0,0.0,0.6,19.6,782
2024-06-11T12:00+00:00,4115,4.3,990.7,64.0,0.0,0.0,18.9,509
2024-06-11T13:00+00:00,4115,5.3,990.9,61.0,0.0,0.4,18.8,688
2024-06-11T14:00+00:00,4115,4.8,991.2,54.0,0.0,0.9,19.7,704
2024-06-11T15:00+00:00,4115,4.2,991.2,50.0,0.0,1.0,19.7,606
2024-06-11T16:00+00:00,4115,4.2,991.5,54.0,0.0,0.4,18.4,289
2024-06-11T17:00+00:00,4115,3.2,991.6,53.0,0.0,0.4,18.1,234
2024-06-11T18:00+00:00,4115,2.9,992.0,57.0,0.0,0.1,16.4,83
2024-06-11T19:00+00:00,4115,2.9,992.6,58.0,0.0,0.1,15.8,10
2024-06-11T20:00+00:00,4115,2.7,993.4,65.0,0.0,0.0,15.1,0
2024-06-11T21:00+00:00,4115,2.7,993.8,67.0,0.0,0.0,14.8,0
2024-06-11T22:00+00:00,4115,2.7,994.1,71.0,0.0,0.0,14.2,0
2024-06-11T23:00+00:00,4115,2.8,994.2,73.0,0.1,0.0,13.7,0
2024-06-12T00:00+00:00,4115,2.7,994.4,71.0,0.0,0.0,14.0,0
2024-06-12T01:00+00:00,4115,2.7,994.4,72.0,0.0,0.0,13.8,0
2024-06-12T02:00+00:00,4115,2.6,994.5,68.0,0.0,0.0,13.7,0
2024-06-12T03:00+00:00,4115,3.3,994.8,68.0,0.0,0.0,13.3,0
2024-06-12T04:00+00:00,4115,3.1,994.9,80.0,0.1,0.0,12.1,2
2024-06-12T05:00+00:00,4115,2.9,995.3,85.0,0.7,0.0,11.5,21
2024-06-12T06:00+00:00,4115,3.2,995.6,80.0,0.0,0.0,11.8,57
2024-06-12T07:00+00:00,4115,3.2,996.0,79.0,0.0,0.0,12.3,100
2024-06-12T08:00+00:00,4115,3.1,996.0,80.0,0.0,0.0,12.9,168
2024-06-12T09:00+00:00,4115,3.4,996.2,76.0,0.0,0.0,13.7,326
2024-06-12T10:00+00:00,4115,2.6,996.3,74.0,0.0,0.0,14.8,338
2024-06-12T11:00+00:00,4115,1.9,996.0,73.0,0.0,0.0,14.5,313
2024-06-12T12:00+00:00,4115,1.5,995.8,66.0,0.0,0.1,16.1,404
2024-06-12T13:00+00:00,4115,1.8,995.4,58.0,0.0,0.1,17.3,354
2024-06-12T14:00+00:00,4115,2.5,995.4,62.0,0.0,0.2,16.2,315
2024-06-12T15:00+00:00,4115,2.5,994.9,56.0,0.0,0.3,17.5,418
2024-06-12T16:00+00:00,4115,2.0,994.7,61.0,0.0,0.0,16.4,144
2024-06-12T17:00+00:00,4115,1.2,994.8,67.0,0.0,0.0,16.1,74
2024-06-12T18:00+00:00,4115,0.8,994.9,79.0,0.1,0.0,15.1,29
2024-06-12T19:00+00:00,4115,1.0,995.2,74.0,0.0,0.0,14.3,7
2024-06-12T20:00+00:00,4115,1.2,995.5,74.0,0.0,0.0,14.0,0
2024-06-12T21:00+00:00,4115,1.0,995.3,71.0,0.0,0.0,14.1,0
2024-06-12T22:00+00:00,4115,1.7,995.4,78.0,0.0,0.0,13.2,0
2024-06-12T23:00+00:00,4115,2.3,995.1,78.0,0.0,0.0,13.4,0
2024-06-13T00:00+00:00,4115,2.0,994.8,79.0,0.0,0.0,13.4,0
2024-06-13T01:00+00:00,4115,1.9,994.6,80.0,0.0,0.0,12.9,0
2024-06-13T02:00+00:00,4115,1.5,994.4,82.0,0.0,0.0,11.9,0
2024-06-13T03:00+00:00,4115,1.3,994.4,82.0,0.0,0.0,12.5,0
2024-06-13T04:00+00:00,4115,0.3,994.4,87.0,0.0,0.0,12.5,20
2024-06-13T05:00+00:00,4115,0.9,994.6,83.0,0.0,0.0,13.0,66
2024-06-13T06:00+00:00,4115,0.8,994.8,80.0,0.0,0.0,13.8,118
2024-06-13T07:00+00:00,4115,1.4,994.9,77.0,0.0,0.0,14.0,147
2024-06-13T08:00+00:00,4115,0.5,994.9,79.0,0.0,0.0,14.7,149
2024-06-13T09:00+00:00,4115,1.7,994.9,72.0,0.0,0.0,15.7,358
2024-06-13T10:00+00:00,4115,2.4,994.4,66.0,0.0,0.6,17.5,695
2024-06-13T11:00+00:00,4115,2.6,993.8,59.0,0.0,1.0,18.9,786
2024-06-13T12:00+00:00,4115,2.9,993.7,51.0,0.0,0.9,19.5,848
2024-06-13T13:00+00:00,4115,2.5,993.6,46.0,0.0,0.9,20.4,700
2024-06-13T14:00+00:00,4115,3.2,993.6,49.0,0.0,0.2,19.2,391
2024-06-13T15:00+00:00,4115,1.9,993.5,57.0,0.0,0.0,18.4,194
2024-06-13T16:00+00:00,4115,1.8,993.8,50.0,0.0,0.4,19.1,248
2024-06-13T17:00+00:00,4115,2.7,994.1,65.0,0.0,0.2,16.3,153
2024-06-13T18:00+00:00,4115,3.2,993.8,74.0,0.0,0.0,14.7,24
2024-06-13T19:00+00:00,4115,2.2,994.2,78.0,0.0,0.2,13.9,27
2024-06-13T20:00+00:00,4115,1.3,994.7,82.0,0.0,0.0,12.5,0
2024-06-13T21:00+00:00,4115,1.9,995.3,83.0,0.0,0.0,13.0,0
2024-06-13T22:00+00:00,4115,2.8,995.1,79.0,0.0,0.0,13.2,0
2024-06-13T23:00+00:00,4115,1.3,994.8,83.0,0.0,0.0,12.3,0
2024-06-14T00:00+00:00,4115,1.7,994.6,83.0,0.0,0.0,12.5,0
2024-06-14T01:00+00:00,4115,0.6,994.5,91.0,0.0,0.0,10.7,0
2024-06-14T02:00+00:00,4115,0.6,994.5,95.0,0.0,0.0,9.6,0
2024-06-14T03:00+00:00,4115,1.0,994.8,96.0,0.0,0.0,9.0,1
2024-06-14T04:00+00:00,4115,0.9,994.8,92.0,0.0,0.7,11.1,57
2024-06-14T05:00+00:00,4115,1.0,994.5,80.0,0.0,1.0,13.9,197
2024-06-14T06:00+00:00,4115,0.7,994.4,72.0,0.0,1.0,16.2,366
2024-06-14T07:00+00:00,4115,0.7,994.4,67.0,0.0,1.0,17.8,533
2024-06-14T08:00+00:00,4115,0.8,994.1,60.0,0.0,1.0,18.5,570
2024-06-14T09:00+00:00,4115,1.3,993.8,55.0,0.0,0.9,19.5,710
2024-06-14T10:00+00:00,4115,2.0,993.3,51.0,0.0,0.8,21.1,669
2024-06-14T11:00+00:00,4115,2.2,993.0,55.0,0.0,0.8,21.5,660
2024-06-14T12:00+00:00,4115,2.2,992.9,51.0,0.0,0.8,21.8,640
2024-06-14T13:00+00:00,4115,2.1,992.6,53.0,0.0,0.3,22.0,548
2024-06-14T14:00+00:00,4115,1.7,992.5,50.0,0.0,0.0,21.8,401
2024-06-14T15:00+00:00,4115,1.8,992.3,53.0,0.0,0.0,21.3,223
2024-06-14T16:00+00:00,4115,2.2,992.2,50.0,0.0,0.2,22.1,254
2024-06-14T17:00+00:00,4115,1.9,992.0,53.0,0.0,0.5,21.1,212
2024-06-14T18:00+00:00,4115,1.3,991.9,56.0,0.0,0.1,21.1,79
2024-06-14T19:00+00:00,4115,1.0,992.0,70.0,0.0,0.2,18.0,25
2024-06-14T20:00+00:00,4115,1.6,992.1,85.0,0.0,0.0,14.7,0
2024-06-14T21:00+00:00,4115,1.7,992.0,85.0,0.0,0.0,14.1,0
2024-06-14T22:00+00:00,4115,1.7,991.6,88.0,0.0,0.0,13.5,0
2024-06-14T23:00+00:00,4115,2.0,991.2,90.0,0.0,0.0,13.1,0
2024-06-15T00:00+00:00,4115,1.9,990.7,92.0,0.0,0.0,12.6,0
2024-06-15T01:00+00:00,4115,1.7,990.1,95.0,0.0,0.0,12.3,0
2024-06-15T02:00+00:00,4115,1.8,989.8,96.0,0.0,0.0,12.0,0
2024-06-15T03:00+00:00,4115,1.7,989.5,96.0,0.0,0.0,11.6,1
2024-06-15T04:00+00:00,4115,1.6,989.1,93.0,0.0,0.8,12.9,54
2024-06-15T05:00+00:00,4115,1.3,988.9,85.0,0.0,1.0,15.5,194
2024-06-15T06:00+00:00,4115,2.3,988.7,76.0,0.0,1.0,18.3,363
2024-06-15T07:00+00:00,4115,2.8,988.2,67.0,0.0,1.0,20.2,525
2024-06-15T08:00+00:00,4115,3.2,987.7,60.0,0.0,1.0,22.2,673
2024-06-15T09:00+00:00,4115,4.0,987.0,59.0,0.0,1.0,23.4,787
2024-06-15T10:00+00:00,4115,4.4,987.1,56.0,0.0,1.0,24.3,860
2024-06-15T11:00+00:00,4115,4.3,987.5,49.0,0.0,1.0,25.3,884
2024-06-15T12:00+00:00,4115,3.5,987.6,48.0,0.0,0.7,26.2,726
2024-06-15T13:00+00:00,4115,2.9,987.0,48.0,0.0,0.5,26.4,554
2024-06-15T14:00+00:00,4115,2.5,986.8,46.0,0.0,0.4,26.7,419
2024-06-15T15:00+00:00,4115,2.2,986.6,44.0,0.0,1.0,27.1,651
2024-06-15T16:00+00:00,4115,3.1,986.7,51.0,0.0,0.7,24.6,361
2024-06-15T17:00+00:00,4115,2.2,986.8,53.0,0.0,0.0,23.3,98
2024-06-15T18:00+00:00,4115,1.3,986.9,56.0,0.0,0.0,22.5,24
2024-06-15T19:00+00:00,4115,3.3,987.4,74.0,0.0,0.0,20.0,4
2024-06-15T20:00+00:00,4115,0.8,988.5,90.0,1.2,0.0,17.8,0
2024-06-15T21:00+00:00,4115,2.1,989.1,94.0,4.5,0.0,16.8,0
2024-06-15T22:00+00:00,4115,3.0,988.7,93.0,1.8,0.0,16.1,0
2024-06-15T23:00+00:00,4115,3.3,988.8,92.0,1.6,0.0,15.8,0
2024-06-16T00:00+00:00,4115,2.5,988.8,91.0,0.7,0.0,15.7,0
2024-06-16T01:00+00:00,4115,2.1,988.9,92.0,0.0,0.0,15.9,0
2024-06-16T02:00+00:00,4115,2.0,989.0,91.0,0.0,0.0,15.8,0
2024-06-16T03:00+00:00,4115,2.0,989.5,89.0,0.0,0.0,15.7,0
2024-06-16T04:00+00:00,4115,2.2,989.9,89.0,0.0,0.0,15.7,13
2024-06-16T05:00+00:00,4115,1.9,990.3,89.0,0.0,0.0,16.2,69
2024-06-16T06:00+00:00,4115,2.0,990.1,76.0,0.0,0.9,18.9,388
2024-06-16T07:00+00:00,4115,2.5,990.3,77.0,0.0,0.9,19.2,438
2024-06-16T08:00+00:00,4115,2.2,990.4,70.0,0.0,1.0,20.5,665
2024-06-16T09:00+00:00,4115,1.6,990.5,63.0,0.0,0.7,21.0,589
2024-06-16T10:00+00:00,4115,1.9,990.5,61.0,0.0,0.1,21.8,551
2024-06-16T11:00+00:00,4115,1.5,990.3,58.0,0.0,0.0,21.8,509
2024-06-16T12:00+00:00,4115,1.5,990.3,58.0,0.0,0.1,22.5,461
2024-06-16T13:00+00:00,4115,1.6,990.1,63.0,0.0,0.0,22.4,484
2024-06-16T14:00+00:00,4115,1.2,990.0,58.0,0.0,0.0,22.5,274
2024-06-16T15:00+00:00,4115,1.1,989.7,56.0,0.0,0.2,22.8,390
2024-06-16T16:00+00:00,4115,0.5,989.6,52.0,0.0,0.4,23.7,330
2024-06-16T17:00+00:00,4115,0.6,989.6,50.0,0.0,1.0,23.8,287
2024-06-16T18:00+00:00,4115,1.2,989.7,56.0,0.0,1.0,22.6,121
2024-06-16T19:00+00:00,4115,0.8,990.1,80.0,0.0,0.4,17.8,21
2024-06-16T20:00+00:00,4115,0.8,990.5,86.0,0.0,0.0,15.9,0
2024-06-16T21:00+00:00,4115,0.5,990.8,91.0,0.0,0.0,14.9,0
2024-06-16T22:00+00:00,4115,0.8,991.0,92.0,0.0,0.0,14.4,0
2024-06-16T23:00+00:00,4115,1.6,991.2,93.0,0.0,0.0,14.2,0
2024-06-17T00:00+00:00,4115,2.0,991.5,93.0,0.0,0.0,14.2,0
2024-06-17T01:00+00:00,4115,0.9,991.6,95.0,0.0,0.0,13.6,0
2024-06-17T02:00+00:00,4115,0.4,992.2,96.0,0.0,0.0,13.7,0
2024-06-17T03:00+00:00,4115,0.5,992.5,96.0,0.0,0.0,13.1,1
2024-06-17T04:00+00:00,4115,0.5,993.0,93.0,0.0,0.8,15.0,54
2024-06-17T05:00+00:00,4115,0.2,993.3,79.0,0.0,1.0,18.7,193
2024-06-17T06:00+00:00,4115,0.2,993.6,71.0,0.0,1.0,20.2,359
2024-06-17T07:00+00:00,4115,1.1,993.8,71.0,0.0,1.0,21.1,520
2024-06-17T08:00+00:00,4115,0.8,994.2,65.0,0.0,1.0,22.5,641
2024-06-17T09:00+00:00,4115,0.3,993.8,57.0,0.0,1.0,24.2,764
2024-06-17T10:00+00:00,4115,0.0,993.8,54.0,0.0,1.0,25.1,848
2024-06-17T11:00+00:00,4115,0.2,993.7,49.0,0.0,1.0,26.2,877
2024-06-17T12:00+00:00,4115,0.6,993.3,47.0,0.0,1.0,27.6,856
2024-06-17T13:00+00:00,4115,1.0,993.0,44.0,0.0,1.0,28.0,799
2024-06-17T14:00+00:00,4115,2.1,992.7,43.0,0.0,1.0,28.2,693
2024-06-17T15:00+00:00,4115,1.9,992.6,40.0,0.0,1.0,28.5,563
2024-06-17T16:00+00:00,4115,2.1,992.3,47.0,0.0,1.0,28.4,422
2024-06-17T17:00+00:00,4115,2.0,992.5,51.0,0.0,0.2,26.0,171
2024-06-17T18:00+00:00,4115,1.6,992.4,61.0,0.0,0.1,24.5,87
2024-06-17T19:00+00:00,4115,1.3,992.5,71.0,0.0,0.4,22.4,34
2024-06-17T20:00+00:00,4115,1.0,993.2,80.0,0.0,0.0,20.1,0
2024-06-17T21:00+00:00,4115,0.4,993.3,80.0,0.0,0.0,19.2,0
2024-06-17T22:00+00:00,4115,1.1,993.5,86.0,0.0,0.0,18.3,0
2024-06-17T23:00+00:00,4115,1.3,993.8,85.0,0.0,0.0,18.8,0
2024-06-18T00:00+00:00,4115,1.2,994.1,86.0,0.0,0.0,19.1,0
2024-06-18T01:00+00:00,4115,1.1,994.4,73.0,0.0,0.0,21.0,0
2024-06-18T02:00+00:00,4115,1.8,994.5,74.0,0.0,0.0,20.8,0
2024-06-18T03:00+00:00,4115,1.6,994.9,80.0,0.0,0.0,19.5,0
2024-06-18T04:00+00:00,4115,0.5,994.9,82.0,0.0,0.1,19.5,27
2024-06-18T05:00+00:00,4115,1.0,994.9,82.0,0.0,0.0,20.0,81
2024-06-18T06:00+00:00,4115,0.4,995.4,77.0,0.0,0.1,21.5,175
2024-06-18T07:00+00:00,4115,0.6,995.4,64.0,0.0,0.9,24.5,458
2024-06-18T08:00+00:00,4115,0.7,995.5,60.0,0.0,1.0,25.1,615
2024-06-18T09:00+00:00,4115,0.6,995.5,57.0,0.0,1.0,27.0,748
2024-06-18T10:00+00:00,4115,1.5,995.1,56.0,0.0,1.0,27.6,830
2024-06-18T11:00+00:00,4115,1.8,994.9,58.0,0.0,1.0,29.0,867
2024-06-18T12:00+00:00,4115,2.2,994.4,48.0,0.0,1.0,29.2,835
2024-06-18T13:00+00:00,4115,2.4,994.0,46.0,0.0,1.0,29.6,718
2024-06-18T14:00+00:00,4115,2.6,993.3,46.0,0.0,1.0,29.9,680
2024-06-18T15:00+00:00,4115,2.6,993.0,46.0,0.0,1.0,30.2,571
2024-06-18T16:00+00:00,4115,2.7,992.2,52.0,0.0,1.0,29.7,385
2024-06-18T17:00+00:00,4115,2.9,991.8,50.0,0.0,1.0,28.5,244
2024-06-18T18:00+00:00,4115,3.1,991.6,51.0,0.0,0.9,27.8,120
2024-06-18T19:00+00:00,4115,2.3,991.6,58.0,0.0,0.3,25.9,27
2024-06-18T20:00+00:00,4115,2.1,991.6,58.0,0.0,0.0,24.9,0
2024-06-18T21:00+00:00,4115,1.8,991.3,64.0,0.0,0.0,23.3,0
2024-06-18T22:00+00:00,4115,1.7,991.0,70.0,0.0,0.0,22.5,0
2024-06-18T23:00+00:00,4115,1.4,990.4,70.0,0.0,0.0,22.7,0
2024-06-19T00:00+00:00,4115,1.6,990.1,79.0,0.0,0.0,21.1,0
2024-06-19T01:00+00:00,4115,1.5,989.9,85.0,0.0,0.0,19.4,0
2024-06-19T02:00+00:00,4115,1.4,989.6,87.0,0.0,0.0,18.8,0
2024-06-19T03:00+00:00,4115,1.6,989.8,91.0,0.0,0.0,18.0,0
2024-06-19T04:00+00:00,4115,1.5,990.0,88.0,0.0,0.5,19.1,45
2024-06-19T05:00+00:00,4115,0.9,990.3,80.0,0.0,1.0,21.5,171
2024-06-19T06:00+00:00,4115,0.8,990.9,73.0,0.0,1.0,23.2,331
2024-06-19T07:00+00:00,4115,0.7,990.8,70.0,0.0,1.0,24.8,484
2024-06-19T08:00+00:00,4115,0.9,990.8,67.0,0.0,1.0,26.5,635
2024-06-19T09:00+00:00,4115,1.2,990.9,62.0,0.0,1.0,27.8,746
2024-06-19T10:00+00:00,4115,1.3,990.8,61.0,0.0,1.0,28.7,804
2024-06-19T11:00+00:00,4115,0.8,990.7,57.0,0.0,1.0,29.8,837
2024-06-19T12:00+00:00,4115,1.3,990.5,50.0,0.0,1.0,30.3,835
2024-06-19T13:00+00:00,4115,0.7,990.3,50.0,0.0,1.0,31.5,781
2024-06-19T14:00+00:00,4115,1.3,990.2,51.0,0.0,1.0,31.8,677
2024-06-19T15:00+00:00,4115,1.3,990.1,51.0,0.0,1.0,31.9,538
2024-06-19T16:00+00:00,4115,1.9,990.1,50.0,0.0,1.0,31.6,389
2024-06-19T17:00+00:00,4115,2.6,990.0,57.0,0.0,0.6,29.7,193
2024-06-19T18:00+00:00,4115,2.1,990.2,56.0,0.0,0.3,29.6,104
2024-06-19T19:00+00:00,4115,1.3,990.7,66.0,0.0,0.1,27.1,32
2024-06-19T20:00+00:00,4115,1.1,991.5,73.0,0.0,0.0,25.3,0
2024-06-19T21:00+00:00,4115,1.9,993.0,68.0,0.0,0.0,26.3,0
2024-06-19T22:00+00:00,4115,6.1,994.9,74.0,0.0,0.0,22.8,0
2024-06-19T23:00+00:00,4115,4.7,996.0,74.0,0.0,0.0,21.7,0
2024-06-20T00:00+00:00,4115,2.3,996.5,73.0,0.0,0.0,20.6,0
2024-06-20T01:00+00:00,4115,2.5,996.7,77.0,0.0,0.0,19.4,0
2024-06-20T02:00+00:00,4115,2.0,997.1,80.0,0.0,0.0,19.1,0
2024-06-20T03:00+00:00,4115,2.3,998.2,83.0,0.0,0.0,18.3,1
2024-06-20T04:00+00:00,4115,2.2,998.9,82.0,0.0,0.0,18.3,9
2024-06-20T05:00+00:00,4115,3.1,999.6,76.0,0.0,0.0,18.4,34
2024-06-20T06:00+00:00,4115,2.9,999.9,72.0,0.0,0.1,19.4,190
2024-06-20T07:00+00:00,4115,2.8,1000.2,67.0,0.0,0.1,19.9,315
2024-06-20T08:00+00:00,4115,2.6,1000.1,69.0,0.0,0.4,20.9,444
2024-06-20T09:00+00:00,4115,2.2,999.9,65.0,0.0,0.2,21.1,415
2024-06-20T10:00+00:00,4115,2.5,999.9,65.0,0.0,0.9,22.2,685
2024-06-20T11:00+00:00,4115,1.8,999.9,58.0,0.0,0.7,22.9,676
2024-06-20T12:00+00:00,4115,1.8,999.5,59.0,0.0,0.5,23.8,578
2024-06-20T13:00+00:00,4115,1.4,998.9,58.0,0.0,1.0,25.3,740
2024-06-20T14:00+00:00,4115,1.6,998.2,53.0,0.0,1.0,25.8,657
2024-06-20T15:00+00:00,4115,1.9,997.4,54.0,0.0,0.8,25.7,482
2024-06-20T16:00+00:00,4115,1.7,996.4,53.0,0.0,0.7,26.0,293
2024-06-20T17:00+00:00,4115,1.8,996.6,60.0,0.0,0.4,24.8,177
2024-06-20T18:00+00:00,4115,1.5,995.6,65.0,0.0,0.0,23.5,66
2024-06-20T19:00+00:00,4115,1.5,996.0,66.0,0.0,0.0,22.2,9
2024-06-20T20:00+00:00,4115,1.2,996.5,72.0,0.0,0.0,21.5,0
2024-06-20T21:00+00:00,4115,1.5,995.7,73.0,0.0,0.0,20.9,0
2024-06-20T22:00+00:00,4115,2.8,996.3,77.0,0.0,0.0,20.1,0
2024-06-20T23:00+00:00,4115,1.5,996.0,82.0,0.0,0.0,19.1,0
2024-06-21T00:00+00:00,4115,1.1,995.8,85.0,0.0,0.0,18.6,0
2024-06-21T01:00+00:00,4115,0.6,995.5,88.0,0.0,0.0,17.9,0
2024-06-21T02:00+00:00,4115,0.5,995.2,91.0,0.0,0.0,17.1,0
2024-06-21T03:00+00:00,4115,0.4,994.9,92.0,0.0,0.0,16.8,0
2024-06-21T04:00+00:00,4115,0.5,995.3,91.0,0.0,0.0,18.0,37
2024-06-21T05:00+00:00,4115,0.6,994.9,81.0,0.0,0.5,20.8,142
2024-06-21T06:00+00:00,4115,0.9,994.9,75.0,0.0,1.0,23.0,295
2024-06-21T07:00+00:00,4115,1.5,994.8,71.0,0.0,1.0,24.8,450
2024-06-21T08:00+00:00,4115,2.2,994.4,68.0,0.0,1.0,26.2,593
2024-06-21T09:00+00:00,4115,2.4,994.0,67.0,0.0,1.0,27.8,698
2024-06-21T10:00+00:00,4115,2.7,993.8,66.0,0.0,1.0,28.9,821
2024-06-21T11:00+00:00,4115,2.9,993.1,67.0,0.0,1.0,29.7,810
2024-06-21T12:00+00:00,4115,2.9,992.2,62.0,0.0,1.0,30.6,812
2024-06-21T13:00+00:00,4115,3.6,991.4,61.0,0.0,1.0,31.0,711
2024-06-21T14:00+00:00,4115,3.6,990.7,63.0,0.0,0.8,30.6,586
2024-06-21T15:00+00:00,4115,3.5,989.7,60.0,0.0,0.4,31.0,419
2024-06-21T16:00+00:00,4115,4.1,989.2,65.0,0.0,1.0,30.5,385
2024-06-21T17:00+00:00,4115,3.6,988.6,67.0,0.0,0.3,29.5,187
2024-06-21T18:00+00:00,4115,1.2,988.9,70.0,0.0,0.0,28.2,41
2024-06-21T19:00+00:00,4115,1.6,988.6,69.0,0.0,0.0,26.9,3
2024-06-21T20:00+00:00,4115,0.5,988.5,74.0,0.0,0.0,25.9,0
2024-06-21T21:00+00:00,4115,0.3,988.2,75.0,0.0,0.0,25.3,0
2024-06-21T22:00+00:00,4115,0.8,988.0,76.0,0.0,0.0,24.2,0
2024-06-21T23:00+00:00,4115,1.2,988.4,82.0,0.0,0.0,22.9,0
2024-06-22T00:00+00:00,4115,2.4,989.1,81.0,0.0,0.0,22.3,0
2024-06-22T01:00+00:00,4115,5.1,989.6,68.0,0.0,0.0,20.5,0
2024-06-22T02:00+00:00,4115,6.2,989.1,70.0,0.0,0.0,19.8,0
2024-06-22T03:00+00:00,4115,3.8,989.8,71.0,0.0,0.0,19.5,0
2024-06-22T04:00+00:00,4115,2.7,990.8,74.0,0.0,0.0,18.7,24
2024-06-22T05:00+00:00,4115,3.0,992.2,77.0,0.0,0.0,18.0,65
2024-06-22T06:00+00:00,4115,3.9,992.5,91.0,2.4,0.0,16.1,49
2024-06-22T07:00+00:00,4115,3.9,992.7,93.0,7.6,0.0,15.7,81
2024-06-22T08:00+00:00,4115,1.5,992.7,91.0,1.4,0.0,17.1,113
2024-06-22T09:00+00:00,4115,2.2,992.9,82.0,0.0,0.1,18.9,292
2024-06-22T10:00+00:00,4115,2.1,992.5,76.0,0.0,0.0,20.8,302
2024-06-22T11:00+00:00,4115,2.4,992.2,64.0,0.0,0.4,22.4,616
2024-06-22T12:00+00:00,4115,2.8,991.5,58.0,0.0,0.7,23.9,711
2024-06-22T13:00+00:00,4115,2.9,991.1,52.0,0.0,0.9,24.8,776
2024-06-22T14:00+00:00,4115,2.8,990.4,52.0,0.0,1.0,25.8,778
2024-06-22T15:00+00:00,4115,2.6,989.7,46.0,0.0,1.0,25.6,603
2024-06-22T16:00+00:00,4115,2.2,989.1,46.0,0.0,1.0,25.8,459
2024-06-22T17:00+00:00,4115,1.6,989.1,51.0,0.0,1.0,25.6,268
2024-06-22T18:00+00:00,4115,1.4,989.0,54.0,0.0,1.0,24.1,145
2024-06-22T19:00+00:00,4115,1.9,989.5,59.0,0.0,0.1,21.5,23
2024-06-22T20:00+00:00,4115,1.9,990.3,62.0,0.0,0.0,20.4,0
2024-06-22T21:00+00:00,4115,1.7,990.2,62.0,0.0,0.0,20.0,0
2024-06-22T22:00+00:00,4115,2.3,990.3,64.0,0.0,0.0,19.4,0
2024-06-22T23:00+00:00,4115,2.8,991.0,65.0,0.0,0.0,19.0,0
2024-06-23T00:00+00:00,4115,2.2,991.3,69.0,0.0,0.0,18.1,0
2024-06-23T01:00+00:00,4115,2.7,991.2,69.0,0.0,0.0,17.7,0
2024-06-23T02:00+00:00,4115,2.1,992.2,70.0,0.0,0.0,17.4,0
2024-06-23T03:00+00:00,4115,2.0,992.3,68.0,0.0,0.0,17.0,0
2024-06-23T04:00+00:00,4115,1.9,992.9,69.0,0.0,0.5,17.6,42
2024-06-23T05:00+00:00,4115,2.1,993.4,68.0,0.0,0.9,19.3,185
2024-06-23T06:00+00:00,4115,2.6,993.7,69.0,0.0,0.9,19.6,343
2024-06-23T07:00+00:00,4115,2.8,993.8,62.0,0.0,0.9,21.5,429
2024-06-23T08:00+00:00,4115,2.6,994.2,55.0,0.0,1.0,22.3,690
2024-06-23T09:00+00:00,4115,2.4,994.1,49.0,0.0,1.0,23.6,749
2024-06-23T10:00+00:00,4115,3.9,994.1,49.0,0.0,1.0,24.4,883
2024-06-23T11:00+00:00,4115,3.4,994.1,50.0,0.0,0.9,24.9,832
2024-06-23T12:00+00:00,4115,3.2,993.8,51.0,0.0,0.8,25.5,796
2024-06-23T13:00+00:00,4115,3.8,993.3,50.0,0.0,1.0,26.4,820
2024-06-23T14:00+00:00,4115,3.9,993.2,46.0,0.0,1.0,26.5,705
2024-06-23T15:00+00:00,4115,4.1,993.0,45.0,0.0,1.0,26.2,577
2024-06-23T16:00+00:00,4115,4.0,992.7,45.0,0.0,1.0,26.0,413
2024-06-23T17:00+00:00,4115,3.7,993.1,44.0,0.0,1.0,25.3,262
2024-06-23T18:00+00:00,4115,3.0,993.3,48.0,0.0,1.0,24.1,121
2024-06-23T19:00+00:00,4115,1.8,993.8,62.0,0.0,0.4,20.8,24
2024-06-23T20:00+00:00,4115,2.1,994.3,62.0,0.0,0.0,20.5,0
2024-06-23T21:00+00:00,4115,2.5,994.7,62.0,0.0,0.0,20.4,0
2024-06-23T22:00+00:00,4115,2.6,994.9,64.0,0.0,0.0,20.1,0
2024-06-23T23:00+00:00,4115,3.0,995.2,66.0,0.0,0.0,19.5,0
2024-06-24T00:00+00:00,4115,3.2,995.5,70.0,0.0,0.0,18.5,0
2024-06-24T01:00+00:00,4115,2.5,995.7,70.0,0.0,0.0,18.1,0
2024-06-24T02:00+00:00,4115,2.9,995.8,75.0,0.0,0.0,17.4,0
2024-06-24T03:00+00:00,4115,2.9,996.0,77.0,0.0,0.0,16.8,1
2024-06-24T04:00+00:00,4115,2.7,996.2,72.0,0.0,0.6,17.9,49
2024-06-24T05:00+00:00,4115,2.8,996.5,70.0,0.0,1.0,18.8,180
2024-06-24T06:00+00:00,4115,3.1,996.9,67.0,0.0,1.0,20.1,347
2024-06-24T07:00+00:00,4115,3.0,996.9,67.0,0.0,1.0,21.4,506
2024-06-24T08:00+00:00,4115,2.5,996.6,56.0,0.0,1.0,22.9,664
2024-06-24T09:00+00:00,4115,3.3,996.6,57.0,0.0,0.9,23.8,710
2024-06-24T10:00+00:00,4115,3.5,996.6,50.0,0.0,0.9,24.2,793
2024-06-24T11:00+00:00,4115,3.9,996.3,49.0,0.0,0.7,24.1,750
2024-06-24T12:00+00:00,4115,3.7,995.9,50.0,0.0,0.8,24.3,781
2024-06-24T13:00+00:00,4115,3.5,995.5,47.0,0.0,0.9,25.5,816
2024-06-24T14:00+00:00,4115,3.7,995.2,49.0,0.0,0.9,25.5,735
2024-06-24T15:00+00:00,4115,3.6,994.9,47.0,0.0,1.0,25.5,603
2024-06-24T16:00+00:00,4115,4.3,994.8,49.0,0.0,1.0,24.5,432
2024-06-24T17:00+00:00,4115,4.3,994.9,51.0,0.0,1.0,23.6,268
2024-06-24T18:00+00:00,4115,4.0,994.9,56.0,0.0,1.0,22.0,123
2024-06-24T19:00+00:00,4115,2.7,995.5,66.0,0.0,0.4,19.3,24
2024-06-24T20:00+00:00,4115,2.4,996.0,68.0,0.0,0.0,18.1,0
2024-06-24T21:00+00:00,4115,2.3,996.0,70.0,0.0,0.0,17.6,0
2024-06-24T22:00+00:00,4115,2.6,996.0,69.0,0.0,0.0,17.7,0
2024-06-24T23:00+00:00,4115,2.7,995.9,68.0,0.0,0.0,17.6,0
2024-06-25T00:00+00:00,4115,2.6,995.3,72.0,0.0,0.0,16.8,0
2024-06-25T01:00+00:00,4115,1.0,995.2,84.0,0.0,0.0,14.8,0
2024-06-25T02:00+00:00,4115,1.1,994.8,80.0,0.0,0.0,14.8,0
2024-06-25T03:00+00:00,4115,1.0,994.8,83.0,0.0,0.0,14.4,1
2024-06-25T04:00+00:00,4115,0.4,994.9,82.0,0.0,0.5,15.2,45
2024-06-25T05:00+00:00,4115,0.2,994.7,71.0,0.0,1.0,18.1,174
2024-06-25T06:00+00:00,4115,1.3,994.7,66.0,0.0,1.0,19.2,339
2024-06-25T07:00+00:00,4115,0.6,994.7,63.0,0.0,1.0,20.9,493
2024-06-25T08:00+00:00,4115,1.1,994.7,58.0,0.0,1.0,22.7,639
2024-06-25T09:00+00:00,4115,1.7,994.7,53.0,0.0,1.0,24.1,758
2024-06-25T10:00+00:00,4115,2.1,994.4,57.0,0.0,1.0,25.6,820
2024-06-25T11:00+00:00,4115,2.1,994.3,53.0,0.0,0.7,25.6,745
2024-06-25T12:00+00:00,4115,2.9,993.8,51.0,0.0,0.8,27.0,787
2024-06-25T13:00+00:00,4115,3.0,993.7,51.0,0.0,1.0,27.7,785
2024-06-25T14:00+00:00,4115,2.8,993.2,51.0,0.0,1.0,27.8,683
2024-06-25T15:00+00:00,4115,3.0,992.6,51.0,0.0,1.0,28.0,553
2024-06-25T16:00+00:00,4115,3.1,992.4,50.0,0.0,1.0,27.3,395
2024-06-25T17:00+00:00,4115,2.8,992.2,52.0,0.0,1.0,26.7,248
2024-06-25T18:00+00:00,4115,2.6,992.2,55.0,0.0,1.0,25.6,110
2024-06-25T19:00+00:00,4115,1.6,992.1,61.0,0.0,0.1,23.6,20
2024-06-25T20:00+00:00,4115,1.0,992.3,77.0,0.0,0.0,20.6,0
2024-06-25T21:00+00:00,4115,1.3,991.9,84.0,0.0,0.0,19.2,0
2024-06-25T22:00+00:00,4115,2.1,991.9,81.0,0.0,0.0,19.7,0
2024-06-25T23:00+00:00,4115,1.2,991.8,88.0,0.0,0.0,18.1,0
2024-06-26T00:00+00:00,4115,2.1,991.9,85.0,0.0,0.0,18.6,0
2024-06-26T01:00+00:00,4115,2.1,991.8,82.0,0.0,0.0,19.2,0
2024-06-26T02:00+00:00,4115,2.1,991.5,85.0,0.0,0.0,18.4,0
2024-06-26T03:00+00:00,4115,1.2,991.6,89.0,0.0,0.0,17.9,1
2024-06-26T04:00+00:00,4115,1.8,991.5,85.0,0.0,0.0,19.3,37
2024-06-26T05:00+00:00,4115,1.3,992.0,89.0,0.1,0.0,18.8,17
2024-06-26T06:00+00:00,4115,0.9,992.0,80.0,0.0,0.3,21.5,153
2024-06-26T07:00+00:00,4115,1.9,992.0,73.0,0.0,0.8,23.0,413
2024-06-26T08:00+00:00,4115,2.3,992.0,68.0,0.0,1.0,24.9,627
2024-06-26T09:00+00:00,4115,3.1,991.8,66.0,0.0,0.8,25.7,651
2024-06-26T10:00+00:00,4115,3.1,991.6,66.0,0.0,0.6,26.4,633
2024-06-26T11:00+00:00,4115,2.8,991.2,65.0,0.0,0.1,26.7,460
2024-06-26T12:00+00:00,4115,3.1,990.7,61.0,0.0,0.9,27.8,778
2024-06-26T13:00+00:00,4115,2.6,990.1,56.0,0.0,0.9,28.8,753
2024-06-26T14:00+00:00,4115,2.7,989.0,55.0,0.0,1.0,29.1,694
2024-06-26T15:00+00:00,4115,2.3,988.1,55.0,0.0,0.7,28.2,488
2024-06-26T16:00+00:00,4115,2.7,988.6,59.0,0.0,0.0,26.3,162
2024-06-26T17:00+00:00,4115,2.8,988.9,63.0,0.0,0.5,26.2,198
2024-06-26T18:00+00:00,4115,3.1,988.6,70.0,0.0,0.0,22.6,52
2024-06-26T19:00+00:00,4115,1.3,988.6,72.0,0.0,0.0,21.6,22
2024-06-26T20:00+00:00,4115,1.6,990.1,78.0,0.0,0.0,21.1,0
2024-06-26T21:00+00:00,4115,1.4,990.1,83.0,0.0,0.0,20.4,0
2024-06-26T22:00+00:00,4115,1.7,989.3,85.0,0.0,0.0,20.3,0
2024-06-26T23:00+00:00,4115,1.0,988.2,85.0,0.0,0.0,19.5,0
2024-06-27T00:00+00:00,4115,1.2,988.6,92.0,0.0,0.0,19.0,0
2024-06-27T01:00+00:00,4115,1.6,988.8,91.0,0.0,0.0,18.7,0
2024-06-27T02:00+00:00,4115,1.3,988.9,93.0,0.0,0.0,18.0,0
2024-06-27T03:00+00:00,4115,0.3,989.2,95.0,0.0,0.0,17.2,0
2024-06-27T04:00+00:00,4115,0.7,989.1,95.0,0.0,0.0,17.7,17
2024-06-27T05:00+00:00,4115,0.5,989.2,86.0,0.0,0.1,19.7,106
2024-06-27T06:00+00:00,4115,0.6,989.1,73.0,0.0,0.9,22.4,319
2024-06-27T07:00+00:00,4115,0.9,989.5,75.0,0.0,0.5,22.2,295
2024-06-27T08:00+00:00,4115,1.3,989.6,72.0,0.0,0.0,22.8,229
2024-06-27T09:00+00:00,4115,0.7,989.3,69.0,0.0,0.4,24.7,521
2024-06-27T10:00+00:00,4115,1.0,989.1,66.0,0.0,0.7,25.5,670
2024-06-27T11:00+00:00,4115,0.3,989.1,61.0,0.0,0.4,26.4,572
2024-06-27T12:00+00:00,4115,0.8,988.8,59.0,0.0,0.5,26.5,601
2024-06-27T13:00+00:00,4115,0.5,988.6,58.0,0.0,0.4,27.3,505
2024-06-27T14:00+00:00,4115,1.2,988.0,54.0,0.0,0.9,28.9,681
2024-06-27T15:00+00:00,4115,0.4,988.0,56.0,0.0,0.3,27.5,327
2024-06-27T16:00+00:00,4115,1.8,988.0,54.0,0.0,0.5,28.1,387
2024-06-27T17:00+00:00,4115,3.8,988.1,67.0,0.0,0.7,25.1,303
2024-06-27T18:00+00:00,4115,0.7,988.6,73.0,0.0,0.8,26.3,201
2024-06-27T19:00+00:00,4115,1.8,989.6,84.0,0.0,0.0,22.4,42
2024-06-27T20:00+00:00,4115,1.4,989.9,85.0,0.0,0.0,21.8,0
2024-06-27T21:00+00:00,4115,1.3,990.0,89.0,0.0,0.0,21.2,0
2024-06-27T22:00+00:00,4115,0.9,990.7,89.0,0.0,0.0,20.2,0
2024-06-27T23:00+00:00,4115,1.0,990.8,82.0,0.0,0.0,20.9,0
2024-06-28T00:00+00:00,4115,2.3,990.2,70.0,0.0,0.0,22.0,0
2024-06-28T01:00+00:00,4115,3.5,990.2,73.0,0.0,0.0,21.8,0
2024-06-28T02:00+00:00,4115,2.7,990.3,73.0,0.0,0.0,21.5,0
2024-06-28T03:00+00:00,4115,0.1,991.1,83.0,0.0,0.0,19.5,0
2024-06-28T04:00+00:00,4115,0.6,991.5,82.0,0.0,0.3,20.6,39
2024-06-28T05:00+00:00,4115,0.8,992.0,69.0,0.0,1.0,22.6,161
2024-06-28T06:00+00:00,4115,2.1,992.3,68.0,0.0,0.9,23.5,305
2024-06-28T07:00+00:00,4115,2.2,992.7,64.0,0.0,0.8,25.3,420
2024-06-28T08:00+00:00,4115,2.3,993.0,60.0,0.0,1.0,26.3,619
2024-06-28T09:00+00:00,4115,2.3,993.0,59.0,0.0,1.0,27.6,741
2024-06-28T10:00+00:00,4115,2.2,993.0,56.0,0.0,1.0,28.7,819
2024-06-28T11:00+00:00,4115,3.5,993.8,57.0,0.0,0.6,25.2,607
2024-06-28T12:00+00:00,4115,3.6,993.4,78.0,0.1,0.0,21.9,169
2024-06-28T13:00+00:00,4115,1.7,993.2,70.0,0.2,0.3,25.7,502
2024-06-28T14:00+00:00,4115,1.1,993.3,72.0,0.0,0.4,25.6,351
2024-06-28T15:00+00:00,4115,3.3,993.7,65.0,0.0,0.0,22.8,65
2024-06-28T16:00+00:00,4115,2.6,993.3,55.0,0.0,0.4,26.2,312
2024-06-28T17:00+00:00,4115,2.3,993.5,56.0,0.0,1.0,26.3,264
2024-06-28T18:00+00:00,4115,1.1,994.0,64.0,0.0,0.7,24.9,123
2024-06-28T19:00+00:00,4115,0.5,994.3,80.0,0.0,0.0,21.7,10
2024-06-28T20:00+00:00,4115,0.6,994.8,85.0,0.0,0.0,20.6,0
2024-06-28T21:00+00:00,4115,0.3,995.4,87.0,0.0,0.0,20.0,0
2024-06-28T22:00+00:00,4115,0.6,995.5,85.0,0.0,0.0,20.2,0
2024-06-28T23:00+00:00,4115,0.4,995.7,90.0,0.0,0.0,19.6,0
2024-06-29T00:00+00:00,4115,0.3,995.4,91.0,0.0,0.0,19.4,0
2024-06-29T01:00+00:00,4115,0.7,995.5,93.0,0.0,0.0,19.1,0
2024-06-29T02:00+00:00,4115,0.4,995.6,96.0,0.0,0.0,18.6,0
2024-06-29T03:00+00:00,4115,0.4,995.9,96.0,0.0,0.0,18.4,1
2024-06-29T04:00+00:00,4115,0.6,996.0,94.0,0.0,0.3,19.5,33
2024-06-29T05:00+00:00,4115,0.5,996.2,83.0,0.0,1.0,22.7,165
2024-06-29T06:00+00:00,4115,0.2,996.0,75.0,0.0,1.0,24.3,333
2024-06-29T07:00+00:00,4115,0.2,996.2,67.0,0.0,1.0,26.5,486
2024-06-29T08:00+00:00,4115,0.8,996.0,61.0,0.0,1.0,28.9,633
2024-06-29T09:00+00:00,4115,1.4,995.5,56.0,0.0,1.0,30.3,754
2024-06-29T10:00+00:00,4115,1.7,994.9,50.0,0.0,1.0,31.0,825
2024-06-29T11:00+00:00,4115,2.0,994.4,49.0,0.0,1.0,32.0,860
2024-06-29T12:00+00:00,4115,2.4,993.6,45.0,0.0,1.0,32.6,848
2024-06-29T13:00+00:00,4115,2.8,993.0,46.0,0.0,1.0,32.9,775
2024-06-29T14:00+00:00,4115,3.1,992.2,45.0,0.0,1.0,32.5,636
2024-06-29T15:00+00:00,4115,3.4,991.5,47.0,0.0,1.0,32.8,525
2024-06-29T16:00+00:00,4115,3.6,990.9,46.0,0.0,1.0,32.4,387
2024-06-29T17:00+00:00,4115,3.4,990.9,48.0,0.0,1.0,31.6,238
2024-06-29T18:00+00:00,4115,3.2,990.3,52.0,0.0,0.3,30.1,88
2024-06-29T19:00+00:00,4115,2.9,990.1,56.0,0.0,0.0,28.7,17
2024-06-29T20:00+00:00,4115,3.0,990.1,58.0,0.0,0.0,28.2,0
2024-06-29T21:00+00:00,4115,3.4,989.9,63.0,0.0,0.0,27.3,0
2024-06-29T22:00+00:00,4115,3.3,989.2,65.0,0.0,0.0,26.8,0
2024-06-29T23:00+00:00,4115,3.0,988.1,69.0,0.0,0.0,26.0,0
2024-06-30T00:00+00:00,4115,3.1,987.6,69.0,0.0,0.0,25.8,0
2024-06-30T01:00+00:00,4115,3.1,987.0,72.0,0.0,0.0,25.2,0
2024-06-30T02:00+00:00,4115,3.4,986.4,74.0,0.0,0.0,24.4,0
2024-06-30T03:00+00:00,4115,2.3,986.0,77.0,0.0,0.0,23.7,0
2024-06-30T04:00+00:00,4115,2.2,986.0,77.0,0.0,0.0,23.6,13
2024-06-30T05:00+00:00,4115,2.6,986.0,75.0,0.0,0.0,23.8,62
2024-06-30T06:00+00:00,4115,1.9,986.0,71.0,0.0,0.0,24.8,136
2024-06-30T07:00+00:00,4115,1.3,985.7,69.0,0.0,0.0,25.3,135
2024-06-30T08:00+00:00,4115,1.4,985.6,61.0,0.0,0.1,27.4,323
2024-06-30T09:00+00:00,4115,2.5,985.3,55.0,0.0,0.0,28.4,316
2024-06-30T10:00+00:00,4115,4.3,985.3,51.0,0.0,0.7,31.3,651
2024-06-30T11:00+00:00,4115,4.5,984.6,45.0,0.0,1.0,33.0,829
2024-06-30T12:00+00:00,4115,4.4,984.1,44.0,0.0,1.0,33.6,801
2024-06-30T13:00+00:00,4115,4.2,983.2,44.0,0.0,1.0,34.5,770
2024-06-30T14:00+00:00,4115,5.0,982.5,41.0,0.0,1.0,34.3,662
2024-06-30T15:00+00:00,4115,5.6,982.2,43.0,0.0,0.8,34.0,502
2024-06-30T16:00+00:00,4115,3.9,983.2,54.0,0.0,0.5,29.4,334
2024-06-30T17:00+00:00,4115,3.5,984.2,72.0,0.4,0.0,24.9,60
2024-06-30T18:00+00:00,4115,2.1,985.6,85.0,2.2,0.0,23.1,19
2024-06-30T19:00+00:00,4115,3.1,987.1,92.0,0.2,0.0,21.1,5
2024-06-30T20:00+00:00,4115,1.7,988.5,94.0,1.4,0.0,20.8,0
2024-06-30T21:00+00:00,4115,1.8,988.6,87.0,0.6,0.0,20.7,0
2024-06-30T22:00+00:00,4115,1.9,988.8,87.0,0.6,0.0,20.3,0
2024-06-30T23:00+00:00,4115,2.6,988.7,84.0,0.0,0.0,20.6,0
2024-07-01T00:00+00:00,4115,3.3,989.1,81.0,0.0,0.0,20.8,0
2024-07-01T01:00+00:00,4115,2.4,989.2,81.0,0.0,0.0,20.8,0
2024-07-01T02:00+00:00,4115,3.2,989.5,82.0,0.0,0.0,20.5,0
2024-07-01T03:00+00:00,4115,2.8,989.5,79.0,0.0,0.0,20.2,0
2024-07-01T04:00+00:00,4115,3.4,990.0,78.0,0.0,0.0,20.1,18
2024-07-01T05:00+00:00,4115,3.7,990.1,77.0,0.0,0.0,19.6,51
2024-07-01T06:00+00:00,4115,3.2,990.7,78.0,0.0,0.0,19.8,115
2024-07-01T07:00+00:00,4115,3.2,991.3,77.0,0.0,0.0,19.8,119
2024-07-01T08:00+00:00,4115,2.4,991.4,91.0,1.0,0.0,18.3,113
2024-07-01T09:00+00:00,4115,1.8,991.0,83.0,1.5,0.0,20.5,269
2024-07-01T10:00+00:00,4115,2.7,990.8,69.0,0.0,0.4,23.3,649
2024-07-01T11:00+00:00,4115,2.6,990.3,65.0,0.0,0.6,24.0,647
2024-07-01T12:00+00:00,4115,2.4,990.1,63.0,0.0,0.2,24.0,476
2024-07-01T13:00+00:00,4115,2.5,989.6,62.0,0.0,0.1,24.5,470
2024-07-01T14:00+00:00,4115,2.2,989.3,62.0,0.0,0.4,24.0,452
2024-07-01T15:00+00:00,4115,2.2,988.9,58.0,0.0,0.1,24.0,362
2024-07-01T16:00+00:00,4115,2.5,988.2,58.0,0.0,0.1,24.0,313
2024-07-01T17:00+00:00,4115,2.3,987.9,61.0,0.0,0.0,22.9,151
2024-07-01T18:00+00:00,4115,2.5,987.7,62.0,0.0,0.0,22.2,61
2024-07-01T19:00+00:00,4115,2.9,987.9,63.0,0.0,0.0,21.6,11
2024-07-01T20:00+00:00,4115,3.2,988.6,65.0,0.0,0.0,21.2,0
2024-07-01T21:00+00:00,4115,3.1,988.7,65.0,0.0,0.0,20.9,0
2024-07-01T22:00+00:00,4115,2.8,989.1,67.0,0.0,0.0,20.4,0
2024-07-01T23:00+00:00,4115,2.9,989.0,66.0,0.0,0.0,19.7,0
2024-07-02T00:00+00:00,4115,2.4,989.2,67.0,0.0,0.0,18.9,0
2024-07-02T01:00+00:00,4115,2.8,989.5,69.0,0.0,0.0,18.3,0
2024-07-02T02:00+00:00,4115,2.2,989.7,76.0,0.0,0.0,17.3,0
2024-07-02T03:00+00:00,4115,3.0,990.0,75.0,0.0,0.0,17.5,0
2024-07-02T04:00+00:00,4115,2.9,990.1,78.0,0.0,0.2,16.5,22
2024-07-02T05:00+00:00,4115,3.4,990.5,73.0,0.0,0.9,17.3,167
2024-07-02T06:00+00:00,4115,3.8,990.5,67.0,0.0,1.0,18.0,344
2024-07-02T07:00+00:00,4115,4.1,990.7,62.0,0.0,1.0,18.4,431
2024-07-02T08:00+00:00,4115,4.2,990.8,57.0,0.0,0.7,19.3,497
2024-07-02T09:00+00:00,4115,4.6,990.1,52.0,0.0,0.9,21.2,772
2024-07-02T10:00+00:00,4115,4.7,990.1,51.0,0.0,0.7,20.9,775
2024-07-02T11:00+00:00,4115,4.5,989.7,49.0,0.0,0.5,21.9,701
2024-07-02T12:00+00:00,4115,4.5,989.3,44.0,0.0,0.4,21.7,582
2024-07-02T13:00+00:00,4115,4.4,988.7,43.0,0.0,0.4,22.1,547
2024-07-02T14:00+00:00,4115,4.4,988.6,39.0,0.0,0.6,22.7,585
2024-07-02T15:00+00:00,4115,3.4,988.4,43.0,0.0,0.3,21.9,388
2024-07-02T16:00+00:00,4115,3.0,988.2,48.0,0.0,0.0,20.8,223
2024-07-02T17:00+00:00,4115,2.2,988.5,50.0,0.0,0.0,20.4,106
2024-07-02T18:00+00:00,4115,2.9,988.9,50.0,0.0,0.0,19.6,26
2024-07-02T19:00+00:00,4115,1.8,989.1,50.0,0.0,0.0,19.1,9
2024-07-02T20:00+00:00,4115,1.5,989.3,55.0,0.0,0.0,18.5,0
2024-07-02T21:00+00:00,4115,1.9,989.6,55.0,0.0,0.0,17.9,0
2024-07-02T22:00+00:00,4115,1.6,989.3,61.0,0.0,0.0,16.8,0
2024-07-02T23:00+00:00,4115,1.5,989.2,60.0,0.0,0.0,17.4,0
2024-07-03T00:00+00:00,4115,1.4,988.9,64.0,0.0,0.0,17.3,0
2024-07-03T01:00+00:00,4115,1.7,988.4,66.0,0.0,0.0,17.3,0
2024-07-03T02:00+00:00,4115,1.7,988.0,67.0,0.0,0.0,16.2,0
2024-07-03T03:00+00:00,4115,1.5,988.0,77.0,0.0,0.0,15.7,0
2024-07-03T04:00+00:00,4115,1.5,988.2,69.0,0.0,0.0,16.6,19
2024-07-03T05:00+00:00,4115,2.0,988.2,72.0,0.0,0.0,17.0,70
2024-07-03T06:00+00:00,4115,2.1,988.5,69.0,0.0,0.0,17.6,182
2024-07-03T07:00+00:00,4115,2.6,988.6,70.0,0.0,0.2,17.8,303
2024-07-03T08:00+00:00,4115,2.6,988.6,70.0,0.0,0.0,17.7,184
2024-07-03T09:00+00:00,4115,2.9,988.2,69.0,0.0,0.0,18.1,263
2024-07-03T10:00+00:00,4115,2.9,988.1,70.0,0.0,0.0,18.4,314
2024-07-03T11:00+00:00,4115,2.6,987.5,64.0,0.0,0.3,19.8,530
2024-07-03T12:00+00:00,4115,1.7,986.8,62.0,0.0,0.4,20.5,609
2024-07-03T13:00+00:00,4115,1.0,986.2,57.0,0.0,0.5,22.0,517
2024-07-03T14:00+00:00,4115,1.3,985.6,50.0,0.0,0.8,22.7,618
2024-07-03T15:00+00:00,4115,1.6,985.5,59.0,0.0,0.4,21.1,451
2024-07-03T16:00+00:00,4115,1.6,985.5,84.0,1.3,0.0,17.7,45
2024-07-03T17:00+00:00,4115,2.4,985.6,76.0,0.2,0.1,18.7,130
2024-07-03T18:00+00:00,4115,3.4,986.2,87.0,0.0,0.0,16.8,43
2024-07-03T19:00+00:00,4115,1.1,986.0,89.0,0.0,0.0,15.9,11
2024-07-03T20:00+00:00,4115,0.8,986.5,91.0,0.0,0.0,15.1,0
2024-07-03T21:00+00:00,4115,0.8,987.0,91.0,0.0,0.0,15.2,0
2024-07-03T22:00+00:00,4115,0.5,986.9,94.0,0.0,0.0,14.6,0
2024-07-03T23:00+00:00,4115,1.0,987.0,91.0,0.0,0.0,15.0,0
2024-07-04T00:00+00:00,4115,1.7,987.0,90.0,0.0,0.0,15.4,0
2024-07-04T01:00+00:00,4115,3.2,987.1,87.0,0.0,0.0,15.5,0
2024-07-04T02:00+00:00,4115,3.8,987.3,86.0,0.0,0.0,15.4,0
2024-07-04T03:00+00:00,4115,3.7,988.0,82.0,0.0,0.0,15.4,1
2024-07-04T04:00+00:00,4115,4.2,988.6,78.0,0.0,0.0,15.2,27
2024-07-04T05:00+00:00,4115,4.1,989.1,74.0,0.0,0.2,15.5,133
2024-07-04T06:00+00:00,4115,3.5,989.6,69.0,0.0,0.2,16.3,248
2024-07-04T07:00+00:00,4115,3.5,989.9,65.0,0.0,1.0,17.2,583
2024-07-04T08:00+00:00,4115,3.4,990.3,67.0,0.0,0.3,17.0,468
2024-07-04T09:00+00:00,4115,3.2,990.1,59.0,0.0,0.4,18.7,561
2024-07-04T10:00+00:00,4115,3.4,989.9,58.0,0.0,0.8,20.3,794
2024-07-04T11:00+00:00,4115,2.4,989.2,53.0,0.0,0.8,21.1,788
2024-07-04T12:00+00:00,4115,3.6,989.1,47.0,0.0,0.9,22.6,792
2024-07-04T13:00+00:00,4115,3.8,989.1,46.0,0.0,0.8,23.2,736
2024-07-04T14:00+00:00,4115,3.4,988.7,40.0,0.0,1.0,24.4,742
2024-07-04T15:00+00:00,4115,3.3,988.5,42.0,0.0,0.9,23.8,528
2024-07-04T16:00+00:00,4115,2.4,988.1,42.0,0.0,0.7,24.7,394
2024-07-04T17:00+00:00,4115,2.0,988.4,41.0,0.0,0.9,23.9,284
2024-07-04T18:00+00:00,4115,1.9,988.6,43.0,0.0,0.7,22.2,116
2024-07-04T19:00+00:00,4115,0.9,989.0,60.0,0.0,0.0,18.9,18
2024-07-04T20:00+00:00,4115,0.3,989.1,71.0,0.0,0.0,17.9,0
2024-07-04T21:00+00:00,4115,1.0,989.6,72.0,0.0,0.0,17.7,0
2024-07-04T22:00+00:00,4115,1.3,990.1,55.0,0.0,0.0,19.1,0
2024-07-04T23:00+00:00,4115,1.7,990.1,61.0,0.0,0.0,19.0,0
2024-07-05T00:00+00:00,4115,3.3,990.8,62.0,0.0,0.0,19.2,0
2024-07-05T01:00+00:00,4115,3.7,991.1,68.0,0.0,0.0,18.4,0
2024-07-05T02:00+00:00,4115,3.8,991.5,67.0,0.0,0.0,18.1,0
2024-07-05T03:00+00:00,4115,3.9,992.2,69.0,0.0,0.0,17.7,0
2024-07-05T04:00+00:00,4115,3.7,992.9,70.0,0.0,0.6,17.4,42
2024-07-05T05:00+00:00,4115,3.6,993.3,67.0,0.0,1.0,18.4,183
2024-07-05T06:00+00:00,4115,3.6,993.7,64.0,0.0,1.0,19.4,354
2024-07-05T07:00+00:00,4115,3.5,993.8,58.0,0.0,1.0,21.3,515
2024-07-05T08:00+00:00,4115,3.5,993.8,54.0,0.0,1.0,22.6,674
2024-07-05T09:00+00:00,4115,3.5,993.7,46.0,0.0,1.0,23.4,773
2024-07-05T10:00+00:00,4115,4.0,993.3,46.0,0.0,1.0,23.8,851
2024-07-05T11:00+00:00,4115,3.9,993.3,47.0,0.0,0.9,23.8,778
2024-07-05T12:00+00:00,4115,3.6,992.6,46.0,0.0,1.0,25.6,836
2024-07-05T13:00+00:00,4115,3.0,992.2,47.0,0.0,1.0,26.6,804
2024-07-05T14:00+00:00,4115,2.2,991.6,45.0,0.0,0.8,27.6,645
2024-07-05T15:00+00:00,4115,0.6,991.3,40.0,0.0,0.9,28.5,599
2024-07-05T16:00+00:00,4115,1.3,990.8,44.0,0.0,0.5,27.1,279
2024-07-05T17:00+00:00,4115,1.5,990.5,46.0,0.0,1.0,26.8,251
2024-07-05T18:00+00:00,4115,1.8,990.5,52.0,0.0,1.0,25.6,127
2024-07-05T19:00+00:00,4115,2.1,990.7,64.0,0.0,0.0,21.5,16
2024-07-05T20:00+00:00,4115,1.1,990.8,67.0,0.0,0.0,20.5,0
2024-07-05T21:00+00:00,4115,0.1,990.7,71.0,0.0,0.0,19.9,0
2024-07-05T22:00+00:00,4115,0.9,990.8,73.0,0.0,0.0,19.3,0
2024-07-05T23:00+00:00,4115,0.7,990.7,81.0,0.0,0.0,18.4,0
2024-07-06T00:00+00:00,4115,0.2,990.3,82.0,0.0,0.0,17.7,0
2024-07-06T01:00+00:00,4115,0.6,990.1,88.0,0.0,0.0,16.2,0
2024-07-06T02:00+00:00,4115,1.4,989.6,87.0,0.0,0.0,16.9,0
2024-07-06T03:00+00:00,4115,2.0,989.2,87.0,0.0,0.0,17.3,1
2024-07-06T04:00+00:00,4115,1.8,989.0,84.0,0.0,0.6,18.4,54
2024-07-06T05:00+00:00,4115,1.3,988.9,82.0,0.0,0.4,19.1,120
2024-07-06T06:00+00:00,4115,2.2,988.6,72.0,0.0,0.9,21.2,281
2024-07-06T07:00+00:00,4115,2.4,988.5,65.0,0.0,0.6,22.7,349
2024-07-06T08:00+00:00,4115,3.7,988.2,62.0,0.0,0.8,24.0,453
2024-07-06T09:00+00:00,4115,2.9,987.6,59.0,0.0,0.2,24.2,336
2024-07-06T10:00+00:00,4115,4.5,986.8,47.0,0.0,0.2,26.5,388
2024-07-06T11:00+00:00,4115,5.5,986.4,39.0,0.0,0.3,28.7,442
2024-07-06T12:00+00:00,4115,5.8,985.7,39.0,0.0,1.0,30.5,860
2024-07-06T13:00+00:00,4115,5.8,985.3,38.0,0.0,1.0,31.2,808
2024-07-06T14:00+00:00,4115,5.8,984.7,36.0,0.0,1.0,31.3,725
2024-07-06T15:00+00:00,4115,5.2,984.0,38.0,0.0,0.6,31.4,427
2024-07-06T16:00+00:00,4115,5.5,983.6,40.0,0.0,1.0,30.6,389
2024-07-06T17:00+00:00,4115,5.2,983.5,40.0,0.0,1.0,29.8,220
2024-07-06T18:00+00:00,4115,4.7,983.2,45.0,0.0,0.2,28.5,93
2024-07-06T19:00+00:00,4115,4.4,983.4,50.0,0.0,0.0,27.1,19
2024-07-06T20:00+00:00,4115,3.7,984.2,54.0,0.0,0.0,26.1,0
2024-07-06T21:00+00:00,4115,3.0,985.3,56.0,0.0,0.0,25.2,0
2024-07-06T22:00+00:00,4115,4.5,986.7,70.0,0.0,0.0,21.7,0
2024-07-06T23:00+00:00,4115,4.8,987.7,74.0,0.0,0.0,20.8,0
2024-07-07T00:00+00:00,4115,3.4,988.6,78.0,0.0,0.0,20.1,0
2024-07-07T01:00+00:00,4115,2.9,988.9,77.0,0.0,0.0,20.0,0
2024-07-07T02:00+00:00,4115,2.5,990.0,76.0,0.0,0.0,19.7,0
2024-07-07T03:00+00:00,4115,1.9,990.4,76.0,0.0,0.0,20.2,0
2024-07-07T04:00+00:00,4115,1.9,991.3,76.0,0.0,0.0,20.2,14
2024-07-07T05:00+00:00,4115,1.7,991.4,76.0,0.0,0.0,20.2,17
2024-07-07T06:00+00:00,4115,2.2,991.8,75.0,0.0,0.0,20.6,74
2024-07-07T07:00+00:00,4115,2.6,992.3,77.0,0.0,0.0,20.4,91
2024-07-07T08:00+00:00,4115,2.9,993.1,80.0,0.0,0.0,20.0,121
2024-07-07T09:00+00:00,4115,2.5,993.1,81.0,0.0,0.0,19.9,153
2024-07-07T10:00+00:00,4115,1.7,993.3,76.0,0.0,0.0,21.2,219
2024-07-07T11:00+00:00,4115,1.6,992.9,68.0,0.0,0.1,22.9,461
2024-07-07T12:00+00:00,4115,1.1,992.7,60.0,0.0,0.2,23.8,555
2024-07-07T13:00+00:00,4115,1.2,992.6,59.0,0.0,0.3,25.0,556
2024-07-07T14:00+00:00,4115,1.1,992.4,59.0,0.0,0.3,25.5,466
2024-07-07T15:00+00:00,4115,1.1,992.0,56.0,0.0,0.8,25.8,496
2024-07-07T16:00+00:00,4115,1.0,992.0,64.0,0.0,0.0,24.5,131
2024-07-07T17:00+00:00,4115,1.6,991.6,87.0,0.9,0.0,21.3,31
2024-07-07T18:00+00:00,4115,1.1,992.7,88.0,0.0,0.0,21.5,79
2024-07-07T19:00+00:00,4115,1.3,992.9,88.0,0.5,0.0,19.8,5
2024-07-07T20:00+00:00,4115,0.6,993.3,90.0,0.0,0.0,19.0,0
2024-07-07T21:00+00:00,4115,0.2,993.5,93.0,0.0,0.0,18.6,0
2024-07-07T22:00+00:00,4115,0.5,993.4,90.0,0.0,0.0,18.3,0
2024-07-07T23:00+00:00,4115,1.3,993.7,91.0,0.0,0.0,18.3,0
2024-07-08T00:00+00:00,4115,1.3,994.0,91.0,0.0,0.0,18.3,0
2024-07-08T01:00+00:00,4115,1.2,994.0,92.0,0.0,0.0,18.0,0
2024-07-08T02:00+00:00,4115,1.1,993.8,92.0,0.0,0.0,18.1,0
2024-07-08T03:00+00:00,4115,1.3,994.4,91.0,0.0,0.0,18.1,0
2024-07-08T04:00+00:00,4115,1.0,994.7,90.0,0.0,0.0,18.4,20
2024-07-08T05:00+00:00,4115,1.4,994.9,88.0,0.0,0.0,19.0,64
2024-07-08T06:00+00:00,4115,1.4,995.5,85.0,0.0,0.0,19.9,153
2024-07-08T07:00+00:00,4115,1.3,995.9,82.0,0.0,0.0,20.6,211
2024-07-08T08:00+00:00,4115,1.7,996.0,81.0,0.0,0.0,21.0,205
2024-07-08T09:00+00:00,4115,1.6,996.0,76.0,0.0,0.1,22.4,420
2024-07-08T10:00+00:00,4115,2.2,996.2,72.0,0.0,0.3,24.8,569
2024-07-08T11:00+00:00,4115,1.9,996.0,64.0,0.0,0.4,25.5,665
2024-07-08T12:00+00:00,4115,1.5,995.9,62.0,0.0,0.2,25.6,460
2024-07-08T13:00+00:00,4115,1.9,995.5,62.0,0.0,0.5,25.7,567
2024-07-08T14:00+00:00,4115,2.0,995.3,57.0,0.0,0.9,27.6,651
2024-07-08T15:00+00:00,4115,1.7,994.9,56.0,0.0,0.9,27.8,525
2024-07-08T16:00+00:00,4115,2.3,994.6,57.0,0.0,0.5,27.5,323
2024-07-08T17:00+00:00,4115,1.8,994.8,56.0,0.0,1.0,27.0,235
2024-07-08T18:00+00:00,4115,1.4,995.2,67.0,0.0,0.0,25.4,61
2024-07-08T19:00+00:00,4115,1.5,995.6,68.0,0.0,0.0,24.4,10
2024-07-08T20:00+00:00,4115,1.8,996.2,69.0,0.0,0.0,24.0,0
2024-07-08T21:00+00:00,4115,1.9,996.2,73.0,0.0,0.0,23.0,0
2024-07-08T22:00+00:00,4115,2.0,996.2,83.0,0.0,0.0,20.9,0
2024-07-08T23:00+00:00,4115,1.4,996.6,83.0,0.0,0.0,20.6,0
2024-07-09T00:00+00:00,4115,0.5,996.4,87.0,0.0,0.0,20.1,0
2024-07-09T01:00+00:00,4115,0.3,996.5,85.0,0.0,0.0,20.6,0
2024-07-09T02:00+00:00,4115,0.3,996.3,92.0,0.0,0.0,19.2,0
2024-07-09T03:00+00:00,4115,1.2,996.5,90.0,0.0,0.0,19.5,0
2024-07-09T04:00+00:00,4115,0.6,996.6,90.0,0.0,0.0,19.8,29
2024-07-09T05:00+00:00,4115,0.5,996.8,80.0,0.0,0.9,22.2,135
2024-07-09T06:00+00:00,4115,2.1,996.9,77.0,0.0,1.0,23.2,271
2024-07-09T07:00+00:00,4115,1.1,996.8,69.0,0.0,1.0,25.6,422
2024-07-09T08:00+00:00,4115,1.3,996.6,62.0,0.0,1.0,27.1,601
2024-07-09T09:00+00:00,4115,1.3,996.6,57.0,0.0,1.0,28.7,717
2024-07-09T10:00+00:00,4115,1.5,996.2,53.0,0.0,1.0,30.3,790
2024-07-09T11:00+00:00,4115,1.8,995.9,54.0,0.0,1.0,31.6,824
2024-07-09T12:00+00:00,4115,2.1,995.4,52.0,0.0,0.9,31.1,736
2024-07-09T13:00+00:00,4115,1.7,995.1,50.0,0.0,0.1,31.5,402
2024-07-09T14:00+00:00,4115,2.1,994.7,48.0,0.0,0.3,32.4,444
2024-07-09T15:00+00:00,4115,2.5,994.3,48.0,0.0,0.8,32.4,594
2024-07-09T16:00+00:00,4115,2.4,994.1,49.0,0.0,0.2,31.6,304
2024-07-09T17:00+00:00,4115,2.3,993.8,51.0,0.0,0.0,31.3,145
2024-07-09T18:00+00:00,4115,1.9,993.8,54.0,0.0,0.0,30.4,105
2024-07-09T19:00+00:00,4115,1.7,993.8,60.0,0.0,0.0,28.5,34
2024-07-09T20:00+00:00,4115,1.3,994.2,69.0,0.0,0.0,26.6,0
2024-07-09T21:00+00:00,4115,1.7,994.3,77.0,0.0,0.0,24.8,0
2024-07-09T22:00+00:00,4115,1.3,994.2,83.0,0.0,0.0,23.3,0
2024-07-09T23:00+00:00,4115,1.7,994.2,85.0,0.0,0.0,22.6,0
2024-07-10T00:00+00:00,4115,1.5,994.4,89.0,0.0,0.0,21.6,0
2024-07-10T01:00+00:00,4115,1.3,994.1,90.0,0.0,0.0,21.3,0
2024-07-10T02:00+00:00,4115,2.0,994.2,89.0,0.0,0.0,21.5,0
2024-07-10T03:00+00:00,4115,2.2,994.2,89.0,0.0,0.0,21.5,0
2024-07-10T04:00+00:00,4115,1.9,994.3,88.0,0.0,0.1,21.8,23
2024-07-10T05:00+00:00,4115,1.2,994.2,78.0,0.0,1.0,24.6,135
2024-07-10T06:00+00:00,4115,1.2,994.2,68.0,0.0,1.0,27.0,300
2024-07-10T07:00+00:00,4115,2.0,994.4,62.0,0.0,1.0,29.1,462
2024-07-10T08:00+00:00,4115,2.6,994.2,53.0,0.0,1.0,30.7,607
2024-07-10T09:00+00:00,4115,3.2,993.7,49.0,0.0,1.0,32.3,720
2024-07-10T10:00+00:00,4115,2.8,993.8,47.0,0.0,1.0,33.1,801
2024-07-10T11:00+00:00,4115,2.9,993.2,43.0,0.0,1.0,34.4,838
2024-07-10T12:00+00:00,4115,2.8,993.5,46.0,0.0,0.3,31.4,327
2024-07-10T13:00+00:00,4115,1.8,992.5,48.0,0.0,0.0,30.7,92
2024-07-10T14:00+00:00,4115,1.9,992.1,38.0,0.0,0.5,33.9,411
2024-07-10T15:00+00:00,4115,3.3,991.2,36.0,0.0,1.0,35.0,569
2024-07-10T16:00+00:00,4115,3.0,991.0,37.0,0.0,1.0,34.6,415
2024-07-10T17:00+00:00,4115,3.0,990.8,41.0,0.0,0.9,33.0,237
2024-07-10T18:00+00:00,4115,2.2,991.1,47.0,0.0,0.0,31.0,24
2024-07-10T19:00+00:00,4115,1.8,990.8,54.0,0.0,0.0,29.1,8
2024-07-10T20:00+00:00,4115,2.2,992.2,50.0,0.0,0.0,29.4,0
2024-07-10T21:00+00:00,4115,4.5,993.8,60.0,0.0,0.0,25.9,0
2024-07-10T22:00+00:00,4115,3.1,994.3,66.0,0.0,0.0,24.3,0
2024-07-10T23:00+00:00,4115,3.0,994.2,68.0,0.0,0.0,23.1,0
2024-07-11T00:00+00:00,4115,4.7,994.9,75.0,0.0,0.0,22.4,0
2024-07-11T01:00+00:00,4115,5.0,994.2,88.0,1.5,0.0,21.0,0
2024-07-11T02:00+00:00,4115,4.0,993.3,85.0,1.4,0.0,21.2,0
2024-07-11T03:00+00:00,4115,3.1,993.8,85.0,0.1,0.0,21.2,0
2024-07-11T04:00+00:00,4115,1.3,994.4,91.0,0.0,0.0,20.6,16
2024-07-11T05:00+00:00,4115,1.5,994.8,88.0,0.0,0.2,21.9,117
2024-07-11T06:00+00:00,4115,1.2,994.9,77.0,0.0,0.9,23.7,311
2024-07-11T07:00+00:00,4115,1.4,995.2,76.0,0.0,0.8,24.6,453
2024-07-11T08:00+00:00,4115,2.1,995.1,70.0,0.0,1.0,26.4,639
2024-07-11T09:00+00:00,4115,2.3,994.9,64.0,0.0,1.0,26.6,797
2024-07-11T10:00+00:00,4115,2.3,994.9,62.0,0.0,0.9,27.6,787
2024-07-11T11:00+00:00,4115,1.8,994.4,58.0,0.0,0.8,29.2,723
2024-07-11T12:00+00:00,4115,1.7,993.8,57.0,0.0,1.0,30.0,791
2024-07-11T13:00+00:00,4115,1.3,993.2,53.0,0.0,1.0,31.3,758
2024-07-11T14:00+00:00,4115,1.2,992.7,46.0,0.0,1.0,31.8,655
2024-07-11T15:00+00:00,4115,1.2,993.2,54.0,0.0,0.4,29.8,338
2024-07-11T16:00+00:00,4115,1.6,993.1,63.0,0.0,0.0,28.2,115
2024-07-11T17:00+00:00,4115,1.6,992.7,76.0,0.2,0.0,26.0,67
2024-07-11T18:00+00:00,4115,0.5,992.7,72.0,0.0,0.9,26.4,127
2024-07-11T19:00+00:00,4115,0.7,992.7,83.0,0.0,0.2,24.0,18
2024-07-11T20:00+00:00,4115,0.4,993.0,82.0,0.0,0.0,22.9,0
2024-07-11T21:00+00:00,4115,1.2,993.3,80.0,0.0,0.0,23.5,0
2024-07-11T22:00+00:00,4115,0.6,993.3,83.0,0.0,0.0,22.4,0
2024-07-11T23:00+00:00,4115,0.8,993.1,82.0,0.0,0.0,22.5,0
2024-07-12T00:00+00:00,4115,0.6,992.9,85.0,0.0,0.0,22.7,0
2024-07-12T01:00+00:00,4115,0.9,992.2,79.0,0.0,0.0,23.5,0
2024-07-12T02:00+00:00,4115,0.5,992.2,89.0,0.0,0.0,21.9,0
2024-07-12T03:00+00:00,4115,0.6,992.0,88.0,0.0,0.0,21.9,0
2024-07-12T04:00+00:00,4115,1.0,992.3,90.0,0.0,0.0,21.9,5
2024-07-12T05:00+00:00,4115,0.5,992.2,92.0,0.0,0.0,22.0,20
2024-07-12T06:00+00:00,4115,0.2,992.2,90.0,0.0,0.0,22.4,38
2024-07-12T07:00+00:00,4115,0.6,991.4,83.0,0.0,0.1,23.8,177
2024-07-12T08:00+00:00,4115,1.3,990.8,74.0,0.0,0.6,25.8,438
2024-07-12T09:00+00:00,4115,1.7,990.1,62.0,0.0,1.0,28.2,691
2024-07-12T10:00+00:00,4115,2.6,989.6,54.0,0.0,1.0,30.1,792
2024-07-12T11:00+00:00,4115,2.9,989.2,57.0,0.0,0.9,30.5,788
2024-07-12T12:00+00:00,4115,3.2,988.2,57.0,0.0,0.8,30.3,650
2024-07-12T13:00+00:00,4115,3.2,987.0,53.0,0.0,1.0,31.6,698
2024-07-12T14:00+00:00,4115,3.4,986.4,51.0,0.0,1.0,33.2,640
2024-07-12T15:00+00:00,4115,3.4,985.6,56.0,0.0,0.1,30.7,179
2024-07-12T16:00+00:00,4115,3.8,986.8,76.0,0.0,0.0,23.7,35
2024-07-12T17:00+00:00,4115,3.8,988.0,90.0,2.8,0.0,21.6,22
2024-07-12T18:00+00:00,4115,1.6,986.6,95.0,5.5,0.0,20.1,0
2024-07-12T19:00+00:00,4115,0.7,985.3,97.0,0.4,0.0,19.7,3
2024-07-12T20:00+00:00,4115,0.4,986.3,97.0,0.0,0.0,19.3,0
2024-07-12T21:00+00:00,4115,1.2,986.9,97.0,0.0,0.0,19.5,0
2024-07-12T22:00+00:00,4115,1.1,986.7,98.0,0.0,0.0,19.3,0
2024-07-12T23:00+00:00,4115,0.5,987.3,98.0,0.0,0.0,18.8,0
2024-07-13T00:00+00:00,4115,0.5,987.5,98.0,0.0,0.0,18.4,0
2024-07-13T01:00+00:00,4115,1.6,987.5,94.0,0.0,0.0,19.6,0
2024-07-13T02:00+00:00,4115,4.0,987.5,91.0,0.0,0.0,19.5,0
2024-07-13T03:00+00:00,4115,4.5,988.2,89.0,0.0,0.0,19.0,0
2024-07-13T04:00+00:00,4115,5.0,988.7,82.0,0.0,0.3,19.3,32
2024-07-13T05:00+00:00,4115,5.0,989.5,80.0,0.0,0.7,19.4,138
2024-07-13T06:00+00:00,4115,3.4,989.9,72.0,0.0,0.8,21.6,302
2024-07-13T07:00+00:00,4115,3.1,990.3,70.0,0.0,0.6,21.5,404
2024-07-13T08:00+00:00,4115,3.0,990.7,65.0,0.0,1.0,23.4,635
2024-07-13T09:00+00:00,4115,2.9,990.7,63.0,0.0,1.0,24.2,727
2024-07-13T10:00+00:00,4115,2.0,990.4,64.0,0.0,0.4,24.9,562
2024-07-13T11:00+00:00,4115,2.1,990.1,54.0,0.0,0.8,26.2,761
2024-07-13T12:00+00:00,4115,1.3,990.0,55.0,0.0,0.6,27.6,657
2024-07-13T13:00+00:00,4115,2.1,989.8,51.0,0.0,0.9,27.1,778
2024-07-13T14:00+00:00,4115,1.4,989.5,51.0,0.0,0.8,28.3,589
2024-07-13T15:00+00:00,4115,1.4,989.1,52.0,0.0,0.5,28.5,430
2024-07-13T16:00+00:00,4115,1.2,989.5,60.0,0.0,0.1,26.3,170
2024-07-13T17:00+00:00,4115,1.2,989.5,65.0,0.0,0.1,25.8,115
2024-07-13T18:00+00:00,4115,1.5,989.1,73.0,0.0,0.0,24.0,30
2024-07-13T19:00+00:00,4115,1.5,988.9,73.0,0.0,0.1,23.0,16
2024-07-13T20:00+00:00,4115,0.9,989.0,75.0,0.0,0.0,22.8,0
2024-07-13T21:00+00:00,4115,0.9,989.6,73.0,0.0,0.0,23.2,0
2024-07-13T22:00+00:00,4115,1.5,989.5,72.0,0.0,0.0,22.5,0
2024-07-13T23:00+00:00,4115,2.1,989.9,68.0,0.0,0.0,22.3,0
2024-07-14T00:00+00:00,4115,2.8,989.6,72.0,0.0,0.0,22.0,0
2024-07-14T01:00+00:00,4115,3.0,990.1,79.0,0.0,0.0,21.0,0
2024-07-14T02:00+00:00,4115,3.6,990.7,77.0,0.0,0.0,20.5,0
2024-07-14T03:00+00:00,4115,2.0,991.2,75.0,0.0,0.0,20.0,0
2024-07-14T04:00+00:00,4115,1.8,991.4,76.0,0.0,0.0,20.0,12
2024-07-14T05:00+00:00,4115,2.5,991.2,75.0,0.0,0.1,20.5,66
2024-07-14T06:00+00:00,4115,2.8,991.6,70.0,0.0,0.8,22.2,285
2024-07-14T07:00+00:00,4115,2.1,991.4,67.0,0.0,1.0,23.6,501
2024-07-14T08:00+00:00,4115,2.4,991.3,65.0,0.0,1.0,24.2,593
2024-07-14T09:00+00:00,4115,2.5,991.3,66.0,0.0,1.0,24.8,687
2024-07-14T10:00+00:00,4115,2.0,991.2,61.0,0.0,1.0,26.3,796
2024-07-14T11:00+00:00,4115,2.0,991.0,58.0,0.0,1.0,27.1,844
2024-07-14T12:00+00:00,4115,1.8,990.8,55.0,0.0,1.0,28.5,861
2024-07-14T13:00+00:00,4115,2.2,990.7,52.0,0.0,1.0,29.4,809
2024-07-14T14:00+00:00,4115,1.7,990.1,45.0,0.0,1.0,29.8,703
2024-07-14T15:00+00:00,4115,1.9,989.9,46.0,0.0,1.0,29.8,565
2024-07-14T16:00+00:00,4115,2.0,990.0,49.0,0.0,1.0,29.2,354
2024-07-14T17:00+00:00,4115,1.5,990.4,55.0,0.0,0.4,28.0,170
2024-07-14T18:00+00:00,4115,1.7,990.8,61.0,0.0,0.4,26.5,87
2024-07-14T19:00+00:00,4115,2.0,991.0,69.0,0.0,0.0,24.1,10
2024-07-14T20:00+00:00,4115,1.8,991.1,73.0,0.0,0.0,22.6,0
2024-07-14T21:00+00:00,4115,1.1,991.6,71.0,0.0,0.0,23.0,0
2024-07-14T22:00+00:00,4115,1.0,992.1,64.0,0.0,0.0,24.4,0
2024-07-14T23:00+00:00,4115,2.8,992.0,67.0,0.0,0.0,24.4,0
2024-07-15T00:00+00:00,4115,2.7,992.2,70.0,0.0,0.0,23.8,0
2024-07-15T01:00+00:00,4115,2.0,992.2,73.0,0.0,0.0,22.9,0
2024-07-15T02:00+00:00,4115,0.4,992.0,75.0,0.0,0.0,22.5,0
2024-07-15T03:00+00:00,4115,0.3,992.2,79.0,0.0,0.0,22.0,0
2024-07-15T04:00+00:00,4115,2.0,992.4,79.0,0.0,0.0,22.2,4
2024-07-15T05:00+00:00,4115,2.1,992.7,74.0,0.0,0.0,23.5,79
2024-07-15T06:00+00:00,4115,0.4,993.1,69.0,0.0,0.3,24.9,233
2024-07-15T07:00+00:00,4115,1.0,993.3,69.0,0.0,0.8,26.1,415
2024-07-15T08:00+00:00,4115,1.8,992.7,57.0,0.0,1.0,27.4,557
2024-07-15T09:00+00:00,4115,0.8,992.4,55.0,0.0,1.0,29.1,679
2024-07-15T10:00+00:00,4115,1.0,992.1,50.0,0.0,1.0,29.8,765
2024-07-15T11:00+00:00,4115,0.8,991.9,44.0,0.0,1.0,31.6,816
2024-07-15T12:00+00:00,4115,1.2,991.4,41.0,0.0,1.0,31.7,829
2024-07-15T13:00+00:00,4115,1.5,991.2,41.0,0.0,1.0,32.1,773
2024-07-15T14:00+00:00,4115,1.0,990.7,42.0,0.0,1.0,32.9,671
2024-07-15T15:00+00:00,4115,1.5,990.1,43.0,0.0,1.0,33.3,556
2024-07-15T16:00+00:00,4115,1.7,989.6,40.0,0.0,1.0,32.7,376
2024-07-15T17:00+00:00,4115,1.9,989.5,42.0,0.0,1.0,31.9,241
2024-07-15T18:00+00:00,4115,1.6,989.1,48.0,0.0,1.0,29.8,103
2024-07-15T19:00+00:00,4115,1.3,989.1,63.0,0.0,0.2,25.8,17
2024-07-15T20:00+00:00,4115,1.7,989.2,70.0,0.0,0.0,24.4,0
2024-07-15T21:00+00:00,4115,1.5,989.5,78.0,0.0,0.0,23.3,0
2024-07-15T22:00+00:00,4115,2.0,989.2,77.0,0.0,0.0,23.2,0
2024-07-15T23:00+00:00,4115,1.5,989.0,81.0,0.0,0.0,21.9,0
2024-07-16T00:00+00:00,4115,1.5,988.6,86.0,0.0,0.0,20.9,0
2024-07-16T01:00+00:00,4115,2.2,988.0,82.0,0.0,0.0,21.5,0
2024-07-16T02:00+00:00,4115,2.2,988.0,82.0,0.0,0.0,21.3,0
2024-07-16T03:00+00:00,4115,2.1,988.1,84.0,0.0,0.0,20.9,0
2024-07-16T04:00+00:00,4115,1.9,988.6,87.0,0.0,0.0,20.6,11
2024-07-16T05:00+00:00,4115,1.4,989.6,71.0,0.0,0.5,24.1,84
2024-07-16T06:00+00:00,4115,4.6,989.6,67.0,0.0,1.0,24.5,297
2024-07-16T07:00+00:00,4115,4.7,989.9,63.0,0.0,1.0,25.7,465
2024-07-16T08:00+00:00,4115,4.5,990.4,59.0,0.0,1.0,26.8,607
2024-07-16T09:00+00:00,4115,5.1,990.5,57.0,0.0,1.0,27.6,729
2024-07-16T10:00+00:00,4115,5.0,990.8,52.0,0.0,1.0,28.8,803
2024-07-16T11:00+00:00,4115,4.8,990.9,51.0,0.0,1.0,29.5,843
2024-07-16T12:00+00:00,4115,3.9,990.8,48.0,0.0,1.0,30.1,828
2024-07-16T13:00+00:00,4115,3.6,990.7,47.0,0.0,1.0,30.9,783
2024-07-16T14:00+00:00,4115,3.5,990.9,44.0,0.0,1.0,31.2,688
2024-07-16T15:00+00:00,4115,2.9,990.3,42.0,0.0,1.0,31.6,563
2024-07-16T16:00+00:00,4115,2.2,990.1,41.0,0.0,1.0,31.1,452
2024-07-16T17:00+00:00,4115,1.6,990.3,41.0,0.0,0.7,31.2,244
2024-07-16T18:00+00:00,4115,1.1,991.0,50.0,0.0,0.1,28.8,80
2024-07-16T19:00+00:00,4115,1.5,991.4,53.0,0.0,0.0,27.8,8
2024-07-16T20:00+00:00,4115,2.4,992.2,56.0,0.0,0.0,27.2,0
2024-07-16T21:00+00:00,4115,2.5,993.1,59.0,0.0,0.0,26.0,0
2024-07-16T22:00+00:00,4115,2.9,993.7,70.0,0.0,0.0,24.3,0
2024-07-16T23:00+00:00,4115,2.6,993.8,71.0,0.0,0.0,24.0,0
2024-07-17T00:00+00:00,4115,2.6,995.1,79.0,0.0,0.0,22.6,0
2024-07-17T01:00+00:00,4115,2.7,994.9,85.0,0.0,0.0,21.7,0
2024-07-17T02:00+00:00,4115,2.0,995.1,86.0,0.0,0.0,21.2,0
2024-07-17T03:00+00:00,4115,1.9,995.7,89.0,0.0,0.0,20.8,0
2024-07-17T04:00+00:00,4115,2.3,995.8,84.0,0.0,0.0,20.9,7
2024-07-17T05:00+00:00,4115,2.8,996.2,74.0,0.0,0.2,21.8,73
2024-07-17T06:00+00:00,4115,1.8,996.8,76.0,0.0,0.1,22.5,141
2024-07-17T07:00+00:00,4115,2.2,997.1,69.0,0.0,1.0,24.5,483
2024-07-17T08:00+00:00,4115,2.5,997.1,69.0,0.0,1.0,24.8,578
2024-07-17T09:00+00:00,4115,2.7,997.0,55.0,0.0,1.0,26.7,727
2024-07-17T10:00+00:00,4115,3.9,997.1,49.0,0.0,1.0,27.5,818
2024-07-17T11:00+00:00,4115,4.2,997.4,47.0,0.0,1.0,27.0,802
2024-07-17T12:00+00:00,4115,4.7,997.3,49.0,0.0,0.4,25.4,516
2024-07-17T13:00+00:00,4115,4.5,997.1,50.0,0.0,0.7,25.9,588
2024-07-17T14:00+00:00,4115,4.7,997.1,48.0,0.0,0.8,26.7,607
2024-07-17T15:00+00:00,4115,4.2,996.9,50.0,0.0,0.6,26.7,443
2024-07-17T16:00+00:00,4115,3.6,996.8,48.0,0.0,0.5,26.8,330
2024-07-17T17:00+00:00,4115,4.2,997.1,49.0,0.0,1.0,26.1,283
2024-07-17T18:00+00:00,4115,3.2,997.8,50.0,0.0,0.7,24.8,123
2024-07-17T19:00+00:00,4115,2.6,998.2,56.0,0.0,0.0,22.9,12
2024-07-17T20:00+00:00,4115,3.4,998.1,57.0,0.0,0.0,22.6,0
2024-07-17T21:00+00:00,4115,2.8,998.8,62.0,0.0,0.0,21.1,0
2024-07-17T22:00+00:00,4115,2.6,999.2,67.0,0.0,0.0,20.4,0
2024-07-17T23:00+00:00,4115,2.2,999.6,71.0,0.0,0.0,19.9,0
2024-07-18T00:00+00:00,4115,1.8,999.3,75.0,0.0,0.0,19.2,0
2024-07-18T01:00+00:00,4115,2.4,999.3,73.0,0.0,0.0,19.9,0
2024-07-18T02:00+00:00,4115,2.9,999.2,74.0,0.0,0.0,20.0,0
2024-07-18T03:00+00:00,4115,2.8,999.3,82.0,0.0,0.0,18.8,0
2024-07-18T04:00+00:00,4115,2.2,999.6,77.0,0.0,0.0,19.3,13
2024-07-18T05:00+00:00,4115,1.5,999.9,74.0,0.0,0.5,20.4,99
2024-07-18T06:00+00:00,4115,2.8,999.9,71.0,0.0,0.8,21.3,247
2024-07-18T07:00+00:00,4115,2.6,999.9,66.0,0.0,0.7,23.0,410
2024-07-18T08:00+00:00,4115,2.4,999.8,55.0,0.0,1.0,25.1,605
2024-07-18T09:00+00:00,4115,2.3,999.9,47.0,0.0,1.0,26.8,726
2024-07-18T10:00+00:00,4115,2.3,999.3,42.0,0.0,1.0,27.8,803
2024-07-18T11:00+00:00,4115,2.0,999.0,41.0,0.0,1.0,29.2,840
2024-07-18T12:00+00:00,4115,2.1,998.4,39.0,0.0,1.0,29.8,820
2024-07-18T13:00+00:00,4115,2.4,998.0,37.0,0.0,1.0,30.0,702
2024-07-18T14:00+00:00,4115,2.4,997.7,36.0,0.0,0.6,30.7,607
2024-07-18T15:00+00:00,4115,2.9,997.4,37.0,0.0,0.7,30.0,518
2024-07-18T16:00+00:00,4115,2.4,997.1,39.0,0.0,0.5,28.8,293
2024-07-18T17:00+00:00,4115,2.8,997.0,40.0,0.0,0.4,28.4,197
2024-07-18T18:00+00:00,4115,2.8,997.3,46.0,0.0,0.1,26.5,60
2024-07-18T19:00+00:00,4115,2.4,997.9,58.0,0.0,0.0,23.6,10
2024-07-18T20:00+00:00,4115,2.9,998.2,61.0,0.0,0.0,22.7,0
2024-07-18T21:00+00:00,4115,3.3,998.1,58.0,0.0,0.0,23.1,0
2024-07-18T22:00+00:00,4115,1.6,998.1,67.0,0.0,0.0,21.1,0
2024-07-18T23:00+00:00,4115,0.4,998.0,73.0,0.0,0.0,19.7,0
2024-07-19T00:00+00:00,4115,0.5,998.2,77.0,0.0,0.0,18.8,0
2024-07-19T01:00+00:00,4115,1.0,997.9,77.0,0.0,0.0,18.6,0
2024-07-19T02:00+00:00,4115,1.2,998.0,74.0,0.0,0.0,19.3,0
2024-07-19T03:00+00:00,4115,0.6,998.2,78.0,0.0,0.0,18.3,0
2024-07-19T04:00+00:00,4115,0.8,998.2,77.0,0.0,0.0,18.5,11
2024-07-19T05:00+00:00,4115,0.7,998.1,70.0,0.0,0.4,21.3,105
2024-07-19T06:00+00:00,4115,0.8,998.5,63.0,0.0,1.0,23.0,291
2024-07-19T07:00+00:00,4115,1.6,998.5,62.0,0.0,0.9,23.7,450
2024-07-19T08:00+00:00,4115,2.1,997.9,57.0,0.0,1.0,25.6,612
2024-07-19T09:00+00:00,4115,2.3,997.6,46.0,0.0,1.0,27.9,726
2024-07-19T10:00+00:00,4115,3.2,997.1,39.0,0.0,1.0,29.1,788
2024-07-19T11:00+00:00,4115,2.0,996.6,39.0,0.0,1.0,30.0,836
2024-07-19T12:00+00:00,4115,2.1,996.0,38.0,0.0,1.0,30.6,803
2024-07-19T13:00+00:00,4115,1.8,995.4,39.0,0.0,0.9,30.2,669
2024-07-19T14:00+00:00,4115,2.3,994.5,40.0,0.0,0.6,29.9,513
2024-07-19T15:00+00:00,4115,3.1,993.8,37.0,0.0,0.9,30.3,539
2024-07-19T16:00+00:00,4115,3.6,993.5,39.0,0.0,0.7,30.1,335
2024-07-19T17:00+00:00,4115,3.6,993.3,40.0,0.0,0.3,28.7,159
2024-07-19T18:00+00:00,4115,3.1,993.4,42.0,0.0,0.2,27.3,79
2024-07-19T19:00+00:00,4115,2.5,993.6,49.0,0.0,0.0,25.2,18
2024-07-19T20:00+00:00,4115,2.8,993.6,52.0,0.0,0.0,23.7,0
2024-07-19T21:00+00:00,4115,2.8,993.7,49.0,0.0,0.0,24.7,0
2024-07-19T22:00+00:00,4115,2.6,993.6,57.0,0.0,0.0,22.9,0
2024-07-19T23:00+00:00,4115,2.6,993.1,59.0,0.0,0.0,22.4,0
2024-07-20T00:00+00:00,4115,2.8,992.3,57.0,0.0,0.0,22.6,0
2024-07-20T01:00+00:00,4115,2.9,991.8,57.0,0.0,0.0,22.2,0
2024-07-20T02:00+00:00,4115,1.1,991.9,68.0,0.0,0.0,20.6,0
2024-07-20T03:00+00:00,4115,0.5,991.6,72.0,0.0,0.0,19.8,0
2024-07-20T04:00+00:00,4115,0.7,991.6,72.0,0.0,0.0,19.5,9
2024-07-20T05:00+00:00,4115,0.8,991.4,68.0,0.0,0.0,20.5,49
2024-07-20T06:00+00:00,4115,1.0,991.2,68.0,0.0,0.0,21.4,94
2024-07-20T07:00+00:00,4115,1.1,991.1,65.0,0.0,0.0,22.1,162
2024-07-20T08:00+00:00,4115,0.9,990.9,59.0,0.0,0.1,23.3,264
2024-07-20T09:00+00:00,4115,1.5,990.7,58.0,0.0,0.4,24.0,395
2024-07-20T10:00+00:00,4115,1.8,990.4,58.0,0.0,0.0,24.7,282
2024-07-20T11:00+00:00,4115,1.5,990.1,57.0,0.0,0.0,25.2,305
2024-07-20T12:00+00:00,4115,1.2,990.0,57.0,0.0,0.0,25.1,214
2024-07-20T13:00+00:00,4115,1.1,989.6,60.0,0.0,0.0,24.8,184
2024-07-20T14:00+00:00,4115,0.8,989.2,61.0,0.0,0.0,24.9,143
2024-07-20T15:00+00:00,4115,0.7,989.0,57.0,0.0,0.0,25.1,147
2024-07-20T16:00+00:00,4115,1.1,988.6,59.0,0.0,0.0,25.3,159
2024-07-20T17:00+00:00,4115,1.0,988.5,59.0,0.0,0.0,25.1,132
2024-07-20T18:00+00:00,4115,0.9,988.4,67.0,0.0,0.0,24.1,39
2024-07-20T19:00+00:00,4115,1.9,988.1,63.0,0.0,0.0,23.3,12
2024-07-20T20:00+00:00,4115,0.5,988.4,73.0,0.0,0.0,22.1,0
2024-07-20T21:00+00:00,4115,0.6,988.0,77.0,0.0,0.0,21.5,0
2024-07-20T22:00+00:00,4115,0.7,988.0,74.0,0.0,0.0,21.4,0
2024-07-20T23:00+00:00,4115,1.1,987.8,71.0,0.0,0.0,22.1,0
2024-07-21T00:00+00:00,4115,1.1,987.6,77.0,0.0,0.0,20.8,0
2024-07-21T01:00+00:00,4115,0.2,987.6,85.0,0.0,0.0,19.0,0
2024-07-21T02:00+00:00,4115,1.2,987.4,82.0,0.0,0.0,19.8,0
2024-07-21T03:00+00:00,4115,0.6,987.3,87.0,0.0,0.0,18.5,0
2024-07-21T04:00+00:00,4115,0.6,987.5,88.0,0.0,0.0,18.3,12
2024-07-21T05:00+00:00,4115,1.2,987.6,78.0,0.0,0.5,20.7,99
2024-07-21T06:00+00:00,4115,0.8,987.8,70.0,0.0,1.0,22.6,283
2024-07-21T07:00+00:00,4115,1.4,987.7,64.0,0.0,1.0,24.0,455
2024-07-21T08:00+00:00,4115,1.1,987.7,55.0,0.0,1.0,25.8,612
2024-07-21T09:00+00:00,4115,1.5,987.6,47.0,0.0,1.0,27.6,737
2024-07-21T10:00+00:00,4115,2.3,987.5,39.0,0.0,1.0,28.6,829
2024-07-21T11:00+00:00,4115,1.7,987.3,40.0,0.0,1.0,29.6,879
2024-07-21T12:00+00:00,4115,0.8,987.0,36.0,0.0,0.8,29.4,773
2024-07-21T13:00+00:00,4115,1.7,986.9,34.0,0.0,1.0,30.2,805
2024-07-21T14:00+00:00,4115,1.7,986.6,30.0,0.0,1.0,31.3,699
2024-07-21T15:00+00:00,4115,0.7,986.4,30.0,0.0,1.0,31.1,556
2024-07-21T16:00+00:00,4115,0.7,986.0,32.0,0.0,1.0,31.4,403
2024-07-21T17:00+00:00,4115,0.4,986.0,33.0,0.0,1.0,30.5,241
2024-07-21T18:00+00:00,4115,0.8,986.2,56.0,0.0,1.0,27.0,96
2024-07-21T19:00+00:00,4115,1.0,986.7,60.0,0.0,0.2,22.2,12
2024-07-21T20:00+00:00,4115,0.6,987.1,66.0,0.0,0.0,20.1,0
2024-07-21T21:00+00:00,4115,1.4,987.5,66.0,0.0,0.0,20.0,0
2024-07-21T22:00+00:00,4115,0.8,987.9,72.0,0.0,0.0,18.6,0
2024-07-21T23:00+00:00,4115,0.3,988.2,77.0,0.0,0.0,17.6,0
2024-07-22T00:00+00:00,4115,0.6,988.4,78.0,0.0,0.0,17.4,0
2024-07-22T01:00+00:00,4115,1.0,988.4,66.0,0.0,0.0,20.9,0
2024-07-22T02:00+00:00,4115,2.3,988.1,62.0,0.0,0.0,22.8,0
2024-07-22T03:00+00:00,4115,3.2,988.6,62.0,0.0,0.0,23.0,0
2024-07-22T04:00+00:00,4115,3.9,988.8,62.0,0.0,0.0,22.7,13
2024-07-22T05:00+00:00,4115,4.2,989.3,63.0,0.0,0.7,23.0,114
2024-07-22T06:00+00:00,4115,4.7,990.0,64.0,0.0,0.7,23.5,233
2024-07-22T07:00+00:00,4115,5.1,990.1,60.0,0.0,0.9,25.4,404
2024-07-22T08:00+00:00,4115,4.4,990.3,59.0,0.0,0.8,26.0,503
2024-07-22T09:00+00:00,4115,3.6,991.1,62.0,0.0,0.3,25.6,382
2024-07-22T10:00+00:00,4115,4.6,991.3,61.0,0.0,0.5,26.1,586
2024-07-22T11:00+00:00,4115,3.9,991.6,64.0,0.0,0.3,25.5,540
2024-07-22T12:00+00:00,4115,4.6,991.6,64.0,0.0,0.0,25.9,424
2024-07-22T13:00+00:00,4115,4.3,991.4,63.0,0.0,0.2,26.8,458
2024-07-22T14:00+00:00,4115,3.6,991.6,59.0,0.0,0.1,26.7,362
2024-07-22T15:00+00:00,4115,3.4,991.6,59.0,0.0,0.2,27.4,331
2024-07-22T16:00+00:00,4115,3.5,991.6,60.0,0.0,0.5,25.9,277
2024-07-22T17:00+00:00,4115,3.4,991.8,60.0,0.0,0.0,25.6,115
2024-07-22T18:00+00:00,4115,3.8,992.7,64.0,0.0,0.0,24.4,69
2024-07-22T19:00+00:00,4115,3.7,993.7,68.0,0.0,0.0,23.6,7
2024-07-22T20:00+00:00,4115,2.4,994.8,73.0,0.0,0.0,22.8,0
2024-07-22T21:00+00:00,4115,2.4,994.9,72.0,0.0,0.0,23.0,0
2024-07-22T22:00+00:00,4115,2.9,994.9,72.0,0.0,0.0,22.9,0
2024-07-22T23:00+00:00,4115,2.6,995.1,78.0,0.0,0.0,22.3,0
2024-07-23T00:00+00:00,4115,2.6,995.1,78.0,0.0,0.0,22.2,0
2024-07-23T01:00+00:00,4115,2.9,994.9,78.0,0.0,0.0,22.0,0
2024-07-23T02:00+00:00,4115,3.0,994.8,77.0,0.0,0.0,21.8,0
2024-07-23T03:00+00:00,4115,2.6,995.3,75.0,0.0,0.0,21.7,0
2024-07-23T04:00+00:00,4115,2.0,995.8,77.0,0.0,0.0,21.9,3
2024-07-23T05:00+00:00,4115,2.5,996.3,85.0,0.2,0.0,21.2,15
2024-07-23T06:00+00:00,4115,1.9,996.6,89.0,0.2,0.0,20.8,36
2024-07-23T07:00+00:00,4115,1.7,996.8,80.0,0.0,0.0,21.6,159
2024-07-23T08:00+00:00,4115,1.6,996.6,67.0,0.0,0.8,24.6,519
2024-07-23T09:00+00:00,4115,2.2,996.2,56.0,0.0,1.0,26.2,737
2024-07-23T10:00+00:00,4115,1.4,995.9,52.0,0.0,0.6,26.6,562
2024-07-23T11:00+00:00,4115,1.5,995.5,49.0,0.0,0.7,27.5,660
2024-07-23T12:00+00:00,4115,1.7,994.9,47.0,0.0,0.7,28.7,705
2024-07-23T13:00+00:00,4115,1.6,994.4,46.0,0.0,0.6,28.7,649
2024-07-23T14:00+00:00,4115,2.9,994.4,52.0,0.0,0.1,26.0,303
2024-07-23T15:00+00:00,4115,2.7,993.8,52.0,0.0,0.2,26.8,295
2024-07-23T16:00+00:00,4115,2.3,993.3,52.0,0.0,0.2,27.2,248
2024-07-23T17:00+00:00,4115,3.1,993.5,54.0,0.0,0.7,26.3,223
2024-07-23T18:00+00:00,4115,3.1,993.6,59.0,0.0,0.1,25.0,81
2024-07-23T19:00+00:00,4115,2.5,993.8,62.0,0.0,0.0,24.0,12
2024-07-23T20:00+00:00,4115,2.6,994.0,64.0,0.0,0.0,23.2,0
2024-07-23T21:00+00:00,4115,3.0,993.8,65.0,0.0,0.0,22.7,0
2024-07-23T22:00+00:00,4115,2.9,993.8,68.0,0.0,0.0,22.4,0
2024-07-23T23:00+00:00,4115,2.1,993.8,72.0,0.0,0.0,21.4,0
2024-07-24T00:00+00:00,4115,1.4,993.3,80.0,0.0,0.0,19.1,0
2024-07-24T01:00+00:00,4115,1.7,993.0,75.0,0.0,0.0,20.4,0
2024-07-24T02:00+00:00,4115,1.7,992.7,73.0,0.0,0.0,20.9,0
2024-07-24T03:00+00:00,4115,2.7,992.9,71.0,0.0,0.0,21.2,0
2024-07-24T04:00+00:00,4115,3.3,993.1,76.0,0.0,0.0,20.5,9
2024-07-24T05:00+00:00,4115,3.3,993.3,77.0,0.0,0.0,20.5,56
2024-07-24T06:00+00:00,4115,3.4,993.4,73.0,0.0,0.3,21.7,165
2024-07-24T07:00+00:00,4115,3.5,993.7,67.0,0.0,1.0,23.2,476
2024-07-24T08:00+00:00,4115,2.8,993.5,66.0,0.0,0.7,23.8,514
2024-07-24T09:00+00:00,4115,3.1,993.1,56.0,0.0,0.8,25.4,696
2024-07-24T10:00+00:00,4115,4.4,992.7,48.0,0.0,1.0,26.4,863
2024-07-24T11:00+00:00,4115,2.8,993.2,79.0,6.0,0.1,21.2,334
2024-07-24T12:00+00:00,4115,3.1,992.9,52.0,0.0,0.8,24.7,766
2024-07-24T13:00+00:00,4115,3.5,992.9,60.0,0.0,0.4,23.3,501
2024-07-24T14:00+00:00,4115,3.6,992.2,53.0,0.0,0.6,24.8,559
2024-07-24T15:00+00:00,4115,3.7,992.2,60.0,0.0,0.2,24.3,256
2024-07-24T16:00+00:00,4115,2.7,991.9,57.0,0.0,0.9,25.3,387
2024-07-24T17:00+00:00,4115,2.0,992.0,56.0,0.0,0.4,24.4,138
2024-07-24T18:00+00:00,4115,2.0,992.3,58.0,0.0,0.4,22.6,71
2024-07-24T19:00+00:00,4115,1.5,993.0,65.0,0.0,0.0,20.7,10
2024-07-24T20:00+00:00,4115,0.6,993.3,74.0,0.0,0.0,19.9,0
2024-07-24T21:00+00:00,4115,1.6,993.4,68.0,0.0,0.0,20.6,0
2024-07-24T22:00+00:00,4115,2.0,993.6,74.0,0.0,0.0,19.1,0
2024-07-24T23:00+00:00,4115,1.7,994.0,73.0,0.0,0.0,19.4,0
2024-07-25T00:00+00:00,4115,1.5,993.8,74.0,0.0,0.0,19.4,0
2024-07-25T01:00+00:00,4115,1.7,993.7,75.0,0.0,0.0,19.1,0
2024-07-25T02:00+00:00,4115,2.0,993.4,75.0,0.0,0.0,18.9,0
2024-07-25T03:00+00:00,4115,2.4,993.6,78.0,0.0,0.0,18.1,0
2024-07-25T04:00+00:00,4115,2.2,993.7,73.0,0.0,0.1,18.4,11
2024-07-25T05:00+00:00,4115,2.3,993.6,69.0,0.0,0.9,19.6,132
2024-07-25T06:00+00:00,4115,2.8,994.0,69.0,0.0,0.5,19.8,254
2024-07-25T07:00+00:00,4115,2.7,994.0,68.0,0.0,0.4,20.6,366
2024-07-25T08:00+00:00,4115,2.3,993.8,62.0,0.0,0.9,22.5,590
2024-07-25T09:00+00:00,4115,2.2,993.6,59.0,0.0,0.2,21.9,435
2024-07-25T10:00+00:00,4115,2.3,993.3,54.0,0.0,0.4,23.1,574
2024-07-25T11:00+00:00,4115,1.9,992.9,55.0,0.0,0.0,22.8,309
2024-07-25T12:00+00:00,4115,1.8,992.5,54.0,0.0,0.0,23.3,330
2024-07-25T13:00+00:00,4115,2.5,992.1,49.0,0.0,0.1,23.8,416
2024-07-25T14:00+00:00,4115,2.5,991.6,44.0,0.0,0.3,24.5,404
2024-07-25T15:00+00:00,4115,2.0,991.2,41.0,0.0,1.0,25.9,541
2024-07-25T16:00+00:00,4115,2.2,990.8,40.0,0.0,1.0,25.8,390
2024-07-25T17:00+00:00,4115,1.9,990.7,45.0,0.0,0.8,24.4,186
2024-07-25T18:00+00:00,4115,1.0,990.8,54.0,0.0,0.1,23.0,76
2024-07-25T19:00+00:00,4115,1.1,991.1,64.0,0.0,0.0,20.5,10
2024-07-25T20:00+00:00,4115,2.0,991.5,71.0,0.0,0.0,18.7,0
2024-07-25T21:00+00:00,4115,2.6,991.8,66.0,0.0,0.0,17.5,0
2024-07-25T22:00+00:00,4115,1.6,991.9,68.0,0.0,0.0,16.4,0
2024-07-25T23:00+00:00,4115,1.1,992.1,71.0,0.0,0.0,15.1,0
2024-07-26T00:00+00:00,4115,1.2,991.9,70.0,0.0,0.0,15.1,0
2024-07-26T01:00+00:00,4115,0.3,991.6,80.0,0.0,0.0,13.8,0
2024-07-26T02:00+00:00,4115,0.7,991.5,86.0,0.0,0.0,12.5,0
2024-07-26T03:00+00:00,4115,0.3,991.5,90.0,0.0,0.0,12.0,0
2024-07-26T04:00+00:00,4115,0.6,991.8,92.0,0.0,0.0,12.2,14
2024-07-26T05:00+00:00,4115,0.3,992.0,77.0,0.0,0.9,16.2,107
2024-07-26T06:00+00:00,4115,1.1,991.8,67.0,0.0,1.0,18.6,269
2024-07-26T07:00+00:00,4115,1.1,991.9,57.0,0.0,1.0,21.2,452
2024-07-26T08:00+00:00,4115,1.2,991.9,48.0,0.0,1.0,23.9,611
2024-07-26T09:00+00:00,4115,1.3,991.6,43.0,0.0,1.0,25.8,721
2024-07-26T10:00+00:00,4115,2.1,991.5,41.0,0.0,1.0,27.6,771
2024-07-26T11:00+00:00,4115,1.7,991.2,34.0,0.0,1.0,28.6,850
2024-07-26T12:00+00:00,4115,1.8,991.2,36.0,0.0,1.0,28.9,829
2024-07-26T13:00+00:00,4115,1.2,990.9,36.0,0.0,1.0,29.1,759
2024-07-26T14:00+00:00,4115,1.2,990.7,32.0,0.0,1.0,30.4,698
2024-07-26T15:00+00:00,4115,1.8,990.3,35.0,0.0,1.0,30.0,511
2024-07-26T16:00+00:00,4115,2.0,990.5,38.0,0.0,1.0,29.2,354
2024-07-26T17:00+00:00,4115,1.6,990.7,36.0,0.0,1.0,29.3,248
2024-07-26T18:00+00:00,4115,1.3,990.8,40.0,0.0,0.8,27.1,86
2024-07-26T19:00+00:00,4115,0.8,991.2,60.0,0.0,0.1,22.6,9
2024-07-26T20:00+00:00,4115,1.0,991.5,70.0,0.0,0.0,20.1,0
2024-07-26T21:00+00:00,4115,1.1,991.6,72.0,0.0,0.0,19.6,0
2024-07-26T22:00+00:00,4115,2.2,992.2,67.0,0.0,0.0,20.0,0
2024-07-26T23:00+00:00,4115,1.8,992.3,71.0,0.0,0.0,18.9,0
2024-07-27T00:00+00:00,4115,2.0,992.4,75.0,0.0,0.0,17.6,0
2024-07-27T01:00+00:00,4115,1.9,992.5,82.0,0.0,0.0,16.5,0
2024-07-27T02:00+00:00,4115,1.7,992.2,85.0,0.0,0.0,15.6,0
2024-07-27T03:00+00:00,4115,1.6,992.4,88.0,0.0,0.0,14.8,0
2024-07-27T04:00+00:00,4115,1.4,992.5,88.0,0.0,0.1,15.5,16
2024-07-27T05:00+00:00,4115,1.1,992.9,74.0,0.0,1.0,19.8,116
2024-07-27T06:00+00:00,4115,1.0,993.2,66.0,0.0,1.0,22.6,275
2024-07-27T07:00+00:00,4115,1.5,993.3,60.0,0.0,1.0,24.2,442
2024-07-27T08:00+00:00,4115,1.5,993.4,54.0,0.0,1.0,26.7,593
2024-07-27T09:00+00:00,4115,1.6,993.2,50.0,0.0,1.0,28.9,705
2024-07-27T10:00+00:00,4115,2.5,992.9,47.0,0.0,1.0,30.7,783
2024-07-27T11:00+00:00,4115,2.6,992.5,42.0,0.0,1.0,32.3,821
2024-07-27T12:00+00:00,4115,1.6,992.2,40.0,0.0,1.0,33.7,803
2024-07-27T13:00+00:00,4115,1.7,992.0,39.0,0.0,1.0,34.4,737
2024-07-27T14:00+00:00,4115,2.5,991.6,36.0,0.0,0.9,35.2,607
2024-07-27T15:00+00:00,4115,2.8,991.4,34.0,0.0,0.9,34.9,507
2024-07-27T16:00+00:00,4115,2.6,991.2,36.0,0.0,1.0,34.4,370
2024-07-27T17:00+00:00,4115,2.7,991.2,39.0,0.0,1.0,33.1,216
2024-07-27T18:00+00:00,4115,2.5,991.2,43.0,0.0,0.8,30.6,76
2024-07-27T19:00+00:00,4115,1.8,991.5,49.0,0.0,0.0,28.4,4
2024-07-27T20:00+00:00,4115,1.6,992.1,49.0,0.0,0.0,27.7,0
2024-07-27T21:00+00:00,4115,2.0,992.2,52.0,0.0,0.0,26.3,0
2024-07-27T22:00+00:00,4115,1.6,992.3,55.0,0.0,0.0,25.3,0
2024-07-27T23:00+00:00,4115,1.2,992.3,56.0,0.0,0.0,24.3,0
2024-07-28T00:00+00:00,4115,0.7,991.8,68.0,0.0,0.0,21.8,0
2024-07-28T01:00+00:00,4115,1.5,992.1,72.0,0.0,0.0,21.3,0
2024-07-28T02:00+00:00,4115,1.6,992.0,77.0,0.0,0.0,20.3,0
2024-07-28T03:00+00:00,4115,1.5,992.7,76.0,0.0,0.0,20.6,0
2024-07-28T04:00+00:00,4115,1.2,993.5,66.0,0.0,0.0,24.0,3
2024-07-28T05:00+00:00,4115,1.6,993.8,69.0,0.0,0.0,24.1,52
2024-07-28T06:00+00:00,4115,2.0,994.7,63.0,0.0,0.0,25.3,122
2024-07-28T07:00+00:00,4115,3.4,995.1,66.0,0.0,0.2,25.5,237
2024-07-28T08:00+00:00,4115,2.8,995.6,67.0,0.0,0.0,25.7,197
2024-07-28T09:00+00:00,4115,2.8,996.4,64.0,0.0,0.0,26.6,231
2024-07-28T10:00+00:00,4115,3.2,997.3,66.0,0.0,0.0,25.5,173
2024-07-28T11:00+00:00,4115,2.4,998.0,62.0,0.0,0.0,25.3,81
2024-07-28T12:00+00:00,4115,2.7,998.5,55.0,0.0,0.0,26.0,221
2024-07-28T13:00+00:00,4115,3.5,999.0,55.0,0.0,0.0,25.1,195
2024-07-28T14:00+00:00,4115,2.7,998.8,48.0,0.0,0.3,27.3,390
2024-07-28T15:00+00:00,4115,2.8,998.8,54.0,0.0,0.5,27.3,414
2024-07-28T16:00+00:00,4115,3.4,999.1,49.0,0.0,0.9,27.4,406
2024-07-28T17:00+00:00,4115,2.9,999.7,56.0,0.0,0.6,26.0,228
2024-07-28T18:00+00:00,4115,1.7,999.9,47.0,0.0,0.2,24.8,73
2024-07-28T19:00+00:00,4115,1.6,1000.4,52.0,0.0,0.0,22.7,7
2024-07-28T20:00+00:00,4115,1.8,1001.0,56.0,0.0,0.0,20.8,0
2024-07-28T21:00+00:00,4115,1.7,1001.3,54.0,0.0,0.0,21.0,0
2024-07-28T22:00+00:00,4115,1.9,1001.4,53.0,0.0,0.0,20.7,0
2024-07-28T23:00+00:00,4115,2.2,1001.4,58.0,0.0,0.0,19.7,0
2024-07-29T00:00+00:00,4115,1.7,1001.6,59.0,0.0,0.0,19.2,0
2024-07-29T01:00+00:00,4115,1.6,1001.6,60.0,0.0,0.0,19.1,0
2024-07-29T02:00+00:00,4115,2.1,1001.5,65.0,0.0,0.0,17.8,0
2024-07-29T03:00+00:00,4115,1.8,1001.8,73.0,0.0,0.0,16.0,0
2024-07-29T04:00+00:00,4115,1.0,1001.9,72.0,0.0,0.0,16.8,8
2024-07-29T05:00+00:00,4115,0.4,1002.1,75.0,0.0,0.2,17.5,76
2024-07-29T06:00+00:00,4115,0.7,1002.3,61.0,0.0,0.4,20.1,200
2024-07-29T07:00+00:00,4115,2.0,1002.2,57.0,0.0,0.5,21.9,338
2024-07-29T08:00+00:00,4115,2.0,1002.0,49.0,0.0,0.9,23.1,564
2024-07-29T09:00+00:00,4115,1.8,1001.6,45.0,0.0,1.0,24.0,748
2024-07-29T10:00+00:00,4115,1.8,1001.1,44.0,0.0,0.8,24.1,692
2024-07-29T11:00+00:00,4115,2.0,1000.7,40.0,0.0,0.5,25.5,602
2024-07-29T12:00+00:00,4115,2.1,1000.0,37.0,0.0,0.7,25.2,745
2024-07-29T13:00+00:00,4115,2.0,999.3,36.0,0.0,0.6,26.4,580
2024-07-29T14:00+00:00,4115,2.3,998.8,35.0,0.0,0.9,27.6,681
2024-07-29T15:00+00:00,4115,2.6,998.4,30.0,0.0,1.0,28.2,593
2024-07-29T16:00+00:00,4115,3.2,998.0,32.0,0.0,1.0,27.3,406
2024-07-29T17:00+00:00,4115,3.7,997.9,33.0,0.0,1.0,26.1,226
2024-07-29T18:00+00:00,4115,3.1,997.9,38.0,0.0,1.0,24.0,85
2024-07-29T19:00+00:00,4115,1.9,998.2,47.0,0.0,0.0,20.6,7
2024-07-29T20:00+00:00,4115,1.6,998.5,47.0,0.0,0.0,20.1,0
2024-07-29T21:00+00:00,4115,2.4,998.7,48.0,0.0,0.0,19.7,0
2024-07-29T22:00+00:00,4115,2.6,998.9,47.0,0.0,0.0,19.4,0
2024-07-29T23:00+00:00,4115,2.2,999.1,55.0,0.0,0.0,17.4,0
2024-07-30T00:00+00:00,4115,2.8,999.3,58.0,0.0,0.0,16.7,0
2024-07-30T01:00+00:00,4115,1.2,999.5,71.0,0.0,0.0,14.1,0
2024-07-30T02:00+00:00,4115,1.7,999.3,72.0,0.0,0.0,14.0,0
2024-07-30T03:00+00:00,4115,1.2,999.8,72.0,0.0,0.0,13.9,0
2024-07-30T04:00+00:00,4115,1.6,999.9,67.0,0.0,0.1,15.3,9
2024-07-30T05:00+00:00,4115,1.6,999.8,61.0,0.0,1.0,18.0,121
2024-07-30T06:00+00:00,4115,0.7,1000.0,53.0,0.0,1.0,20.3,290
2024-07-30T07:00+00:00,4115,2.0,999.9,49.0,0.0,1.0,21.1,467
2024-07-30T08:00+00:00,4115,1.1,999.7,46.0,0.0,1.0,22.0,619
2024-07-30T09:00+00:00,4115,1.5,999.3,43.0,0.0,1.0,24.0,740
2024-07-30T10:00+00:00,4115,1.6,998.8,39.0,0.0,1.0,24.8,829
2024-07-30T11:00+00:00,4115,1.2,998.2,40.0,0.0,1.0,25.4,862
2024-07-30T12:00+00:00,4115,0.9,997.6,35.0,0.0,1.0,27.6,848
2024-07-30T13:00+00:00,4115,1.1,996.9,27.0,0.0,1.0,27.8,790
2024-07-30T14:00+00:00,4115,1.1,996.5,25.0,0.0,1.0,28.5,694
2024-07-30T15:00+00:00,4115,0.0,995.8,26.0,0.0,1.0,29.1,561
2024-07-30T16:00+00:00,4115,1.0,995.1,23.0,0.0,1.0,28.9,409
2024-07-30T17:00+00:00,4115,0.9,994.7,25.0,0.0,1.0,28.2,240
2024-07-30T18:00+00:00,4115,1.0,994.6,49.0,0.0,1.0,22.7,87
2024-07-30T19:00+00:00,4115,2.0,994.7,51.0,0.0,0.0,18.7,7
2024-07-30T20:00+00:00,4115,1.1,995.2,60.0,0.0,0.0,16.7,0
2024-07-30T21:00+00:00,4115,0.8,995.2,65.0,0.0,0.0,15.8,0
2024-07-30T22:00+00:00,4115,0.6,995.1,70.0,0.0,0.0,14.9,0
2024-07-30T23:00+00:00,4115,0.5,994.7,72.0,0.0,0.0,14.7,0
2024-07-31T00:00+00:00,4115,1.7,994.5,65.0,0.0,0.0,15.8,0
2024-07-31T01:00+00:00,4115,2.0,994.4,71.0,0.0,0.0,14.4,0
2024-07-31T02:00+00:00,4115,1.6,994.3,75.0,0.0,0.0,13.7,0
2024-07-31T03:00+00:00,4115,1.2,994.2,80.0,0.0,0.0,12.6,0
2024-07-31T04:00+00:00,4115,1.2,994.1,80.0,0.0,0.1,12.7,9
2024-07-31T05:00+00:00,4115,0.8,994.3,70.0,0.0,1.0,16.2,110
2024-07-31T06:00+00:00,4115,0.1,994.4,56.0,0.0,1.0,19.9,280
2024-07-31T07:00+00:00,4115,0.8,994.4,49.0,0.0,1.0,21.9,444
2024-07-31T08:00+00:00,4115,1.1,994.2,43.0,0.0,1.0,25.7,609
2024-07-31T09:00+00:00,4115,1.5,993.8,43.0,0.0,1.0,27.1,726
2024-07-31T10:00+00:00,4115,1.7,993.8,39.0,0.0,1.0,28.6,797
2024-07-31T11:00+00:00,4115,1.6,993.2,36.0,0.0,1.0,30.9,829
2024-07-31T12:00+00:00,4115,1.4,992.6,30.0,0.0,1.0,31.1,813
2024-07-31T13:00+00:00,4115,1.2,992.2,24.0,0.0,1.0,33.2,753
2024-07-31T14:00+00:00,4115,1.3,991.6,24.0,0.0,1.0,32.9,659
2024-07-31T15:00+00:00,4115,1.9,991.1,23.0,0.0,1.0,33.5,526
2024-07-31T16:00+00:00,4115,2.0,990.4,23.0,0.0,1.0,32.8,379
2024-07-31T17:00+00:00,4115,2.1,990.1,24.0,0.0,1.0,31.4,197
2024-07-31T18:00+00:00,4115,1.8,990.0,30.0,0.0,0.9,29.1,82
2024-07-31T19:00+00:00,4115,0.9,990.4,49.0,0.0,0.0,23.4,4
2024-07-31T20:00+00:00,4115,1.8,990.7,55.0,0.0,0.0,23.0,0
2024-07-31T21:00+00:00,4115,1.8,990.5,64.0,0.0,0.0,21.3,0
2024-07-31T22:00+00:00,4115,2.1,990.2,63.0,0.0,0.0,21.7,0
2024-07-31T23:00+00:00,4115,2.1,989.7,64.0,0.0,0.0,20.9,0
2024-08-01T00:00+00:00,4115,1.7,989.5,72.0,0.0,0.0,19.5,0
2024-08-01T01:00+00:00,4115,1.6,990.1,74.0,0.0,0.0,19.4,0
2024-08-01T02:00+00:00,4115,0.2,989.8,71.0,0.0,0.0,20.2,0
2024-08-01T03:00+00:00,4115,0.5,989.5,58.0,0.0,0.0,24.2,0
2024-08-01T04:00+00:00,4115,2.6,989.5,57.0,0.0,0.0,23.8,8
2024-08-01T05:00+00:00,4115,1.7,989.6,70.0,0.0,0.0,20.7,45
2024-08-01T06:00+00:00,4115,1.2,990.1,55.0,0.0,0.0,24.6,53
2024-08-01T07:00+00:00,4115,1.9,990.2,55.0,0.0,0.0,25.5,136
2024-08-01T08:00+00:00,4115,2.6,989.6,55.0,0.0,0.0,25.7,169
2024-08-01T09:00+00:00,4115,2.6,990.0,55.0,0.0,0.0,25.5,175
2024-08-01T10:00+00:00,4115,0.4,990.0,58.0,0.0,0.0,25.2,136
2024-08-01T11:00+00:00,4115,0.7,989.6,49.0,0.0,0.4,28.1,471
2024-08-01T12:00+00:00,4115,1.2,988.9,42.0,0.0,1.0,29.6,802
2024-08-01T13:00+00:00,4115,1.2,988.2,38.0,0.0,1.0,31.5,748
2024-08-01T14:00+00:00,4115,1.2,987.7,36.0,0.0,1.0,32.1,666
2024-08-01T15:00+00:00,4115,1.4,987.1,35.0,0.0,0.7,32.0,425
2024-08-01T16:00+00:00,4115,1.9,986.9,40.0,0.0,0.9,30.5,350
2024-08-01T17:00+00:00,4115,1.5,986.8,45.0,0.0,0.2,29.4,112
2024-08-01T18:00+00:00,4115,1.2,986.9,52.0,0.0,0.0,27.3,45
2024-08-01T19:00+00:00,4115,1.6,987.4,55.0,0.0,0.0,25.7,1
2024-08-01T20:00+00:00,4115,2.0,987.6,56.0,0.0,0.0,25.2,0
2024-08-01T21:00+00:00,4115,0.6,988.8,76.0,0.2,0.0,23.4,0
2024-08-01T22:00+00:00,4115,2.3,989.0,70.0,0.0,0.0,23.1,0
2024-08-01T23:00+00:00,4115,2.0,988.5,73.0,0.0,0.0,22.6,0
2024-08-02T00:00+00:00,4115,2.1,988.1,75.0,0.0,0.0,22.8,0
2024-08-02T01:00+00:00,4115,3.8,987.4,77.0,0.0,0.0,22.2,0
2024-08-02T02:00+00:00,4115,2.3,987.6,75.0,0.0,0.0,22.2,0
2024-08-02T03:00+00:00,4115,1.7,987.6,77.0,0.0,0.0,21.7,0
2024-08-02T04:00+00:00,4115,2.3,987.8,77.0,0.0,0.0,21.9,1
2024-08-02T05:00+00:00,4115,2.2,987.6,75.0,0.0,0.0,22.1,14
2024-08-02T06:00+00:00,4115,2.4,987.6,73.0,0.0,0.0,22.6,56
2024-08-02T07:00+00:00,4115,2.5,987.5,68.0,0.0,0.0,23.8,114
2024-08-02T08:00+00:00,4115,2.8,987.6,64.0,0.0,0.1,24.8,319
2024-08-02T09:00+00:00,4115,3.9,987.5,72.0,0.0,0.0,23.5,198
2024-08-02T10:00+00:00,4115,3.5,987.3,62.0,0.0,0.6,26.9,587
2024-08-02T11:00+00:00,4115,3.8,986.6,52.0,0.0,0.9,28.1,695
2024-08-02T12:00+00:00,4115,4.6,985.6,50.0,0.0,1.0,28.6,865
2024-08-02T13:00+00:00,4115,3.9,985.5,46.0,0.0,0.7,28.5,563
2024-08-02T14:00+00:00,4115,4.9,985.1,48.0,0.0,0.5,28.5,459
2024-08-02T15:00+00:00,4115,4.8,984.8,48.0,0.0,0.6,28.0,342
2024-08-02T16:00+00:00,4115,3.9,985.3,45.0,0.0,0.5,26.9,222
2024-08-02T17:00+00:00,4115,3.6,984.7,52.0,0.0,0.5,26.9,162
2024-08-02T18:00+00:00,4115,3.0,984.9,58.0,0.0,0.0,25.6,37
2024-08-02T19:00+00:00,4115,3.7,986.5,67.0,0.0,0.0,22.8,1
2024-08-02T20:00+00:00,4115,3.8,986.9,69.0,0.0,0.0,20.4,0
2024-08-02T21:00+00:00,4115,3.8,987.5,71.0,0.0,0.0,18.8,0
2024-08-02T22:00+00:00,4115,4.2,988.0,71.0,0.0,0.0,19.1,0
2024-08-02T23:00+00:00,4115,3.4,988.1,68.0,0.0,0.0,18.7,0
2024-08-03T00:00+00:00,4115,3.4,988.1,64.0,0.0,0.0,18.6,0
2024-08-03T01:00+00:00,4115,2.6,988.1,65.0,0.0,0.0,18.5,0
2024-08-03T02:00+00:00,4115,3.1,988.0,69.0,0.0,0.0,17.7,0
2024-08-03T03:00+00:00,4115,3.1,988.5,71.0,0.0,0.0,17.4,0
2024-08-03T04:00+00:00,4115,2.9,988.7,73.0,0.0,0.0,17.0,7
2024-08-03T05:00+00:00,4115,2.5,989.1,70.0,0.0,0.7,17.9,90
2024-08-03T06:00+00:00,4115,2.7,989.3,65.0,0.0,0.7,19.1,202
2024-08-03T07:00+00:00,4115,3.7,989.5,63.0,0.0,1.0,20.3,424
2024-08-03T08:00+00:00,4115,3.5,989.9,57.0,0.0,0.9,22.1,552
2024-08-03T09:00+00:00,4115,2.9,990.2,54.0,0.0,0.7,22.4,554
2024-08-03T10:00+00:00,4115,3.1,990.1,45.0,0.0,0.6,25.1,640
2024-08-03T11:00+00:00,4115,3.7,989.7,40.0,0.0,0.8,26.7,782
2024-08-03T12:00+00:00,4115,3.3,989.6,33.0,0.0,0.5,27.1,615
2024-08-03T13:00+00:00,4115,3.5,989.5,29.0,0.0,0.5,28.0,634
2024-08-03T14:00+00:00,4115,3.5,989.1,34.0,0.0,0.7,27.6,585
2024-08-03T15:00+00:00,4115,2.1,988.9,35.0,0.0,0.9,27.6,484
2024-08-03T16:00+00:00,4115,2.2,989.0,38.0,0.0,0.5,26.2,280
2024-08-03T17:00+00:00,4115,1.3,989.1,46.0,0.0,0.0,24.8,85
2024-08-03T18:00+00:00,4115,1.6,989.5,60.0,0.0,0.0,22.6,49
2024-08-03T19:00+00:00,4115,1.9,989.6,66.0,0.0,0.0,21.7,2
2024-08-03T20:00+00:00,4115,2.1,990.1,67.0,0.0,0.0,21.1,0
2024-08-03T21:00+00:00,4115,1.7,990.4,70.0,0.0,0.0,20.5,0
2024-08-03T22:00+00:00,4115,0.5,990.7,75.0,0.0,0.0,19.4,0
2024-08-03T23:00+00:00,4115,1.5,990.8,72.0,0.0,0.0,20.0,0
2024-08-04T00:00+00:00,4115,0.7,990.9,84.0,0.0,0.0,17.3,0
2024-08-04T01:00+00:00,4115,0.2,990.8,79.0,0.0,0.0,18.9,0
2024-08-04T02:00+00:00,4115,0.2,990.7,84.0,0.0,0.0,17.5,0
2024-08-04T03:00+00:00,4115,1.2,990.7,92.0,0.0,0.0,15.8,0
2024-08-04T04:00+00:00,4115,0.6,990.8,93.0,0.0,0.0,15.7,9
2024-08-04T05:00+00:00,4115,0.9,990.9,80.0,0.0,0.9,19.3,126
2024-08-04T06:00+00:00,4115,0.8,990.8,75.0,0.0,0.3,20.5,188
2024-08-04T07:00+00:00,4115,0.5,991.1,69.0,0.0,0.0,22.0,216
2024-08-04T08:00+00:00,4115,2.2,991.6,75.0,0.0,0.0,20.9,189
2024-08-04T09:00+00:00,4115,2.3,991.9,84.0,0.3,0.0,20.4,202
2024-08-04T10:00+00:00,4115,2.6,992.1,86.0,0.2,0.1,20.4,298
2024-08-04T11:00+00:00,4115,2.7,991.9,85.0,0.6,0.0,21.3,279
2024-08-04T12:00+00:00,4115,2.2,991.2,77.0,0.0,0.0,22.8,340
2024-08-04T13:00+00:00,4115,2.3,991.0,63.0,0.0,0.3,24.4,483
2024-08-04T14:00+00:00,4115,1.4,990.5,47.0,0.0,0.5,26.0,555
2024-08-04T15:00+00:00,4115,3.1,990.8,84.0,1.0,0.1,20.9,201
2024-08-04T16:00+00:00,4115,1.0,991.0,72.0,0.0,0.3,23.0,249
2024-08-04T17:00+00:00,4115,0.8,990.7,72.0,0.0,0.7,23.3,187
2024-08-04T18:00+00:00,4115,1.0,990.9,82.0,0.0,0.6,21.8,71
2024-08-04T19:00+00:00,4115,1.2,991.2,82.0,0.0,0.0,20.1,3
2024-08-04T20:00+00:00,4115,0.7,991.5,87.0,0.0,0.0,18.5,0
2024-08-04T21:00+00:00,4115,0.3,991.6,87.0,0.0,0.0,18.1,0
2024-08-04T22:00+00:00,4115,0.2,991.9,85.0,0.0,0.0,18.8,0
2024-08-04T23:00+00:00,4115,1.3,991.6,83.0,0.0,0.0,19.0,0
2024-08-05T00:00+00:00,4115,1.5,991.5,79.0,0.0,0.0,18.9,0
2024-08-05T01:00+00:00,4115,1.0,991.6,81.0,0.0,0.0,19.1,0
2024-08-05T02:00+00:00,4115,0.4,991.3,85.0,0.0,0.0,18.3,0
2024-08-05T03:00+00:00,4115,0.7,991.4,92.0,0.0,0.0,17.5,0
2024-08-05T04:00+00:00,4115,2.7,991.6,85.0,0.0,0.0,18.7,3
2024-08-05T05:00+00:00,4115,2.0,991.9,79.0,0.0,0.0,19.7,39
2024-08-05T06:00+00:00,4115,2.0,992.2,76.0,0.0,0.0,20.4,128
2024-08-05T07:00+00:00,4115,2.1,992.2,69.0,0.0,0.3,22.0,302
2024-08-05T08:00+00:00,4115,1.8,992.1,70.0,0.0,0.4,22.1,401
2024-08-05T09:00+00:00,4115,2.0,992.0,69.0,0.0,0.0,22.5,332
2024-08-05T10:00+00:00,4115,1.7,992.0,79.0,0.4,0.1,21.4,296
2024-08-05T11:00+00:00,4115,1.7,991.9,90.0,3.8,0.0,20.5,247
2024-08-05T12:00+00:00,4115,1.8,991.8,92.0,0.4,0.0,20.1,286
2024-08-05T13:00+00:00,4115,1.8,991.9,94.0,10.2,0.0,19.1,76
2024-08-05T14:00+00:00,4115,1.3,991.6,90.0,0.3,0.0,20.4,178
2024-08-05T15:00+00:00,4115,1.8,991.8,85.0,0.0,0.0,20.1,162
2024-08-05T16:00+00:00,4115,2.0,991.4,80.0,0.0,0.0,20.7,226
2024-08-05T17:00+00:00,4115,1.5,991.6,76.0,0.0,0.0,20.6,132
2024-08-05T18:00+00:00,4115,1.4,992.2,81.0,0.0,0.1,19.2,52
2024-08-05T19:00+00:00,4115,1.8,993.0,78.0,0.0,0.0,17.8,3
2024-08-05T20:00+00:00,4115,1.7,993.3,74.0,0.0,0.0,16.3,0
2024-08-05T21:00+00:00,4115,1.6,993.7,63.0,0.0,0.0,16.8,0
2024-08-05T22:00+00:00,4115,1.9,994.0,69.0,0.0,0.0,15.6,0
2024-08-05T23:00+00:00,4115,1.6,994.2,74.0,0.0,0.0,14.7,0
2024-08-06T00:00+00:00,4115,1.2,994.1,85.0,0.0,0.0,13.9,0
2024-08-06T01:00+00:00,4115,0.8,993.8,88.0,0.0,0.0,13.0,0
2024-08-06T02:00+00:00,4115,0.7,993.5,86.0,0.0,0.0,13.2,0
2024-08-06T03:00+00:00,4115,0.7,993.3,87.0,0.0,0.0,12.9,0
2024-08-06T04:00+00:00,4115,1.1,993.6,91.0,0.0,0.0,12.0,3
2024-08-06T05:00+00:00,4115,0.9,993.8,82.0,0.0,0.9,14.5,99
2024-08-06T06:00+00:00,4115,0.5,994.0,67.0,0.0,1.0,18.2,269
2024-08-06T07:00+00:00,4115,1.0,994.0,64.0,0.0,1.0,19.8,445
2024-08-06T08:00+00:00,4115,0.6,994.0,52.0,0.0,1.0,21.9,599
2024-08-06T09:00+00:00,4115,1.0,993.7,50.0,0.0,1.0,22.2,719
2024-08-06T10:00+00:00,4115,0.4,993.4,48.0,0.0,1.0,23.0,823
2024-08-06T11:00+00:00,4115,1.4,993.1,45.0,0.0,0.9,24.1,710
2024-08-06T12:00+00:00,4115,1.6,992.7,40.0,0.0,1.0,24.7,823
2024-08-06T13:00+00:00,4115,1.2,992.2,41.0,0.0,1.0,25.7,765
2024-08-06T14:00+00:00,4115,1.6,991.8,40.0,0.0,1.0,26.0,663
2024-08-06T15:00+00:00,4115,1.8,991.4,37.0,0.0,1.0,26.6,529
2024-08-06T16:00+00:00,4115,1.1,991.1,37.0,0.0,1.0,26.6,378
2024-08-06T17:00+00:00,4115,1.1,991.0,41.0,0.0,1.0,25.9,210
2024-08-06T18:00+00:00,4115,1.0,991.2,67.0,0.0,0.9,21.5,64
2024-08-06T19:00+00:00,4115,1.2,991.6,78.0,0.0,0.0,18.0,3
2024-08-06T20:00+00:00,4115,0.9,991.9,79.0,0.0,0.0,16.9,0
2024-08-06T21:00+00:00,4115,1.7,991.8,83.0,0.0,0.0,16.1,0
2024-08-06T22:00+00:00,4115,1.2,991.6,87.0,0.0,0.0,15.4,0
2024-08-06T23:00+00:00,4115,1.3,991.8,86.0,0.0,0.0,15.3,0
2024-08-07T00:00+00:00,4115,0.8,991.9,87.0,0.0,0.0,14.6,0
2024-08-07T01:00+00:00,4115,1.7,991.5,86.0,0.0,0.0,14.7,0
2024-08-07T02:00+00:00,4115,1.7,991.3,83.0,0.0,0.0,14.7,0
2024-08-07T03:00+00:00,4115,0.6,991.6,89.0,0.0,0.0,13.7,0
2024-08-07T04:00+00:00,4115,0.4,991.6,87.0,0.0,0.0,13.9,5
2024-08-07T05:00+00:00,4115,0.3,991.9,76.0,0.0,0.9,16.9,98
2024-08-07T06:00+00:00,4115,0.5,992.0,62.0,0.0,1.0,20.1,249
2024-08-07T07:00+00:00,4115,0.7,992.1,60.0,0.0,1.0,22.1,452
2024-08-07T08:00+00:00,4115,1.6,992.0,53.0,0.0,1.0,24.2,532
2024-08-07T09:00+00:00,4115,2.2,992.1,56.0,0.0,0.5,24.1,543
2024-08-07T10:00+00:00,4115,2.2,991.9,51.0,0.0,0.5,26.0,577
2024-08-07T11:00+00:00,4115,2.0,991.4,49.0,0.0,1.0,27.5,813
2024-08-07T12:00+00:00,4115,1.8,991.1,43.0,0.0,1.0,28.8,796
2024-08-07T13:00+00:00,4115,0.9,990.8,42.0,0.0,1.0,29.7,741
2024-08-07T14:00+00:00,4115,0.9,990.0,39.0,0.0,1.0,30.9,641
2024-08-07T15:00+00:00,4115,1.3,989.5,43.0,0.0,1.0,30.4,509
2024-08-07T16:00+00:00,4115,2.6,989.1,44.0,0.0,1.0,29.7,337
2024-08-07T17:00+00:00,4115,1.8,989.6,50.0,0.0,0.5,27.6,137
2024-08-07T18:00+00:00,4115,1.3,989.7,53.0,0.0,0.0,26.1,38
2024-08-07T19:00+00:00,4115,0.4,990.2,72.0,0.0,0.0,23.1,1
2024-08-07T20:00+00:00,4115,2.0,991.2,58.0,0.0,0.0,25.2,0
2024-08-07T21:00+00:00,4115,3.3,990.9,58.0,0.0,0.0,24.7,0
2024-08-07T22:00+00:00,4115,3.7,991.0,58.0,0.0,0.0,24.5,0
2024-08-07T23:00+00:00,4115,3.4,990.9,62.0,0.0,0.0,23.6,0
2024-08-08T00:00+00:00,4115,2.9,991.2,65.0,0.0,0.0,23.1,0
2024-08-08T01:00+00:00,4115,0.8,990.9,63.0,0.0,0.0,23.1,0
2024-08-08T02:00+00:00,4115,3.2,990.8,59.0,0.0,0.0,23.5,0
2024-08-08T03:00+00:00,4115,2.6,991.0,61.0,0.0,0.0,23.1,0
2024-08-08T04:00+00:00,4115,2.7,991.2,68.0,0.0,0.0,22.6,0
2024-08-08T05:00+00:00,4115,2.8,991.5,69.0,0.0,0.0,22.4,12
2024-08-08T06:00+00:00,4115,2.8,992.1,72.0,0.0,0.0,22.5,48
2024-08-08T07:00+00:00,4115,3.0,992.4,75.0,0.2,0.0,21.9,107
2024-08-08T08:00+00:00,4115,2.6,992.6,70.0,0.0,0.0,23.3,140
2024-08-08T09:00+00:00,4115,3.1,992.5,58.0,0.0,0.7,26.5,646
2024-08-08T10:00+00:00,4115,2.6,992.2,51.0,0.0,1.0,28.3,774
2024-08-08T11:00+00:00,4115,1.6,991.8,48.0,0.0,0.9,29.1,749
2024-08-08T12:00+00:00,4115,1.8,991.2,40.0,0.0,1.0,30.6,808
2024-08-08T13:00+00:00,4115,1.9,990.9,37.0,0.0,0.9,30.7,758
2024-08-08T14:00+00:00,4115,5.9,993.3,70.0,0.0,0.2,23.0,269
2024-08-08T15:00+00:00,4115,5.3,993.6,84.0,0.0,0.0,21.5,185
2024-08-08T16:00+00:00,4115,2.8,993.1,79.0,0.0,0.0,21.6,102
2024-08-08T17:00+00:00,4115,0.9,993.8,77.0,0.0,0.0,21.6,36
2024-08-08T18:00+00:00,4115,1.3,994.6,81.0,0.0,0.0,21.2,42
2024-08-08T19:00+00:00,4115,1.2,994.4,84.0,0.0,0.0,20.1,3
2024-08-08T20:00+00:00,4115,0.6,994.6,92.0,0.0,0.0,18.7,0
2024-08-08T21:00+00:00,4115,1.3,994.7,93.0,0.0,0.0,18.1,0
2024-08-08T22:00+00:00,4115,0.2,994.8,95.0,0.0,0.0,18.0,0
2024-08-08T23:00+00:00,4115,0.7,994.8,85.0,0.0,0.0,19.7,0
2024-08-09T00:00+00:00,4115,2.0,994.6,82.0,0.0,0.0,19.9,0
2024-08-09T01:00+00:00,4115,0.4,994.9,90.0,0.0,0.0,18.8,0
2024-08-09T02:00+00:00,4115,0.3,994.8,93.0,0.0,0.0,18.6,0
2024-08-09T03:00+00:00,4115,0.9,994.9,93.0,0.0,0.0,18.5,0
2024-08-09T04:00+00:00,4115,0.3,995.3,95.0,0.0,0.0,17.1,3
2024-08-09T05:00+00:00,4115,0.9,995.5,94.0,0.0,0.5,18.4,64
2024-08-09T06:00+00:00,4115,1.5,996.0,82.0,0.0,0.9,20.5,263
2024-08-09T07:00+00:00,4115,2.8,996.6,72.0,0.0,1.0,21.7,430
2024-08-09T08:00+00:00,4115,2.4,996.6,67.0,0.0,1.0,23.0,541
2024-08-09T09:00+00:00,4115,1.7,996.7,58.0,0.0,1.0,24.5,691
2024-08-09T10:00+00:00,4115,2.1,996.4,54.0,0.0,1.0,25.1,759
2024-08-09T11:00+00:00,4115,1.9,996.0,48.0,0.0,0.8,26.9,692
2024-08-09T12:00+00:00,4115,2.3,995.6,43.0,0.0,1.0,27.8,842
2024-08-09T13:00+00:00,4115,2.3,995.2,41.0,0.0,1.0,29.2,789
2024-08-09T14:00+00:00,4115,2.0,994.9,42.0,0.0,0.9,28.4,629
2024-08-09T15:00+00:00,4115,2.5,994.4,40.0,0.0,0.9,28.7,488
2024-08-09T16:00+00:00,4115,2.5,994.3,43.0,0.0,1.0,28.0,334
2024-08-09T17:00+00:00,4115,1.5,994.3,49.0,0.0,0.4,26.0,100
2024-08-09T18:00+00:00,4115,0.9,994.2,57.0,0.0,0.0,24.2,40
2024-08-09T19:00+00:00,4115,1.2,994.9,60.0,0.0,0.0,23.3,1
2024-08-09T20:00+00:00,4115,1.6,995.5,70.0,0.0,0.0,21.3,0
2024-08-09T21:00+00:00,4115,2.3,995.8,62.0,0.0,0.0,22.6,0
2024-08-09T22:00+00:00,4115,0.8,996.4,66.0,0.0,0.0,21.3,0
2024-08-09T23:00+00:00,4115,1.3,996.5,64.0,0.0,0.0,21.7,0
2024-08-10T00:00+00:00,4115,1.4,996.6,67.0,0.0,0.0,21.1,0
2024-08-10T01:00+00:00,4115,1.9,997.0,65.0,0.0,0.0,21.6,0
2024-08-10T02:00+00:00,4115,1.7,996.9,62.0,0.0,0.0,22.3,0
2024-08-10T03:00+00:00,4115,2.1,997.1,64.0,0.0,0.0,22.2,0
2024-08-10T04:00+00:00,4115,1.8,997.5,68.0,0.0,0.0,21.2,3
2024-08-10T05:00+00:00,4115,1.5,997.9,64.0,0.0,0.6,22.8,97
2024-08-10T06:00+00:00,4115,1.4,998.2,62.0,0.0,0.4,23.7,142
2024-08-10T07:00+00:00,4115,1.4,998.6,59.0,0.0,0.4,25.1,222
2024-08-10T08:00+00:00,4115,1.8,998.8,57.0,0.0,0.7,25.9,435
2024-08-10T09:00+00:00,4115,1.1,998.7,54.0,0.0,0.6,27.3,538
2024-08-10T10:00+00:00,4115,1.5,998.4,47.0,0.0,0.9,29.2,728
2024-08-10T11:00+00:00,4115,2.3,997.9,43.0,0.0,1.0,30.3,822
2024-08-10T12:00+00:00,4115,2.9,997.7,46.0,0.0,0.7,29.8,721
2024-08-10T13:00+00:00,4115,2.3,997.5,44.0,0.0,0.6,30.3,561
2024-08-10T14:00+00:00,4115,2.3,997.3,39.0,0.0,0.8,31.2,552
2024-08-10T15:00+00:00,4115,2.4,997.0,40.0,0.0,0.6,31.5,382
2024-08-10T16:00+00:00,4115,2.8,996.8,39.0,0.0,1.0,31.4,366
2024-08-10T17:00+00:00,4115,2.8,996.6,41.0,0.0,1.0,30.6,193
2024-08-10T18:00+00:00,4115,1.0,996.8,56.0,0.0,0.7,27.2,57
2024-08-10T19:00+00:00,4115,2.2,997.4,59.0,0.0,0.0,25.5,1
2024-08-10T20:00+00:00,4115,2.1,997.7,64.0,0.0,0.0,23.9,0
2024-08-10T21:00+00:00,4115,1.8,998.0,69.0,0.0,0.0,22.3,0
2024-08-10T22:00+00:00,4115,1.0,998.2,66.0,0.0,0.0,22.5,0
2024-08-10T23:00+00:00,4115,1.2,998.2,69.0,0.0,0.0,22.1,0
2024-08-11T00:00+00:00,4115,0.9,998.2,65.0,0.0,0.0,23.3,0
2024-08-11T01:00+00:00,4115,1.0,998.2,68.0,0.0,0.0,22.4,0
2024-08-11T02:00+00:00,4115,1.1,998.2,65.0,0.0,0.0,22.9,0
2024-08-11T03:00+00:00,4115,1.0,998.2,75.0,0.0,0.0,20.8,0
2024-08-11T04:00+00:00,4115,0.4,998.4,81.0,0.0,0.0,19.3,3
2024-08-11T05:00+00:00,4115,0.5,998.8,77.0,0.0,0.8,21.2,81
2024-08-11T06:00+00:00,4115,0.8,999.0,57.0,0.0,1.0,26.2,242
2024-08-11T07:00+00:00,4115,0.4,999.2,52.0,0.0,1.0,27.4,412
2024-08-11T08:00+00:00,4115,0.7,999.1,50.0,0.0,1.0,28.4,564
2024-08-11T09:00+00:00,4115,1.6,998.8,41.0,0.0,1.0,30.3,682
2024-08-11T10:00+00:00,4115,1.0,998.1,40.0,0.0,1.0,31.0,763
2024-08-11T11:00+00:00,4115,2.6,997.7,38.0,0.0,1.0,31.5,800
2024-08-11T12:00+00:00,4115,1.8,997.0,34.0,0.0,1.0,32.5,791
2024-08-11T13:00+00:00,4115,2.2,996.5,34.0,0.0,1.0,33.2,736
2024-08-11T14:00+00:00,4115,2.3,996.0,33.0,0.0,1.0,33.6,635
2024-08-11T15:00+00:00,4115,1.9,995.5,33.0,0.0,1.0,34.0,502
2024-08-11T16:00+00:00,4115,1.4,994.9,33.0,0.0,1.0,33.7,343
2024-08-11T17:00+00:00,4115,1.4,994.6,36.0,0.0,1.0,32.5,185
2024-08-11T18:00+00:00,4115,1.7,994.6,57.0,0.0,0.8,27.0,49
2024-08-11T19:00+00:00,4115,2.8,994.8,58.0,0.0,0.0,25.5,1
2024-08-11T20:00+00:00,4115,0.7,994.9,64.0,0.0,0.0,23.2,0
2024-08-11T21:00+00:00,4115,2.5,995.4,58.0,0.0,0.0,24.7,0
2024-08-11T22:00+00:00,4115,3.7,995.3,56.0,0.0,0.0,24.2,0
2024-08-11T23:00+00:00,4115,3.2,995.4,58.0,0.0,0.0,23.7,0
2024-08-12T00:00+00:00,4115,3.2,995.4,65.0,0.0,0.0,22.3,0
2024-08-12T01:00+00:00,4115,2.3,995.3,69.0,0.0,0.0,21.1,0
2024-08-12T02:00+00:00,4115,0.7,995.4,74.0,0.0,0.0,20.1,0
2024-08-12T03:00+00:00,4115,0.6,995.4,76.0,0.0,0.0,19.7,0
2024-08-12T04:00+00:00,4115,0.5,995.3,82.0,0.0,0.0,18.2,4
2024-08-12T05:00+00:00,4115,0.3,995.3,75.0,0.0,0.6,19.9,73
2024-08-12T06:00+00:00,4115,0.7,995.2,61.0,0.0,1.0,23.1,230
2024-08-12T07:00+00:00,4115,1.1,994.6,56.0,0.0,1.0,25.1,405
2024-08-12T08:00+00:00,4115,0.9,994.0,51.0,0.0,1.0,26.7,557
2024-08-12T09:00+00:00,4115,1.9,993.4,45.0,0.0,1.0,28.8,675
2024-08-12T10:00+00:00,4115,2.2,992.9,42.0,0.0,1.0,30.4,756
2024-08-12T11:00+00:00,4115,2.0,992.1,43.0,0.0,1.0,31.0,773
2024-08-12T12:00+00:00,4115,1.7,991.4,42.0,0.0,1.0,32.8,716
2024-08-12T13:00+00:00,4115,1.5,990.7,43.0,0.0,1.0,33.3,716
2024-08-12T14:00+00:00,4115,1.5,990.2,41.0,0.0,1.0,34.0,618
2024-08-12T15:00+00:00,4115,1.6,989.7,45.0,0.0,0.7,32.8,364
2024-08-12T16:00+00:00,4115,1.4,989.6,47.0,0.0,0.0,32.0,191
2024-08-12T17:00+00:00,4115,1.1,989.2,59.0,0.0,0.0,30.2,87
2024-08-12T18:00+00:00,4115,2.1,989.1,60.0,0.0,0.0,28.2,24
2024-08-12T19:00+00:00,4115,2.4,989.1,62.0,0.0,0.0,27.2,0
2024-08-12T20:00+00:00,4115,1.1,989.6,69.0,0.0,0.0,26.3,0
2024-08-12T21:00+00:00,4115,1.7,989.7,63.0,0.0,0.0,26.4,0
2024-08-12T22:00+00:00,4115,0.8,990.0,67.0,0.0,0.0,25.6,0
2024-08-12T23:00+00:00,4115,0.5,989.9,63.0,0.0,0.0,25.1,0
2024-08-13T00:00+00:00,4115,0.8,989.6,71.0,0.0,0.0,24.4,0
2024-08-13T01:00+00:00,4115,2.3,990.5,83.0,1.0,0.0,23.4,0
2024-08-13T02:00+00:00,4115,0.8,990.7,96.0,1.3,0.0,22.1,0
2024-08-13T03:00+00:00,4115,1.4,991.0,93.0,0.0,0.0,22.0,0
2024-08-13T04:00+00:00,4115,0.8,990.7,91.0,0.0,0.0,21.7,1
2024-08-13T05:00+00:00,4115,0.4,990.5,84.0,0.0,0.0,22.3,36
2024-08-13T06:00+00:00,4115,0.8,991.1,73.0,0.0,0.9,24.1,210
2024-08-13T07:00+00:00,4115,1.5,991.2,63.0,0.0,1.0,25.5,332
2024-08-13T08:00+00:00,4115,1.0,991.2,65.0,0.0,0.8,26.3,389
2024-08-13T09:00+00:00,4115,0.7,991.2,63.0,0.0,0.8,27.5,365
2024-08-13T10:00+00:00,4115,1.1,990.8,49.0,0.0,1.0,30.2,666
2024-08-13T11:00+00:00,4115,0.7,990.3,42.0,0.0,1.0,32.5,771
2024-08-13T12:00+00:00,4115,1.5,989.7,39.0,0.0,1.0,33.3,769
2024-08-13T13:00+00:00,4115,1.1,989.1,37.0,0.0,1.0,34.7,710
2024-08-13T14:00+00:00,4115,1.6,988.9,39.0,0.0,1.0,34.5,610
2024-08-13T15:00+00:00,4115,1.8,988.7,41.0,0.0,1.0,33.5,363
2024-08-13T16:00+00:00,4115,2.1,988.5,45.0,0.0,0.7,33.0,226
2024-08-13T17:00+00:00,4115,0.8,987.8,55.0,0.0,0.6,31.1,116
2024-08-13T18:00+00:00,4115,0.7,988.2,67.0,0.0,0.0,28.1,25
2024-08-13T19:00+00:00,4115,1.8,988.6,42.0,0.0,0.0,29.1,0
2024-08-13T20:00+00:00,4115,2.1,989.2,54.0,0.0,0.0,25.8,0
2024-08-13T21:00+00:00,4115,1.7,989.6,50.0,0.0,0.0,26.1,0
2024-08-13T22:00+00:00,4115,2.0,989.6,50.0,0.0,0.0,25.1,0
2024-08-13T23:00+00:00,4115,0.9,989.8,53.0,0.0,0.0,23.4,0
2024-08-14T00:00+00:00,4115,1.1,990.1,56.0,0.0,0.0,23.6,0
2024-08-14T01:00+00:00,4115,0.6,989.9,74.0,0.0,0.0,21.6,0
2024-08-14T02:00+00:00,4115,2.4,989.8,65.0,0.0,0.0,21.6,0
2024-08-14T03:00+00:00,4115,2.1,989.9,63.0,0.0,0.0,21.4,0
2024-08-14T04:00+00:00,4115,1.1,990.1,70.0,0.0,0.0,20.1,1
2024-08-14T05:00+00:00,4115,0.3,990.3,68.0,0.0,0.7,22.2,64
2024-08-14T06:00+00:00,4115,1.6,990.5,58.0,0.0,1.0,25.2,216
2024-08-14T07:00+00:00,4115,2.6,990.7,48.0,0.0,1.0,26.9,384
2024-08-14T08:00+00:00,4115,2.8,990.7,43.0,0.0,1.0,28.9,541
2024-08-14T09:00+00:00,4115,2.6,990.4,42.0,0.0,1.0,29.9,665
2024-08-14T10:00+00:00,4115,3.1,990.2,39.0,0.0,1.0,31.9,740
2024-08-14T11:00+00:00,4115,2.9,989.8,37.0,0.0,1.0,32.7,775
2024-08-14T12:00+00:00,4115,2.8,989.6,36.0,0.0,1.0,34.4,773
2024-08-14T13:00+00:00,4115,2.4,989.6,41.0,0.0,0.6,32.3,510
2024-08-14T14:00+00:00,4115,1.5,989.2,42.0,0.0,0.0,31.8,135
2024-08-14T15:00+00:00,4115,0.5,989.2,56.0,0.0,0.0,30.0,67
2024-08-14T16:00+00:00,4115,1.3,988.6,55.0,0.0,0.0,29.4,43
2024-08-14T17:00+00:00,4115,1.0,988.6,51.0,0.0,0.4,31.3,121
2024-08-14T18:00+00:00,4115,0.4,989.0,69.0,0.0,0.4,27.2,45
2024-08-14T19:00+00:00,4115,0.3,989.6,76.0,0.0,0.0,24.5,1
2024-08-14T20:00+00:00,4115,0.9,990.1,74.0,0.0,0.0,23.8,0
2024-08-14T21:00+00:00,4115,0.6,990.3,73.0,0.0,0.0,23.3,0
2024-08-14T22:00+00:00,4115,1.5,990.3,70.0,0.0,0.0,24.7,0
2024-08-14T23:00+00:00,4115,0.2,991.1,73.0,0.0,0.0,23.9,0
2024-08-15T00:00+00:00,4115,0.8,991.8,57.0,0.0,0.0,25.0,0
2024-08-15T01:00+00:00,4115,2.2,992.4,54.0,0.0,0.0,24.7,0
2024-08-15T02:00+00:00,4115,1.5,992.7,60.0,0.0,0.0,23.4,0
2024-08-15T03:00+00:00,4115,1.7,993.0,66.0,0.0,0.0,22.4,0
2024-08-15T04:00+00:00,4115,0.6,993.5,72.0,0.0,0.0,21.0,1
2024-08-15T05:00+00:00,4115,2.2,993.6,63.0,0.0,0.4,23.6,48
2024-08-15T06:00+00:00,4115,2.4,993.8,60.0,0.0,0.9,24.5,156
2024-08-15T07:00+00:00,4115,3.2,994.2,56.0,0.0,1.0,26.0,371
2024-08-15T08:00+00:00,4115,3.2,994.5,53.0,0.0,1.0,27.4,538
2024-08-15T09:00+00:00,4115,2.6,994.4,49.0,0.0,1.0,29.0,654
2024-08-15T10:00+00:00,4115,2.7,994.4,45.0,0.0,1.0,29.7,741
2024-08-15T11:00+00:00,4115,2.0,994.1,42.0,0.0,1.0,31.2,781
2024-08-15T12:00+00:00,4115,2.3,993.7,40.0,0.0,1.0,32.0,772
2024-08-15T13:00+00:00,4115,1.8,993.3,37.0,0.0,1.0,33.2,709
2024-08-15T14:00+00:00,4115,1.9,993.4,37.0,0.0,1.0,33.3,608
2024-08-15T15:00+00:00,4115,1.5,993.1,34.0,0.0,1.0,33.8,477
2024-08-15T16:00+00:00,4115,1.7,992.6,35.0,0.0,1.0,33.5,323
2024-08-15T17:00+00:00,4115,1.6,992.6,38.0,0.0,1.0,32.4,163
2024-08-15T18:00+00:00,4115,1.3,993.0,55.0,0.0,0.4,28.0,34
2024-08-15T19:00+00:00,4115,1.4,993.5,57.0,0.0,0.0,25.8,1
2024-08-15T20:00+00:00,4115,1.7,994.0,45.0,0.0,0.0,27.5,0
2024-08-15T21:00+00:00,4115,1.0,994.1,55.0,0.0,0.0,25.5,0
2024-08-15T22:00+00:00,4115,0.4,994.1,60.0,0.0,0.0,24.2,0
2024-08-15T23:00+00:00,4115,0.6,994.1,66.0,0.0,0.0,23.0,0
2024-08-16T00:00+00:00,4115,1.3,994.1,65.0,0.0,0.0,23.2,0
2024-08-16T01:00+00:00,4115,0.4,994.4,68.0,0.0,0.0,22.3,0
2024-08-16T02:00+00:00,4115,0.6,994.1,70.0,0.0,0.0,21.9,0
2024-08-16T03:00+00:00,4115,0.5,994.0,75.0,0.0,0.0,21.0,0
2024-08-16T04:00+00:00,4115,0.2,994.2,79.0,0.0,0.0,20.5,1
2024-08-16T05:00+00:00,4115,0.3,994.8,76.0,0.0,0.4,21.5,52
2024-08-16T06:00+00:00,4115,0.5,994.9,64.0,0.0,0.6,24.5,141
2024-08-16T07:00+00:00,4115,1.1,994.9,57.0,0.0,1.0,27.4,375
2024-08-16T08:00+00:00,4115,2.3,994.9,53.0,0.0,1.0,28.7,533
2024-08-16T09:00+00:00,4115,1.0,994.5,47.0,0.0,1.0,30.5,652
2024-08-16T10:00+00:00,4115,1.0,994.3,41.0,0.0,1.0,31.8,726
2024-08-16T11:00+00:00,4115,1.4,993.7,41.0,0.0,1.0,33.0,758
2024-08-16T12:00+00:00,4115,1.6,993.2,39.0,0.0,1.0,33.5,741
2024-08-16T13:00+00:00,4115,1.4,992.7,37.0,0.0,1.0,35.0,690
2024-08-16T14:00+00:00,4115,1.5,991.9,36.0,0.0,1.0,35.0,616
2024-08-16T15:00+00:00,4115,2.3,991.2,37.0,0.0,1.0,34.5,418
2024-08-16T16:00+00:00,4115,2.6,991.1,38.0,0.0,1.0,33.9,313
2024-08-16T17:00+00:00,4115,2.5,991.0,43.0,0.0,0.5,32.1,145
2024-08-16T18:00+00:00,4115,3.2,992.0,45.0,0.0,0.0,30.5,10
2024-08-16T19:00+00:00,4115,2.6,992.2,70.0,0.0,0.0,25.6,0
2024-08-16T20:00+00:00,4115,0.9,991.9,85.0,0.6,0.0,23.3,0
2024-08-16T21:00+00:00,4115,1.4,992.2,86.0,0.0,0.0,22.8,0
2024-08-16T22:00+00:00,4115,0.7,992.3,81.0,0.0,0.0,23.1,0
2024-08-16T23:00+00:00,4115,1.1,991.9,81.0,0.0,0.0,22.2,0
2024-08-17T00:00+00:00,4115,0.3,991.6,85.0,0.0,0.0,21.2,0
2024-08-17T01:00+00:00,4115,1.3,991.4,85.0,0.0,0.0,20.9,0
2024-08-17T02:00+00:00,4115,0.6,991.3,90.0,0.0,0.0,20.1,0
2024-08-17T03:00+00:00,4115,0.5,991.2,91.0,0.0,0.0,19.3,0
2024-08-17T04:00+00:00,4115,0.5,991.1,94.0,0.0,0.0,19.1,1
2024-08-17T05:00+00:00,4115,0.3,991.1,88.0,0.0,0.4,20.8,53
2024-08-17T06:00+00:00,4115,0.5,991.3,74.0,0.0,1.0,24.1,217
2024-08-17T07:00+00:00,4115,0.8,991.1,67.0,0.0,0.8,26.3,358
2024-08-17T08:00+00:00,4115,0.5,991.1,66.0,0.0,0.6,27.0,396
2024-08-17T09:00+00:00,4115,1.3,991.1,62.0,0.0,0.0,27.5,352
2024-08-17T10:00+00:00,4115,2.0,990.7,54.0,0.0,0.5,30.1,598
2024-08-17T11:00+00:00,4115,2.9,990.0,47.0,0.0,1.0,32.0,832
2024-08-17T12:00+00:00,4115,2.8,989.1,45.0,0.0,1.0,32.4,746
2024-08-17T13:00+00:00,4115,1.9,988.4,43.0,0.0,1.0,33.4,681
2024-08-17T14:00+00:00,4115,1.4,988.2,48.0,0.0,0.4,31.1,328
2024-08-17T15:00+00:00,4115,4.9,990.4,91.0,13.4,0.0,20.0,9
2024-08-17T16:00+00:00,4115,1.4,988.6,95.0,10.2,0.0,20.7,9
2024-08-17T17:00+00:00,4115,2.0,988.5,84.0,0.0,0.0,22.4,9
2024-08-17T18:00+00:00,4115,2.4,989.0,87.0,0.7,0.0,21.6,1
2024-08-17T19:00+00:00,4115,0.7,989.5,84.0,0.0,0.0,21.7,0
2024-08-17T20:00+00:00,4115,0.3,989.6,93.0,0.1,0.0,20.8,0
2024-08-17T21:00+00:00,4115,1.1,989.6,88.0,0.0,0.0,21.4,0
2024-08-17T22:00+00:00,4115,1.3,989.1,93.0,0.0,0.0,21.0,0
2024-08-17T23:00+00:00,4115,0.6,989.0,96.0,0.7,0.0,20.8,0
2024-08-18T00:00+00:00,4115,0.5,989.0,97.0,0.9,0.0,20.8,0
2024-08-18T01:00+00:00,4115,0.9,988.6,97.0,0.2,0.0,20.7,0
2024-08-18T02:00+00:00,4115,0.4,987.7,98.0,0.0,0.0,20.2,0
2024-08-18T03:00+00:00,4115,1.0,987.6,98.0,0.0,0.0,20.0,0
2024-08-18T04:00+00:00,4115,1.1,987.3,98.0,0.0,0.0,19.8,0
2024-08-18T05:00+00:00,4115,1.0,987.5,99.0,0.0,0.0,20.5,51
2024-08-18T06:00+00:00,4115,1.4,987.6,94.0,0.0,0.6,22.0,157
2024-08-18T07:00+00:00,4115,2.2,987.5,89.0,0.0,0.5,21.8,276
2024-08-18T08:00+00:00,4115,2.2,987.3,86.0,0.0,0.0,22.1,209
2024-08-18T09:00+00:00,4115,2.0,986.6,77.0,0.0,0.1,24.0,343
2024-08-18T10:00+00:00,4115,1.9,986.3,76.0,0.0,0.2,24.8,471
2024-08-18T11:00+00:00,4115,2.2,985.6,70.0,0.0,0.1,26.3,386
2024-08-18T12:00+00:00,4115,2.4,984.9,68.0,0.0,0.3,27.6,474
2024-08-18T13:00+00:00,4115,2.9,984.0,62.0,0.0,0.8,29.6,643
2024-08-18T14:00+00:00,4115,2.5,983.1,57.0,0.0,0.8,30.5,498
2024-08-18T15:00+00:00,4115,2.5,982.5,53.0,0.0,1.0,31.1,452
2024-08-18T16:00+00:00,4115,2.6,982.3,54.0,0.0,0.6,29.7,211
2024-08-18T17:00+00:00,4115,1.4,982.4,64.0,0.0,0.0,28.1,33
2024-08-18T18:00+00:00,4115,1.5,983.7,72.0,0.0,0.0,23.4,7
2024-08-18T19:00+00:00,4115,3.7,984.6,81.0,0.0,0.0,21.9,0
2024-08-18T20:00+00:00,4115,3.1,984.9,84.0,0.0,0.0,21.4,0
2024-08-18T21:00+00:00,4115,2.4,986.0,85.0,0.0,0.0,21.1,0
2024-08-18T22:00+00:00,4115,1.0,986.2,87.0,0.0,0.0,21.0,0
2024-08-18T23:00+00:00,4115,0.9,986.9,95.0,0.0,0.0,19.6,0
2024-08-19T00:00+00:00,4115,2.7,986.4,88.0,0.0,0.0,21.1,0
2024-08-19T01:00+00:00,4115,3.2,987.0,85.0,0.0,0.0,20.6,0
2024-08-19T02:00+00:00,4115,3.6,987.4,85.0,0.0,0.0,19.8,0
2024-08-19T03:00+00:00,4115,2.8,987.1,84.0,0.0,0.0,19.8,0
2024-08-19T04:00+00:00,4115,3.3,987.8,85.0,0.0,0.0,19.6,0
2024-08-19T05:00+00:00,4115,2.6,988.1,84.0,0.0,0.0,20.0,28
2024-08-19T06:00+00:00,4115,2.8,989.1,80.0,0.0,1.0,21.3,207
2024-08-19T07:00+00:00,4115,3.0,989.7,75.0,0.0,1.0,23.0,384
2024-08-19T08:00+00:00,4115,3.4,990.1,73.0,0.0,0.9,23.3,510
2024-08-19T09:00+00:00,4115,3.3,990.5,71.0,0.0,0.9,23.8,640
2024-08-19T10:00+00:00,4115,3.8,990.7,68.0,0.0,0.9,25.1,631
2024-08-19T11:00+00:00,4115,3.8,990.7,64.0,0.0,1.0,25.5,793
2024-08-19T12:00+00:00,4115,3.9,990.8,62.0,0.0,0.9,25.5,711
2024-08-19T13:00+00:00,4115,4.5,991.2,64.0,0.0,1.0,24.6,696
2024-08-19T14:00+00:00,4115,5.3,991.4,71.0,0.0,0.9,22.6,511
2024-08-19T15:00+00:00,4115,4.5,991.2,73.0,0.0,0.4,22.0,302
2024-08-19T16:00+00:00,4115,4.8,991.3,75.0,0.0,0.8,20.8,234
2024-08-19T17:00+00:00,4115,5.2,991.6,77.0,0.0,0.0,19.9,75
2024-08-19T18:00+00:00,4115,4.5,992.7,77.0,0.0,0.0,19.7,19
2024-08-19T19:00+00:00,4115,4.5,993.7,78.0,0.0,0.0,19.4,0
2024-08-19T20:00+00:00,4115,4.0,994.0,80.0,0.0,0.0,19.1,0
2024-08-19T21:00+00:00,4115,3.2,994.3,81.0,0.0,0.0,19.0,0
2024-08-19T22:00+00:00,4115,2.4,994.4,81.0,0.0,0.0,19.5,0
2024-08-19T23:00+00:00,4115,2.5,993.6,82.0,0.0,0.0,19.1,0
2024-08-20T00:00+00:00,4115,2.1,993.3,82.0,0.0,0.0,19.3,0
2024-08-20T01:00+00:00,4115,1.7,993.3,83.0,0.0,0.0,19.2,0
2024-08-20T02:00+00:00,4115,1.6,993.3,85.0,0.0,0.0,19.1,0
2024-08-20T03:00+00:00,4115,2.0,992.9,84.0,0.0,0.0,19.2,0
2024-08-20T04:00+00:00,4115,2.0,992.7,83.0,0.0,0.0,19.3,0
2024-08-20T05:00+00:00,4115,1.9,992.7,82.0,0.0,0.0,19.5,20
2024-08-20T06:00+00:00,4115,2.5,993.0,79.0,0.0,0.0,20.2,118
2024-08-20T07:00+00:00,4115,2.7,992.7,76.0,0.0,0.1,20.9,209
2024-08-20T08:00+00:00,4115,2.8,992.6,69.0,0.0,0.9,23.5,485
2024-08-20T09:00+00:00,4115,2.3,992.4,66.0,0.0,0.9,24.3,613
2024-08-20T10:00+00:00,4115,2.9,991.9,64.0,0.0,0.8,24.9,569
2024-08-20T11:00+00:00,4115,2.6,991.3,63.0,0.0,0.4,26.1,490
2024-08-20T12:00+00:00,4115,2.3,990.9,61.0,0.0,0.3,26.6,504
2024-08-20T13:00+00:00,4115,2.3,990.1,56.0,0.0,0.9,28.1,666
2024-08-20T14:00+00:00,4115,1.4,989.3,55.0,0.0,1.0,28.8,586
2024-08-20T15:00+00:00,4115,1.7,988.9,58.0,0.0,1.0,28.4,389
2024-08-20T16:00+00:00,4115,1.4,988.9,62.0,0.0,0.0,27.5,157
2024-08-20T17:00+00:00,4115,0.9,988.8,64.0,0.0,0.0,27.1,98
2024-08-20T18:00+00:00,4115,1.6,989.1,69.0,0.0,0.0,25.3,36
2024-08-20T19:00+00:00,4115,0.6,989.5,68.0,0.0,0.0,23.5,0
2024-08-20T20:00+00:00,4115,0.7,989.1,78.0,0.0,0.0,21.9,0
2024-08-20T21:00+00:00,4115,0.5,989.0,83.0,0.0,0.0,20.8,0
2024-08-20T22:00+00:00,4115,1.7,988.5,83.0,0.0,0.0,20.7,0
2024-08-20T23:00+00:00,4115,1.4,988.4,86.0,0.0,0.0,19.7,0
2024-08-21T00:00+00:00,4115,1.3,988.5,90.0,0.0,0.0,18.8,0
2024-08-21T01:00+00:00,4115,1.0,988.8,90.0,0.0,0.0,18.9,0
2024-08-21T02:00+00:00,4115,2.0,988.8,82.0,0.0,0.0,21.5,0
2024-08-21T03:00+00:00,4115,3.1,988.7,75.0,0.0,0.0,21.9,0
2024-08-21T04:00+00:00,4115,5.1,989.1,71.0,0.0,0.0,21.5,0
2024-08-21T05:00+00:00,4115,4.4,989.6,72.0,0.0,0.0,21.5,21
2024-08-21T06:00+00:00,4115,4.8,989.8,70.0,0.0,0.0,21.9,44
2024-08-21T07:00+00:00,4115,4.1,990.9,70.0,0.0,0.0,21.8,44
2024-08-21T08:00+00:00,4115,3.7,991.6,73.0,0.0,0.0,21.7,50
2024-08-21T09:00+00:00,4115,3.3,992.2,67.0,0.1,0.0,22.6,99
2024-08-21T10:00+00:00,4115,2.9,992.3,67.0,0.0,0.0,23.0,154
2024-08-21T11:00+00:00,4115,3.5,992.5,75.0,0.0,0.0,22.0,179
2024-08-21T12:00+00:00,4115,2.4,992.6,71.0,0.0,0.0,22.5,126
2024-08-21T13:00+00:00,4115,2.5,992.0,58.0,0.0,0.2,25.4,387
2024-08-21T14:00+00:00,4115,2.2,991.5,51.0,0.0,0.2,26.9,374
2024-08-21T15:00+00:00,4115,3.7,991.6,53.0,0.0,0.5,26.1,322
2024-08-21T16:00+00:00,4115,3.7,991.6,58.0,0.0,0.8,24.7,276
2024-08-21T17:00+00:00,4115,3.2,992.4,63.0,0.0,0.4,22.8,84
2024-08-21T18:00+00:00,4115,2.5,993.2,66.0,0.0,0.0,21.7,15
2024-08-21T19:00+00:00,4115,3.7,993.8,71.0,0.0,0.0,21.6,0
2024-08-21T20:00+00:00,4115,4.2,994.1,75.0,0.0,0.0,20.6,0
2024-08-21T21:00+00:00,4115,4.2,994.6,72.0,0.0,0.0,20.3,0
2024-08-21T22:00+00:00,4115,3.0,995.5,71.0,0.0,0.0,19.5,0
2024-08-21T23:00+00:00,4115,1.6,995.8,73.0,0.0,0.0,18.1,0
2024-08-22T00:00+00:00,4115,2.0,995.6,66.0,0.0,0.0,17.9,0
2024-08-22T01:00+00:00,4115,1.4,995.6,67.0,0.0,0.0,17.0,0
2024-08-22T02:00+00:00,4115,0.5,995.5,72.0,0.0,0.0,16.0,0
2024-08-22T03:00+00:00,4115,0.8,995.2,80.0,0.0,0.0,15.0,0
2024-08-22T04:00+00:00,4115,1.3,994.9,79.0,0.0,0.0,15.7,0
2024-08-22T05:00+00:00,4115,0.6,994.9,80.0,0.0,0.0,15.5,31
2024-08-22T06:00+00:00,4115,0.8,994.9,73.0,0.0,0.0,17.9,123
2024-08-22T07:00+00:00,4115,0.6,995.1,56.0,0.0,0.5,20.5,285
2024-08-22T08:00+00:00,4115,1.0,994.9,52.0,0.0,1.0,21.7,473
2024-08-22T09:00+00:00,4115,1.1,994.7,47.0,0.0,1.0,23.1,571
2024-08-22T10:00+00:00,4115,2.1,994.3,47.0,0.0,0.2,23.0,496
2024-08-22T11:00+00:00,4115,1.4,993.8,44.0,0.0,0.9,24.8,602
2024-08-22T12:00+00:00,4115,1.4,993.3,41.0,0.0,0.7,25.1,584
2024-08-22T13:00+00:00,4115,1.5,992.7,41.0,0.0,0.3,24.9,466
2024-08-22T14:00+00:00,4115,1.6,992.1,41.0,0.0,0.0,24.9,334
2024-08-22T15:00+00:00,4115,1.7,991.6,42.0,0.0,0.0,24.7,289
2024-08-22T16:00+00:00,4115,1.6,991.5,44.0,0.0,0.0,24.5,215
2024-08-22T17:00+00:00,4115,1.3,991.2,47.0,0.0,0.0,23.4,100
2024-08-22T18:00+00:00,4115,1.1,991.4,58.0,0.0,0.0,20.8,24
2024-08-22T19:00+00:00,4115,1.4,991.9,68.0,0.0,0.0,18.4,0
2024-08-22T20:00+00:00,4115,1.2,992.2,78.0,0.0,0.0,16.2,0
2024-08-22T21:00+00:00,4115,1.1,992.4,81.0,0.0,0.0,15.1,0
2024-08-22T22:00+00:00,4115,0.4,992.3,80.0,0.0,0.0,14.7,0
2024-08-22T23:00+00:00,4115,0.9,992.2,80.0,0.0,0.0,14.2,0
2024-08-23T00:00+00:00,4115,1.1,992.5,80.0,0.0,0.0,13.8,0
2024-08-23T01:00+00:00,4115,0.7,992.6,79.0,0.0,0.0,13.9,0
2024-08-23T02:00+00:00,4115,0.5,992.7,86.0,0.0,0.0,12.6,0
2024-08-23T03:00+00:00,4115,0.3,993.2,92.0,0.0,0.0,11.4,0
2024-08-23T04:00+00:00,4115,0.5,993.1,94.0,0.0,0.0,11.7,0
2024-08-23T05:00+00:00,4115,0.3,993.3,92.0,0.0,0.5,13.2,49
2024-08-23T06:00+00:00,4115,0.4,993.5,78.0,0.0,1.0,17.0,206
2024-08-23T07:00+00:00,4115,0.4,993.8,67.0,0.0,1.0,19.4,379
2024-08-23T08:00+00:00,4115,0.7,993.7,59.0,0.0,1.0,21.8,492
2024-08-23T09:00+00:00,4115,0.7,993.6,54.0,0.0,1.0,23.8,602
2024-08-23T10:00+00:00,4115,1.5,993.3,47.0,0.0,1.0,26.2,722
2024-08-23T11:00+00:00,4115,1.7,993.1,46.0,0.0,1.0,27.7,740
2024-08-23T12:00+00:00,4115,1.9,992.5,44.0,0.0,1.0,28.7,729
2024-08-23T13:00+00:00,4115,1.4,992.1,42.0,0.0,1.0,30.2,650
2024-08-23T14:00+00:00,4115,1.4,991.8,41.0,0.0,1.0,30.7,513
2024-08-23T15:00+00:00,4115,1.8,991.5,42.0,0.0,1.0,30.8,390
2024-08-23T16:00+00:00,4115,1.9,991.3,41.0,0.0,1.0,30.7,233
2024-08-23T17:00+00:00,4115,1.4,991.2,46.0,0.0,1.0,29.8,142
2024-08-23T18:00+00:00,4115,0.6,991.4,68.0,0.0,0.4,24.6,27
2024-08-23T19:00+00:00,4115,1.7,992.0,75.0,0.0,0.0,22.2,0
2024-08-23T20:00+00:00,4115,1.3,992.2,77.0,0.0,0.0,21.4,0
2024-08-23T21:00+00:00,4115,0.7,992.7,84.0,0.0,0.0,19.9,0
2024-08-23T22:00+00:00,4115,0.7,993.0,82.0,0.0,0.0,20.1,0
2024-08-23T23:00+00:00,4115,0.2,993.3,90.0,0.0,0.0,17.9,0
2024-08-24T00:00+00:00,4115,0.6,993.5,86.0,0.0,0.0,17.5,0
2024-08-24T01:00+00:00,4115,0.9,993.8,85.0,0.0,0.0,18.0,0
2024-08-24T02:00+00:00,4115,0.6,994.0,91.0,0.0,0.0,16.6,0
2024-08-24T03:00+00:00,4115,0.4,994.1,90.0,0.0,0.0,15.9,0
2024-08-24T04:00+00:00,4115,0.0,994.4,92.0,0.0,0.0,15.2,0
2024-08-24T05:00+00:00,4115,1.0,994.8,93.0,0.0,0.4,16.6,43
2024-08-24T06:00+00:00,4115,0.6,995.2,75.0,0.0,1.0,20.7,192
2024-08-24T07:00+00:00,4115,0.3,995.4,69.0,0.0,1.0,22.6,364
2024-08-24T08:00+00:00,4115,0.6,995.5,60.0,0.0,1.0,24.9,521
2024-08-24T09:00+00:00,4115,0.7,995.2,48.0,0.0,1.0,27.2,641
2024-08-24T10:00+00:00,4115,1.2,994.7,41.0,0.0,1.0,29.2,726
2024-08-24T11:00+00:00,4115,2.0,994.3,47.0,0.0,1.0,30.8,758
2024-08-24T12:00+00:00,4115,2.4,993.6,45.0,0.0,1.0,32.2,740
2024-08-24T13:00+00:00,4115,2.5,993.0,39.0,0.0,1.0,33.5,678
2024-08-24T14:00+00:00,4115,3.0,992.4,37.0,0.0,1.0,34.0,573
2024-08-24T15:00+00:00,4115,3.1,991.9,37.0,0.0,1.0,33.8,433
2024-08-24T16:00+00:00,4115,3.1,991.2,36.0,0.0,1.0,33.2,286
2024-08-24T17:00+00:00,4115,2.6,990.7,41.0,0.0,1.0,31.7,131
2024-08-24T18:00+00:00,4115,1.8,990.4,45.0,0.0,0.4,29.3,21
2024-08-24T19:00+00:00,4115,1.6,990.7,51.0,0.0,0.0,27.6,0
2024-08-24T20:00+00:00,4115,1.3,990.5,60.0,0.0,0.0,25.7,0
2024-08-24T21:00+00:00,4115,1.7,990.4,70.0,0.0,0.0,23.5,0
2024-08-24T22:00+00:00,4115,1.6,990.1,77.0,0.0,0.0,21.9,0
2024-08-24T23:00+00:00,4115,1.9,990.0,79.0,0.0,0.0,21.7,0
2024-08-25T00:00+00:00,4115,2.1,989.8,83.0,0.0,0.0,20.9,0
2024-08-25T01:00+00:00,4115,2.0,989.9,78.0,0.0,0.0,21.7,0
2024-08-25T02:00+00:00,4115,1.5,989.8,88.0,0.0,0.0,19.4,0
2024-08-25T03:00+00:00,4115,2.0,990.1,89.0,0.0,0.0,18.8,0
2024-08-25T04:00+00:00,4115,2.0,990.7,90.0,0.0,0.0,18.6,0
2024-08-25T05:00+00:00,4115,1.9,991.2,91.0,0.0,0.0,18.8,19
2024-08-25T06:00+00:00,4115,0.5,992.3,77.0,0.0,1.0,22.3,166
2024-08-25T07:00+00:00,4115,3.4,992.7,58.0,0.0,1.0,26.4,350
2024-08-25T08:00+00:00,4115,3.6,993.4,51.0,0.0,1.0,28.9,509
2024-08-25T09:00+00:00,4115,4.3,993.8,44.0,0.0,1.0,30.3,627
2024-08-25T10:00+00:00,4115,4.5,994.3,40.0,0.0,1.0,30.9,712
2024-08-25T11:00+00:00,4115,4.5,994.3,37.0,0.0,1.0,31.5,749
2024-08-25T12:00+00:00,4115,5.0,994.2,37.0,0.0,1.0,31.8,732
2024-08-25T13:00+00:00,4115,4.9,994.1,36.0,0.0,1.0,32.0,673
2024-08-25T14:00+00:00,4115,4.0,994.1,40.0,0.0,1.0,32.2,577
2024-08-25T15:00+00:00,4115,4.2,994.4,41.0,0.0,1.0,31.2,435
2024-08-25T16:00+00:00,4115,4.4,994.7,46.0,0.0,1.0,29.7,279
2024-08-25T17:00+00:00,4115,4.3,995.4,53.0,0.0,0.9,27.4,117
2024-08-25T18:00+00:00,4115,4.8,996.3,55.0,0.0,0.0,25.8,7
2024-08-25T19:00+00:00,4115,4.1,997.0,59.0,0.0,0.0,24.4,0
2024-08-25T20:00+00:00,4115,4.4,997.7,65.0,0.0,0.0,23.1,0
2024-08-25T21:00+00:00,4115,4.9,997.9,61.0,0.0,0.0,22.2,0
2024-08-25T22:00+00:00,4115,3.8,998.2,71.0,0.0,0.0,20.4,0
2024-08-25T23:00+00:00,4115,3.8,998.2,75.0,0.0,0.0,19.5,0
2024-08-26T00:00+00:00,4115,3.8,998.7,78.0,0.0,0.0,18.7,0
2024-08-26T01:00+00:00,4115,3.6,998.7,78.0,0.0,0.0,19.1,0
2024-08-26T02:00+00:00,4115,3.7,998.2,76.0,0.0,0.0,18.8,0
2024-08-26T03:00+00:00,4115,2.4,998.2,77.0,0.0,0.0,18.3,0
2024-08-26T04:00+00:00,4115,3.4,998.4,85.0,0.0,0.0,17.0,0
2024-08-26T05:00+00:00,4115,3.8,998.4,83.0,0.0,0.0,17.1,29
2024-08-26T06:00+00:00,4115,3.9,998.4,80.0,0.0,0.3,17.7,111
2024-08-26T07:00+00:00,4115,4.0,998.2,75.0,0.0,0.9,19.3,348
2024-08-26T08:00+00:00,4115,3.7,998.0,63.0,0.0,1.0,22.3,519
2024-08-26T09:00+00:00,4115,3.6,997.9,55.0,0.0,1.0,24.2,641
2024-08-26T10:00+00:00,4115,3.4,997.6,53.0,0.0,1.0,25.2,711
2024-08-26T11:00+00:00,4115,3.5,997.1,51.0,0.0,1.0,26.9,730
2024-08-26T12:00+00:00,4115,3.8,996.6,48.0,0.0,1.0,27.8,716
2024-08-26T13:00+00:00,4115,3.9,996.3,47.0,0.0,1.0,28.2,653
2024-08-26T14:00+00:00,4115,3.9,995.9,46.0,0.0,1.0,28.0,536
2024-08-26T15:00+00:00,4115,3.5,995.8,47.0,0.0,1.0,27.6,380
2024-08-26T16:00+00:00,4115,3.4,995.6,50.0,0.0,1.0,26.9,208
2024-08-26T17:00+00:00,4115,3.1,995.9,53.0,0.0,0.3,25.6,76
2024-08-26T18:00+00:00,4115,2.9,996.6,59.0,0.0,0.0,24.4,10
2024-08-26T19:00+00:00,4115,3.1,997.3,65.0,0.0,0.0,22.9,0
2024-08-26T20:00+00:00,4115,3.0,998.1,67.0,0.0,0.0,22.0,0
2024-08-26T21:00+00:00,4115,2.6,998.5,70.0,0.0,0.0,21.1,0
2024-08-26T22:00+00:00,4115,2.0,998.8,73.0,0.0,0.0,20.7,0
2024-08-26T23:00+00:00,4115,2.5,998.8,76.0,0.0,0.0,20.2,0
2024-08-27T00:00+00:00,4115,2.5,998.8,78.0,0.0,0.0,19.5,0
2024-08-27T01:00+00:00,4115,2.4,998.8,79.0,0.0,0.0,18.9,0
2024-08-27T02:00+00:00,4115,2.1,999.1,82.0,0.0,0.0,18.4,0
2024-08-27T03:00+00:00,4115,2.2,999.3,86.0,0.0,0.0,17.9,0
2024-08-27T04:00+00:00,4115,1.8,999.3,85.0,0.0,0.0,17.9,0
2024-08-27T05:00+00:00,4115,2.7,999.6,84.0,0.0,0.0,17.9,28
2024-08-27T06:00+00:00,4115,2.6,999.8,81.0,0.0,0.0,18.7,86
2024-08-27T07:00+00:00,4115,2.8,999.7,76.0,0.0,0.4,19.9,206
2024-08-27T08:00+00:00,4115,2.3,999.6,73.0,0.0,0.0,20.8,228
2024-08-27T09:00+00:00,4115,2.2,999.6,66.0,0.0,0.0,22.6,316
2024-08-27T10:00+00:00,4115,2.9,999.2,59.0,0.0,0.4,24.2,434
2024-08-27T11:00+00:00,4115,3.3,998.7,53.0,0.0,1.0,25.5,553
2024-08-27T12:00+00:00,4115,3.3,998.2,46.0,0.0,1.0,28.0,709
2024-08-27T13:00+00:00,4115,3.6,997.7,44.0,0.0,1.0,28.6,667
2024-08-27T14:00+00:00,4115,3.4,997.1,41.0,0.0,1.0,29.1,576
2024-08-27T15:00+00:00,4115,3.3,996.6,42.0,0.0,0.9,28.5,325
2024-08-27T16:00+00:00,4115,3.0,996.4,44.0,0.0,1.0,28.6,276
2024-08-27T17:00+00:00,4115,3.5,996.6,48.0,0.0,1.0,27.1,118
2024-08-27T18:00+00:00,4115,2.6,997.3,55.0,0.0,0.1,25.2,18
2024-08-27T19:00+00:00,4115,2.5,997.7,62.0,0.0,0.0,23.6,0
2024-08-27T20:00+00:00,4115,3.1,997.7,66.0,0.0,0.0,23.3,0
2024-08-27T21:00+00:00,4115,1.3,997.7,75.0,0.0,0.0,21.3,0
2024-08-27T22:00+00:00,4115,0.8,997.6,80.0,0.0,0.0,20.4,0
2024-08-27T23:00+00:00,4115,1.3,997.7,84.0,0.0,0.0,19.5,0
2024-08-28T00:00+00:00,4115,1.0,997.5,86.0,0.0,0.0,19.0,0
2024-08-28T01:00+00:00,4115,0.3,997.7,87.0,0.0,0.0,18.5,0
2024-08-28T02:00+00:00,4115,0.7,997.5,90.0,0.0,0.0,18.1,0
2024-08-28T03:00+00:00,4115,0.4,997.7,92.0,0.0,0.0,17.9,0
2024-08-28T04:00+00:00,4115,0.1,997.8,95.0,0.0,0.0,16.9,0
2024-08-28T05:00+00:00,4115,0.4,998.1,94.0,0.0,0.1,17.6,32
2024-08-28T06:00+00:00,4115,0.1,998.2,83.0,0.0,0.9,21.3,146
2024-08-28T07:00+00:00,4115,0.7,998.4,73.0,0.0,1.0,23.1,327
2024-08-28T08:00+00:00,4115,1.6,998.2,62.0,0.0,1.0,26.2,479
2024-08-28T09:00+00:00,4115,1.7,998.2,57.0,0.0,1.0,28.0,607
2024-08-28T10:00+00:00,4115,2.1,997.8,54.0,0.0,1.0,28.9,642
2024-08-28T11:00+00:00,4115,1.9,997.4,48.0,0.0,1.0,30.6,722
2024-08-28T12:00+00:00,4115,2.2,997.0,42.0,0.0,1.0,32.0,702
2024-08-28T13:00+00:00,4115,1.9,996.2,38.0,0.0,1.0,32.8,652
2024-08-28T14:00+00:00,4115,2.0,995.8,37.0,0.0,1.0,33.1,539
2024-08-28T15:00+00:00,4115,2.0,995.5,38.0,0.0,1.0,33.2,409
2024-08-28T16:00+00:00,4115,2.0,995.1,43.0,0.0,0.9,31.4,226
2024-08-28T17:00+00:00,4115,1.4,994.9,48.0,0.0,0.1,29.4,37
2024-08-28T18:00+00:00,4115,0.7,995.5,68.0,0.0,0.1,24.9,13
2024-08-28T19:00+00:00,4115,1.5,995.6,71.0,0.0,0.0,23.8,0
2024-08-28T20:00+00:00,4115,0.9,995.6,74.0,0.0,0.0,22.5,0
2024-08-28T21:00+00:00,4115,0.5,995.6,79.0,0.0,0.0,21.5,0
2024-08-28T22:00+00:00,4115,0.6,995.8,77.0,0.0,0.0,21.5,0
2024-08-28T23:00+00:00,4115,2.4,996.2,71.0,0.0,0.0,22.3,0
2024-08-29T00:00+00:00,4115,1.3,995.9,81.0,0.0,0.0,20.6,0
2024-08-29T01:00+00:00,4115,0.6,996.2,83.0,0.0,0.0,19.8,0
2024-08-29T02:00+00:00,4115,1.9,996.0,84.0,0.0,0.0,19.6,0
2024-08-29T03:00+00:00,4115,2.1,995.8,82.0,0.0,0.0,19.8,0
2024-08-29T04:00+00:00,4115,1.6,996.0,87.0,0.0,0.0,18.4,0
2024-08-29T05:00+00:00,4115,1.6,996.3,84.0,0.0,0.3,19.5,28
2024-08-29T06:00+00:00,4115,0.5,996.4,68.0,0.0,1.0,24.0,163
2024-08-29T07:00+00:00,4115,0.9,996.7,59.0,0.0,1.0,25.6,328
2024-08-29T08:00+00:00,4115,1.5,996.9,53.0,0.0,1.0,27.1,479
2024-08-29T09:00+00:00,4115,2.1,997.0,49.0,0.0,1.0,28.6,597
2024-08-29T10:00+00:00,4115,1.2,996.5,46.0,0.0,1.0,30.0,679
2024-08-29T11:00+00:00,4115,1.0,995.9,44.0,0.0,1.0,31.2,716
2024-08-29T12:00+00:00,4115,1.1,995.2,37.0,0.0,1.0,32.4,708
2024-08-29T13:00+00:00,4115,1.4,994.7,36.0,0.0,1.0,33.1,654
2024-08-29T14:00+00:00,4115,1.2,994.2,34.0,0.0,1.0,33.8,555
2024-08-29T15:00+00:00,4115,1.5,994.0,33.0,0.0,1.0,33.4,382
2024-08-29T16:00+00:00,4115,1.3,993.8,35.0,0.0,0.8,32.2,206
2024-08-29T17:00+00:00,4115,1.1,994.1,44.0,0.0,0.9,30.9,99
2024-08-29T18:00+00:00,4115,1.6,994.7,51.0,0.0,0.0,28.8,12
2024-08-29T19:00+00:00,4115,1.9,994.9,56.0,0.0,0.0,27.9,0
2024-08-29T20:00+00:00,4115,2.2,995.1,56.0,0.0,0.0,27.5,0
2024-08-29T21:00+00:00,4115,1.9,995.2,59.0,0.0,0.0,26.9,0
2024-08-29T22:00+00:00,4115,1.0,995.4,70.0,0.0,0.0,24.4,0
2024-08-29T23:00+00:00,4115,1.1,995.4,67.0,0.0,0.0,24.9,0
2024-08-30T00:00+00:00,4115,1.4,995.1,66.0,0.0,0.0,25.2,0
2024-08-30T01:00+00:00,4115,0.2,995.2,76.0,0.0,0.0,23.4,0
2024-08-30T02:00+00:00,4115,0.8,995.1,82.0,0.0,0.0,21.7,0
2024-08-30T03:00+00:00,4115,0.5,995.1,82.0,0.0,0.0,21.5,0
2024-08-30T04:00+00:00,4115,0.5,995.5,80.0,0.0,0.0,21.9,0
2024-08-30T05:00+00:00,4115,1.6,995.9,87.0,0.0,0.1,20.6,25
2024-08-30T06:00+00:00,4115,0.5,996.3,74.0,0.0,0.8,23.2,117
2024-08-30T07:00+00:00,4115,0.8,996.6,78.0,0.0,0.2,23.1,139
2024-08-30T08:00+00:00,4115,0.9,996.8,61.0,0.0,1.0,27.0,471
2024-08-30T09:00+00:00,4115,1.3,996.3,52.0,0.0,1.0,29.1,608
2024-08-30T10:00+00:00,4115,1.8,995.9,46.0,0.0,1.0,30.7,674
2024-08-30T11:00+00:00,4115,1.4,995.5,37.0,0.0,1.0,32.1,708
2024-08-30T12:00+00:00,4115,0.5,994.9,37.0,0.0,1.0,33.8,705
2024-08-30T13:00+00:00,4115,0.3,994.4,33.0,0.0,1.0,34.8,685
2024-08-30T14:00+00:00,4115,1.2,993.8,32.0,0.0,1.0,34.6,567
2024-08-30T15:00+00:00,4115,1.1,993.8,33.0,0.0,1.0,34.5,450
2024-08-30T16:00+00:00,4115,0.6,994.1,70.0,1.5,1.0,25.0,312
2024-08-30T17:00+00:00,4115,0.2,993.8,57.0,0.0,1.0,28.2,134
2024-08-30T18:00+00:00,4115,0.3,994.4,69.0,0.0,0.0,25.5,16
2024-08-30T19:00+00:00,4115,0.7,994.8,76.0,0.0,0.0,23.1,0
2024-08-30T20:00+00:00,4115,0.8,994.9,73.0,0.0,0.0,22.7,0
2024-08-30T21:00+00:00,4115,0.4,995.1,75.0,0.0,0.0,21.7,0
2024-08-30T22:00+00:00,4115,1.1,995.4,79.0,0.0,0.0,21.3,0
2024-08-30T23:00+00:00,4115,2.1,995.4,77.0,0.0,0.0,21.3,0
2024-08-31T00:00+00:00,4115,1.0,995.3,82.0,0.0,0.0,20.5,0
2024-08-31T01:00+00:00,4115,0.4,995.4,81.0,0.0,0.0,20.4,0
2024-08-31T02:00+00:00,4115,0.7,995.7,86.0,0.0,0.0,19.6,0
2024-08-31T03:00+00:00,4115,0.4,995.9,86.0,0.0,0.0,19.7,0
2024-08-31T04:00+00:00,4115,0.6,996.0,87.0,0.0,0.0,19.4,0
2024-08-31T05:00+00:00,4115,0.6,996.2,83.0,0.0,0.0,20.4,19
2024-08-31T06:00+00:00,4115,0.1,996.6,73.0,0.0,0.8,23.3,128
2024-08-31T07:00+00:00,4115,0.5,997.0,60.0,0.0,1.0,25.5,299
2024-08-31T08:00+00:00,4115,1.7,997.1,55.0,0.0,1.0,27.0,464
2024-08-31T09:00+00:00,4115,1.8,997.3,51.0,0.0,0.9,29.4,569
2024-08-31T10:00+00:00,4115,1.8,997.1,42.0,0.0,1.0,31.0,682
2024-08-31T11:00+00:00,4115,2.5,996.8,38.0,0.0,1.0,31.9,660
2024-08-31T12:00+00:00,4115,3.0,996.5,30.0,0.0,1.0,33.7,680
2024-08-31T13:00+00:00,4115,2.8,995.9,28.0,0.0,1.0,33.8,641
2024-08-31T14:00+00:00,4115,3.5,995.7,27.0,0.0,1.0,33.2,497
2024-08-31T15:00+00:00,4115,3.2,995.5,30.0,0.0,1.0,33.0,383
2024-08-31T16:00+00:00,4115,4.1,995.4,31.0,0.0,1.0,31.6,222
2024-08-31T17:00+00:00,4115,4.2,995.4,34.0,0.0,1.0,29.6,98
2024-08-31T18:00+00:00,4115,3.3,995.8,48.0,0.0,0.0,27.0,7
2024-08-31T19:00+00:00,4115,3.4,996.6,57.0,0.0,0.0,25.3,0
2024-08-31T20:00+00:00,4115,3.2,996.9,61.0,0.0,0.0,24.6,0
2024-08-31T21:00+00:00,4115,3.9,997.1,63.0,0.0,0.0,24.1,0
2024-08-31T22:00+00:00,4115,2.3,997.1,67.0,0.0,0.0,23.0,0
2024-08-31T23:00+00:00,4115,1.9,997.4,71.0,0.0,0.0,22.2,0
2024-09-01T00:00+00:00,4115,1.0,997.1,77.0,0.0,0.0,20.8,0
2024-09-01T01:00+00:00,4115,0.7,997.1,80.0,0.0,0.0,20.0,0
2024-09-01T02:00+00:00,4115,0.8,996.9,82.0,0.0,0.0,19.5,0
2024-09-01T03:00+00:00,4115,0.9,996.6,88.0,0.0,0.0,18.2,0
2024-09-01T04:00+00:00,4115,0.8,996.7,92.0,0.0,0.0,17.3,0
2024-09-01T05:00+00:00,4115,1.0,996.7,90.0,0.0,0.1,17.9,25
2024-09-01T06:00+00:00,4115,0.8,996.6,78.0,0.0,1.0,20.7,149
2024-09-01T07:00+00:00,4115,1.7,996.6,71.0,0.0,1.0,22.4,313
2024-09-01T08:00+00:00,4115,2.1,996.5,62.0,0.0,1.0,24.7,473
2024-09-01T09:00+00:00,4115,1.4,996.0,54.0,0.0,1.0,26.6,593
2024-09-01T10:00+00:00,4115,1.3,995.5,45.0,0.0,1.0,28.7,679
2024-09-01T11:00+00:00,4115,1.5,994.7,41.0,0.0,1.0,29.9,697
2024-09-01T12:00+00:00,4115,1.7,994.0,35.0,0.0,1.0,31.8,688
2024-09-01T13:00+00:00,4115,1.7,993.3,34.0,0.0,1.0,32.6,633
2024-09-01T14:00+00:00,4115,1.8,992.5,32.0,0.0,1.0,32.9,536
2024-09-01T15:00+00:00,4115,1.9,992.1,33.0,0.0,1.0,32.9,445
2024-09-01T16:00+00:00,4115,1.5,991.8,33.0,0.0,1.0,31.6,248
2024-09-01T17:00+00:00,4115,0.9,991.5,46.0,0.0,0.0,28.4,61
2024-09-01T18:00+00:00,4115,1.5,992.0,51.0,0.0,0.0,25.2,7
2024-09-01T19:00+00:00,4115,2.1,992.4,47.0,0.0,0.0,25.9,0
2024-09-01T20:00+00:00,4115,3.1,992.4,53.0,0.0,0.0,24.7,0
2024-09-01T21:00+00:00,4115,3.5,992.5,60.0,0.0,0.0,23.8,0
2024-09-01T22:00+00:00,4115,1.0,992.5,73.0,0.0,0.0,20.9,0
2024-09-01T23:00+00:00,4115,1.5,992.4,79.0,0.0,0.0,20.0,0
2024-09-02T00:00+00:00,4115,0.8,992.2,81.0,0.0,0.0,19.6,0
2024-09-02T01:00+00:00,4115,0.4,992.1,82.0,0.0,0.0,19.1,0
2024-09-02T02:00+00:00,4115,0.2,992.1,87.0,0.0,0.0,17.9,0
2024-09-02T03:00+00:00,4115,0.1,991.9,90.0,0.0,0.0,17.2,0
2024-09-02T04:00+00:00,4115,0.6,992.0,93.0,0.0,0.0,16.4,0
2024-09-02T05:00+00:00,4115,0.8,992.2,93.0,0.0,0.1,16.9,24
2024-09-02T06:00+00:00,4115,0.6,992.2,76.0,0.0,1.0,21.0,147
2024-09-02T07:00+00:00,4115,1.0,992.3,64.0,0.0,1.0,23.5,314
2024-09-02T08:00+00:00,4115,1.9,992.3,55.0,0.0,1.0,25.0,381
2024-09-02T09:00+00:00,4115,1.9,992.2,47.0,0.0,1.0,27.6,562
2024-09-02T10:00+00:00,4115,1.9,991.6,41.0,0.0,1.0,29.9,658
2024-09-02T11:00+00:00,4115,2.1,991.2,34.0,0.0,1.0,31.9,670
2024-09-02T12:00+00:00,4115,1.9,990.8,30.0,0.0,1.0,33.2,694
2024-09-02T13:00+00:00,4115,2.6,990.3,32.0,0.0,0.5,31.4,405
2024-09-02T14:00+00:00,4115,2.1,990.2,33.0,0.0,0.1,31.6,189
2024-09-02T15:00+00:00,4115,1.6,990.0,33.0,0.0,0.7,31.9,257
2024-09-02T16:00+00:00,4115,1.6,990.1,31.0,0.0,0.8,31.0,181
2024-09-02T17:00+00:00,4115,1.1,990.1,40.0,0.0,0.0,28.0,37
2024-09-02T18:00+00:00,4115,1.0,990.7,41.0,0.0,0.0,26.8,4
2024-09-02T19:00+00:00,4115,1.1,991.1,51.0,0.0,0.0,24.3,0
2024-09-02T20:00+00:00,4115,1.7,991.6,65.0,0.0,0.0,21.2,0
2024-09-02T21:00+00:00,4115,2.0,991.9,66.0,0.0,0.0,20.6,0
2024-09-02T22:00+00:00,4115,2.4,992.2,66.0,0.0,0.0,20.4,0
2024-09-02T23:00+00:00,4115,2.3,992.4,67.0,0.0,0.0,19.8,0
2024-09-03T00:00+00:00,4115,2.5,992.6,69.0,0.0,0.0,19.1,0
2024-09-03T01:00+00:00,4115,1.7,992.9,74.0,0.0,0.0,18.0,0
2024-09-03T02:00+00:00,4115,1.5,992.9,76.0,0.0,0.0,17.6,0
2024-09-03T03:00+00:00,4115,1.9,993.2,78.0,0.0,0.0,17.0,0
2024-09-03T04:00+00:00,4115,2.0,993.5,81.0,0.0,0.0,16.5,0
2024-09-03T05:00+00:00,4115,1.6,993.8,79.0,0.0,0.2,17.3,19
2024-09-03T06:00+00:00,4115,0.3,994.1,62.0,0.0,1.0,22.6,147
2024-09-03T07:00+00:00,4115,1.1,994.5,55.0,0.0,1.0,24.0,316
2024-09-03T08:00+00:00,4115,1.2,994.5,46.0,0.0,1.0,26.9,469
2024-09-03T09:00+00:00,4115,1.7,994.6,40.0,0.0,1.0,29.0,596
2024-09-03T10:00+00:00,4115,2.0,994.4,34.0,0.0,1.0,30.8,677
2024-09-03T11:00+00:00,4115,2.7,994.1,26.0,0.0,1.0,33.1,705
2024-09-03T12:00+00:00,4115,3.2,993.8,24.0,0.0,1.0,33.9,687
2024-09-03T13:00+00:00,4115,2.9,993.3,23.0,0.0,1.0,34.2,627
2024-09-03T14:00+00:00,4115,3.0,992.7,22.0,0.0,1.0,33.8,521
2024-09-03T15:00+00:00,4115,2.8,992.6,23.0,0.0,1.0,33.6,365
2024-09-03T16:00+00:00,4115,2.4,992.6,24.0,0.0,1.0,32.7,229
2024-09-03T17:00+00:00,4115,1.7,992.5,28.0,0.0,0.8,30.3,78
2024-09-03T18:00+00:00,4115,1.5,993.0,40.0,0.0,0.0,26.2,5
2024-09-03T19:00+00:00,4115,1.6,993.4,48.0,0.0,0.0,23.6,0
2024-09-03T20:00+00:00,4115,1.4,993.6,56.0,0.0,0.0,21.3,0
2024-09-03T21:00+00:00,4115,1.7,993.7,60.0,0.0,0.0,20.2,0
2024-09-03T22:00+00:00,4115,2.0,993.6,59.0,0.0,0.0,20.2,0
2024-09-03T23:00+00:00,4115,2.0,993.6,57.0,0.0,0.0,20.2,0
2024-09-04T00:00+00:00,4115,2.5,993.3,57.0,0.0,0.0,20.2,0
2024-09-04T01:00+00:00,4115,1.6,993.6,62.0,0.0,0.0,18.7,0
2024-09-04T02:00+00:00,4115,2.2,993.3,66.0,0.0,0.0,18.1,0
2024-09-04T03:00+00:00,4115,1.8,993.3,73.0,0.0,0.0,16.9,0
2024-09-04T04:00+00:00,4115,1.6,993.5,76.0,0.0,0.0,16.7,0
2024-09-04T05:00+00:00,4115,1.9,993.6,74.0,0.0,0.1,17.6,23
2024-09-04T06:00+00:00,4115,1.4,993.8,58.0,0.0,0.9,21.8,130
2024-09-04T07:00+00:00,4115,0.6,994.1,54.0,0.0,1.0,23.6,301
2024-09-04T08:00+00:00,4115,1.7,994.0,45.0,0.0,1.0,26.2,443
2024-09-04T09:00+00:00,4115,1.9,993.6,41.0,0.0,1.0,28.6,559
2024-09-04T10:00+00:00,4115,2.2,993.0,33.0,0.0,1.0,30.6,631
2024-09-04T11:00+00:00,4115,2.4,992.6,29.0,0.0,0.7,32.2,575
2024-09-04T12:00+00:00,4115,2.4,992.1,31.0,0.0,0.4,32.1,395
2024-09-04T13:00+00:00,4115,2.7,991.4,22.0,0.0,1.0,34.3,595
2024-09-04T14:00+00:00,4115,3.3,990.9,24.0,0.0,1.0,33.5,488
2024-09-04T15:00+00:00,4115,2.5,990.4,25.0,0.0,1.0,33.5,372
2024-09-04T16:00+00:00,4115,2.5,990.3,27.0,0.0,1.0,32.7,233
2024-09-04T17:00+00:00,4115,2.0,990.2,32.0,0.0,0.4,30.3,76
2024-09-04T18:00+00:00,4115,1.4,990.5,41.0,0.0,0.0,27.0,3
2024-09-04T19:00+00:00,4115,1.4,990.8,51.0,0.0,0.0,24.2,0
2024-09-04T20:00+00:00,4115,1.5,991.1,58.0,0.0,0.0,22.0,0
2024-09-04T21:00+00:00,4115,1.3,991.2,59.0,0.0,0.0,21.2,0
2024-09-04T22:00+00:00,4115,1.6,991.4,60.0,0.0,0.0,20.4,0
2024-09-04T23:00+00:00,4115,1.9,991.8,60.0,0.0,0.0,20.4,0
2024-09-05T00:00+00:00,4115,2.1,991.5,64.0,0.0,0.0,19.2,0
2024-09-05T01:00+00:00,4115,1.9,991.9,58.0,0.0,0.0,20.5,0
2024-09-05T02:00+00:00,4115,1.3,992.0,60.0,0.0,0.0,19.7,0
2024-09-05T03:00+00:00,4115,1.1,991.9,56.0,0.0,0.0,20.2,0
2024-09-05T04:00+00:00,4115,0.5,992.1,59.0,0.0,0.0,19.4,0
2024-09-05T05:00+00:00,4115,0.5,992.4,66.0,0.0,0.0,18.1,17
2024-09-05T06:00+00:00,4115,0.9,992.6,52.0,0.0,1.0,22.3,132
2024-09-05T07:00+00:00,4115,1.3,992.7,44.0,0.0,1.0,25.1,296
2024-09-05T08:00+00:00,4115,2.7,992.7,38.0,0.0,1.0,26.9,453
2024-09-05T09:00+00:00,4115,3.2,992.4,35.0,0.0,1.0,28.0,572
2024-09-05T10:00+00:00,4115,2.8,992.0,33.0,0.0,1.0,28.7,654
2024-09-05T11:00+00:00,4115,3.2,991.5,31.0,0.0,1.0,29.6,678
2024-09-05T12:00+00:00,4115,3.3,990.8,30.0,0.0,1.0,30.9,686
2024-09-05T13:00+00:00,4115,3.1,990.4,30.0,0.0,0.8,30.2,499
2024-09-05T14:00+00:00,4115,2.9,990.1,26.0,0.0,1.0,32.1,554
2024-09-05T15:00+00:00,4115,3.0,989.7,26.0,0.0,0.8,30.8,311
2024-09-05T16:00+00:00,4115,3.1,989.6,29.0,0.0,0.5,29.2,165
2024-09-05T17:00+00:00,4115,2.0,989.7,33.0,0.0,0.0,27.9,43
2024-09-05T18:00+00:00,4115,1.4,989.9,39.0,0.0,0.0,25.8,1
2024-09-05T19:00+00:00,4115,1.4,990.5,39.0,0.0,0.0,25.1,0
2024-09-05T20:00+00:00,4115,1.8,990.7,37.0,0.0,0.0,24.8,0
2024-09-05T21:00+00:00,4115,1.7,990.8,40.0,0.0,0.0,23.2,0
2024-09-05T22:00+00:00,4115,1.5,990.9,46.0,0.0,0.0,21.1,0
2024-09-05T23:00+00:00,4115,1.7,990.9,48.0,0.0,0.0,20.0,0
2024-09-06T00:00+00:00,4115,2.1,990.8,48.0,0.0,0.0,19.4,0
2024-09-06T01:00+00:00,4115,1.3,990.7,60.0,0.0,0.0,17.0,0
2024-09-06T02:00+00:00,4115,0.7,990.4,61.0,0.0,0.0,17.2,0
2024-09-06T03:00+00:00,4115,0.8,990.4,62.0,0.0,0.0,16.5,0
2024-09-06T04:00+00:00,4115,1.0,990.5,64.0,0.0,0.0,15.7,0
2024-09-06T05:00+00:00,4115,2.7,990.7,52.0,0.0,0.0,18.2,13
2024-09-06T06:00+00:00,4115,2.8,990.8,49.0,0.0,0.2,20.1,113
2024-09-06T07:00+00:00,4115,1.9,991.3,46.0,0.0,0.0,21.3,151
2024-09-06T08:00+00:00,4115,2.0,991.4,43.0,0.0,0.0,22.3,151
2024-09-06T09:00+00:00,4115,0.8,991.4,40.0,0.0,0.0,23.4,187
2024-09-06T10:00+00:00,4115,1.1,991.5,35.0,0.0,0.0,25.4,369
2024-09-06T11:00+00:00,4115,2.8,991.1,34.0,0.0,0.4,25.5,494
2024-09-06T12:00+00:00,4115,2.2,990.9,31.0,0.0,0.5,27.5,471
2024-09-06T13:00+00:00,4115,2.5,990.7,31.0,0.0,1.0,28.0,644
2024-09-06T14:00+00:00,4115,3.0,990.8,32.0,0.0,1.0,28.4,516
2024-09-06T15:00+00:00,4115,3.1,991.0,35.0,0.0,1.0,27.6,375
2024-09-06T16:00+00:00,4115,2.6,991.2,37.0,0.0,1.0,26.8,214
2024-09-06T17:00+00:00,4115,2.3,991.3,40.0,0.0,0.8,25.8,97
2024-09-06T18:00+00:00,4115,1.4,991.8,50.0,0.0,0.0,22.8,4
2024-09-06T19:00+00:00,4115,1.3,992.1,58.0,0.0,0.0,20.8,0
2024-09-06T20:00+00:00,4115,1.0,992.3,68.0,0.0,0.0,18.4,0
2024-09-06T21:00+00:00,4115,1.7,992.5,68.0,0.0,0.0,18.4,0
2024-09-06T22:00+00:00,4115,2.4,992.7,67.0,0.0,0.0,18.6,0
2024-09-06T23:00+00:00,4115,2.0,993.0,73.0,0.0,0.0,18.1,0
2024-09-07T00:00+00:00,4115,1.7,992.7,78.0,0.0,0.0,17.3,0
2024-09-07T01:00+00:00,4115,2.0,992.9,78.0,0.0,0.0,17.1,0
2024-09-07T02:00+00:00,4115,1.4,993.0,84.0,0.0,0.0,15.7,0
2024-09-07T03:00+00:00,4115,1.7,993.1,84.0,0.0,0.0,15.4,0
2024-09-07T04:00+00:00,4115,1.5,993.3,85.0,0.0,0.0,15.2,0
2024-09-07T05:00+00:00,4115,1.8,993.5,79.0,0.0,0.3,16.6,19
2024-09-07T06:00+00:00,4115,1.1,993.5,65.0,0.0,1.0,20.1,152
2024-09-07T07:00+00:00,4115,2.1,993.6,59.0,0.0,1.0,23.0,323
2024-09-07T08:00+00:00,4115,2.9,993.5,53.0,0.0,1.0,25.6,479
2024-09-07T09:00+00:00,4115,3.6,993.4,47.0,0.0,1.0,27.4,604
2024-09-07T10:00+00:00,4115,3.8,993.3,46.0,0.0,1.0,28.6,681
2024-09-07T11:00+00:00,4115,4.3,993.1,45.0,0.0,1.0,29.5,706
2024-09-07T12:00+00:00,4115,4.4,992.9,42.0,0.0,1.0,30.2,689
2024-09-07T13:00+00:00,4115,4.4,992.4,40.0,0.0,1.0,30.4,616
2024-09-07T14:00+00:00,4115,4.3,992.1,39.0,0.0,0.9,30.3,476
2024-09-07T15:00+00:00,4115,4.0,991.8,40.0,0.0,0.6,29.1,263
2024-09-07T16:00+00:00,4115,3.6,991.6,39.0,0.0,0.8,29.3,177
2024-09-07T17:00+00:00,4115,3.4,991.6,42.0,0.0,1.0,28.0,70
2024-09-07T18:00+00:00,4115,2.9,992.0,46.0,0.0,0.0,26.7,3
2024-09-07T19:00+00:00,4115,2.8,992.1,49.0,0.0,0.0,25.9,0
2024-09-07T20:00+00:00,4115,2.5,992.1,53.0,0.0,0.0,24.8,0
2024-09-07T21:00+00:00,4115,2.4,992.1,56.0,0.0,0.0,23.9,0
2024-09-07T22:00+00:00,4115,2.6,991.6,56.0,0.0,0.0,23.7,0
2024-09-07T23:00+00:00,4115,2.1,991.5,60.0,0.0,0.0,22.6,0
2024-09-08T00:00+00:00,4115,2.1,991.2,62.0,0.0,0.0,22.2,0
2024-09-08T01:00+00:00,4115,1.6,991.1,71.0,0.0,0.0,20.2,0
2024-09-08T02:00+00:00,4115,1.6,991.0,75.0,0.0,0.0,19.6,0
2024-09-08T03:00+00:00,4115,1.4,991.0,80.0,0.0,0.0,18.5,0
2024-09-08T04:00+00:00,4115,1.5,990.9,83.0,0.0,0.0,17.9,0
2024-09-08T05:00+00:00,4115,1.5,991.1,83.0,0.0,0.2,17.9,17
2024-09-08T06:00+00:00,4115,1.6,991.1,70.0,0.0,1.0,21.2,146
2024-09-08T07:00+00:00,4115,2.6,991.2,63.0,0.0,1.0,23.4,320
2024-09-08T08:00+00:00,4115,3.1,991.1,56.0,0.0,1.0,25.9,474
2024-09-08T09:00+00:00,4115,3.2,990.7,48.0,0.0,1.0,27.6,597
2024-09-08T10:00+00:00,4115,3.6,990.5,45.0,0.0,1.0,28.8,678
2024-09-08T11:00+00:00,4115,3.8,989.9,43.0,0.0,1.0,29.4,703
2024-09-08T12:00+00:00,4115,4.0,989.0,40.0,0.0,1.0,30.5,620
2024-09-08T13:00+00:00,4115,4.2,988.6,39.0,0.0,1.0,30.5,638
2024-09-08T14:00+00:00,4115,3.6,988.1,39.0,0.0,0.9,31.4,488
2024-09-08T15:00+00:00,4115,3.7,987.4,43.0,0.0,0.6,29.1,248
2024-09-08T16:00+00:00,4115,3.4,987.0,45.0,0.0,0.0,28.3,131
2024-09-08T17:00+00:00,4115,2.7,986.6,49.0,0.0,0.0,27.2,47
2024-09-08T18:00+00:00,4115,2.4,986.4,51.0,0.0,0.0,26.4,2
2024-09-08T19:00+00:00,4115,2.5,986.0,54.0,0.0,0.0,25.7,0
2024-09-08T20:00+00:00,4115,2.9,985.1,53.0,0.0,0.0,25.8,0
2024-09-08T21:00+00:00,4115,2.6,984.4,58.0,0.0,0.0,25.2,0
2024-09-08T22:00+00:00,4115,2.3,983.1,62.0,0.0,0.0,24.7,0
2024-09-08T23:00+00:00,4115,2.6,982.6,64.0,0.0,0.0,24.4,0
2024-09-09T00:00+00:00,4115,3.8,982.2,71.0,0.0,0.0,23.6,0
2024-09-09T01:00+00:00,4115,5.4,982.6,80.0,0.0,0.0,21.8,0
2024-09-09T02:00+00:00,4115,3.7,982.2,82.0,0.3,0.0,21.4,0
2024-09-09T03:00+00:00,4115,2.2,981.6,88.0,0.6,0.0,20.5,0
2024-09-09T04:00+00:00,4115,1.7,981.8,92.0,1.3,0.0,20.2,0
2024-09-09T05:00+00:00,4115,1.5,982.6,96.0,2.8,0.0,19.9,0
2024-09-09T06:00+00:00,4115,1.5,982.6,96.0,1.0,0.0,19.6,10
2024-09-09T07:00+00:00,4115,1.1,983.2,89.0,0.6,0.0,17.5,65
2024-09-09T08:00+00:00,4115,3.7,984.0,89.0,1.4,0.0,15.9,44
2024-09-09T09:00+00:00,4115,3.0,984.0,89.0,1.5,0.0,15.7,57
2024-09-09T10:00+00:00,4115,2.9,984.3,93.0,2.2,0.0,15.7,103
2024-09-09T11:00+00:00,4115,3.4,984.1,91.0,1.4,0.0,15.7,144
2024-09-09T12:00+00:00,4115,2.8,984.9,95.0,2.0,0.0,15.8,105
2024-09-09T13:00+00:00,4115,2.9,984.6,94.0,1.9,0.0,15.7,89
2024-09-09T14:00+00:00,4115,2.9,984.0,94.0,1.7,0.0,16.0,85
2024-09-09T15:00+00:00,4115,0.9,984.6,95.0,0.6,0.0,16.3,64
2024-09-09T16:00+00:00,4115,1.8,984.9,93.0,0.0,0.0,16.5,75
2024-09-09T17:00+00:00,4115,1.8,984.7,92.0,0.0,0.0,16.2,17
2024-09-09T18:00+00:00,4115,1.8,984.7,91.0,0.0,0.0,16.0,0
2024-09-09T19:00+00:00,4115,2.9,984.9,86.0,0.0,0.0,16.3,0
2024-09-09T20:00+00:00,4115,2.7,985.4,85.0,0.0,0.0,16.5,0
2024-09-09T21:00+00:00,4115,3.1,985.3,85.0,0.0,0.0,16.4,0
2024-09-09T22:00+00:00,4115,3.2,985.2,84.0,0.0,0.0,16.5,0
2024-09-09T23:00+00:00,4115,3.2,985.6,82.0,0.0,0.0,16.8,0
2024-09-10T00:00+00:00,4115,3.1,986.0,84.0,0.0,0.0,16.2,0
2024-09-10T01:00+00:00,4115,3.2,986.6,87.0,0.0,0.0,15.9,0
2024-09-10T02:00+00:00,4115,2.8,986.4,84.0,0.0,0.0,15.9,0
2024-09-10T03:00+00:00,4115,3.1,986.6,83.0,0.0,0.0,15.7,0
2024-09-10T04:00+00:00,4115,2.7,986.6,84.0,0.0,0.0,15.7,0
2024-09-10T05:00+00:00,4115,3.6,987.0,85.0,0.0,0.2,15.7,12
2024-09-10T06:00+00:00,4115,3.3,987.5,81.0,0.0,1.0,16.7,149
2024-09-10T07:00+00:00,4115,2.9,987.7,75.0,0.0,1.0,18.0,335
2024-09-10T08:00+00:00,4115,3.7,987.9,67.0,0.0,1.0,19.5,492
2024-09-10T09:00+00:00,4115,4.1,988.0,62.0,0.0,0.9,20.9,587
2024-09-10T10:00+00:00,4115,4.1,988.1,57.0,0.0,0.9,21.8,671
2024-09-10T11:00+00:00,4115,3.7,987.9,53.0,0.0,0.5,21.9,494
2024-09-10T12:00+00:00,4115,3.5,987.9,50.0,0.0,0.5,22.9,452
2024-09-10T13:00+00:00,4115,3.2,988.0,51.0,0.0,0.2,22.1,363
2024-09-10T14:00+00:00,4115,3.9,988.0,56.0,0.0,0.7,22.7,450
2024-09-10T15:00+00:00,4115,2.7,988.1,61.0,0.0,0.5,21.3,258
2024-09-10T16:00+00:00,4115,1.7,988.6,65.0,0.0,0.2,20.6,90
2024-09-10T17:00+00:00,4115,4.0,989.1,74.0,0.0,0.0,18.7,18
2024-09-10T18:00+00:00,4115,4.1,989.6,78.0,0.0,0.0,17.2,1
2024-09-10T19:00+00:00,4115,3.1,990.1,77.0,0.0,0.0,16.7,0
2024-09-10T20:00+00:00,4115,3.3,990.0,77.0,0.0,0.0,17.2,0
2024-09-10T21:00+00:00,4115,2.9,990.1,83.0,0.0,0.0,16.2,0
2024-09-10T22:00+00:00,4115,2.4,990.1,84.0,0.0,0.0,15.4,0
2024-09-10T23:00+00:00,4115,2.0,989.8,85.0,0.0,0.0,15.2,0
2024-09-11T00:00+00:00,4115,1.8,989.8,89.0,0.0,0.0,14.1,0
2024-09-11T01:00+00:00,4115,1.4,989.6,89.0,0.0,0.0,13.8,0
2024-09-11T02:00+00:00,4115,1.5,989.1,87.0,0.0,0.0,14.0,0
2024-09-11T03:00+00:00,4115,1.1,988.7,86.0,0.0,0.0,14.8,0
2024-09-11T04:00+00:00,4115,1.1,988.6,87.0,0.0,0.0,14.7,0
2024-09-11T05:00+00:00,4115,1.1,988.5,78.0,0.0,0.2,15.9,8
2024-09-11T06:00+00:00,4115,1.4,988.1,77.0,0.0,0.2,16.5,84
2024-09-11T07:00+00:00,4115,2.3,988.0,65.0,0.0,1.0,18.2,305
2024-09-11T08:00+00:00,4115,2.7,987.7,60.0,0.0,1.0,19.4,403
2024-09-11T09:00+00:00,4115,3.6,987.6,55.0,0.0,1.0,20.4,558
2024-09-11T10:00+00:00,4115,4.1,987.3,55.0,0.0,0.7,20.1,499
2024-09-11T11:00+00:00,4115,3.7,986.7,41.0,0.0,0.6,22.6,626
2024-09-11T12:00+00:00,4115,4.0,985.9,45.0,0.0,1.0,23.0,738
2024-09-11T13:00+00:00,4115,3.4,985.6,39.0,0.0,0.9,24.2,571
2024-09-11T14:00+00:00,4115,2.7,985.3,38.0,0.0,1.0,24.7,516
2024-09-11T15:00+00:00,4115,2.4,985.1,36.0,0.0,1.0,24.2,352
2024-09-11T16:00+00:00,4115,2.1,985.2,44.0,0.0,0.2,22.1,106
2024-09-11T17:00+00:00,4115,1.8,985.4,49.0,0.0,0.3,21.0,54
2024-09-11T18:00+00:00,4115,2.1,985.7,53.0,0.0,0.0,19.9,1
2024-09-11T19:00+00:00,4115,1.6,985.9,58.0,0.0,0.0,18.6,0
2024-09-11T20:00+00:00,4115,1.4,985.9,62.0,0.0,0.0,17.9,0
2024-09-11T21:00+00:00,4115,2.0,985.7,68.0,0.0,0.0,17.0,0
2024-09-11T22:00+00:00,4115,1.3,985.6,75.0,0.0,0.0,15.7,0
2024-09-11T23:00+00:00,4115,0.3,985.5,80.0,0.0,0.0,15.8,0
2024-09-12T00:00+00:00,4115,0.8,985.3,75.0,0.0,0.0,16.2,0
2024-09-12T01:00+00:00,4115,1.6,985.4,78.0,0.0,0.0,16.1,0
2024-09-12T02:00+00:00,4115,1.2,985.1,76.0,0.0,0.0,16.4,0
2024-09-12T03:00+00:00,4115,2.7,985.6,91.0,1.1,0.0,15.0,0
2024-09-12T04:00+00:00,4115,4.6,986.4,94.0,2.8,0.0,11.8,0
2024-09-12T05:00+00:00,4115,5.2,987.4,95.0,2.4,0.0,11.0,0
2024-09-12T06:00+00:00,4115,5.1,988.2,94.0,0.3,0.0,10.6,16
2024-09-12T07:00+00:00,4115,4.9,989.5,92.0,0.9,0.0,10.2,46
2024-09-12T08:00+00:00,4115,4.1,990.2,92.0,0.6,0.0,10.3,93
2024-09-12T09:00+00:00,4115,3.6,990.2,90.0,0.0,0.0,10.4,100
2024-09-12T10:00+00:00,4115,3.0,990.7,84.0,0.0,0.0,10.8,99
2024-09-12T11:00+00:00,4115,3.2,990.9,81.0,0.0,0.0,10.9,176
2024-09-12T12:00+00:00,4115,3.3,990.9,79.0,0.0,0.0,11.4,182
2024-09-12T13:00+00:00,4115,2.5,991.0,90.0,0.1,0.0,10.5,106
2024-09-12T14:00+00:00,4115,2.6,990.7,90.0,0.0,0.0,10.5,95
2024-09-12T15:00+00:00,4115,2.8,990.8,95.0,1.6,0.0,10.1,51
2024-09-12T16:00+00:00,4115,3.7,990.1,90.0,1.4,0.0,9.9,39
2024-09-12T17:00+00:00,4115,3.8,991.0,89.0,0.3,0.0,9.5,12
2024-09-12T18:00+00:00,4115,4.6,991.1,92.0,0.9,0.0,8.2,0
2024-09-12T19:00+00:00,4115,4.1,991.1,93.0,1.2,0.0,8.1,0
2024-09-12T20:00+00:00,4115,4.2,990.4,93.0,0.9,0.0,8.2,0
2024-09-12T21:00+00:00,4115,4.5,990.3,92.0,0.6,0.0,8.0,0
2024-09-12T22:00+00:00,4115,4.2,990.0,93.0,0.3,0.0,8.0,0
2024-09-12T23:00+00:00,4115,3.8,989.7,93.0,0.6,0.0,8.0,0
2024-09-13T00:00+00:00,4115,3.8,989.2,94.0,0.8,0.0,7.7,0
2024-09-13T01:00+00:00,4115,4.0,989.1,94.0,1.0,0.0,7.5,0
2024-09-13T02:00+00:00,4115,4.0,988.7,96.0,2.1,0.0,7.3,0
2024-09-13T03:00+00:00,4115,4.0,988.1,95.0,1.9,0.0,7.4,0
2024-09-13T04:00+00:00,4115,4.2,988.1,95.0,3.8,0.0,7.4,0
2024-09-13T05:00+00:00,4115,4.2,987.8,95.0,4.4,0.0,7.3,0
2024-09-13T06:00+00:00,4115,4.5,987.6,95.0,3.7,0.0,7.3,7
2024-09-13T07:00+00:00,4115,4.5,987.6,95.0,4.7,0.0,7.3,22
2024-09-13T08:00+00:00,4115,5.0,987.3,94.0,3.1,0.0,7.4,43
2024-09-13T09:00+00:00,4115,4.9,986.9,93.0,2.5,0.0,7.5,53
2024-09-13T10:00+00:00,4115,5.3,986.6,94.0,3.3,0.0,7.5,77
2024-09-13T11:00+00:00,4115,4.6,986.5,95.0,3.6,0.0,7.6,87
2024-09-13T12:00+00:00,4115,4.7,986.6,93.0,2.6,0.0,7.7,64
2024-09-13T13:00+00:00,4115,4.9,986.4,94.0,2.8,0.0,7.7,67
2024-09-13T14:00+00:00,4115,5.4,986.0,93.0,4.1,0.0,7.6,42
2024-09-13T15:00+00:00,4115,6.1,986.4,93.0,3.5,0.0,7.4,37
2024-09-13T16:00+00:00,4115,6.0,986.6,94.0,3.8,0.0,7.2,31
2024-09-13T17:00+00:00,4115,6.1,987.0,94.0,1.1,0.0,6.9,4
2024-09-13T18:00+00:00,4115,6.1,986.8,95.0,3.9,0.0,7.0,0
2024-09-13T19:00+00:00,4115,6.1,986.6,95.0,1.7,0.0,7.0,0
2024-09-13T20:00+00:00,4115,5.5,986.7,94.0,0.6,0.0,7.0,0
2024-09-13T21:00+00:00,4115,5.7,986.6,95.0,1.1,0.0,7.0,0
2024-09-13T22:00+00:00,4115,6.6,986.2,95.0,0.4,0.0,7.1,0
2024-09-13T23:00+00:00,4115,6.4,986.2,94.0,0.2,0.0,7.4,0
2024-09-14T00:00+00:00,4115,6.2,986.3,95.0,0.2,0.0,7.7,0
2024-09-14T01:00+00:00,4115,6.4,986.4,94.0,0.1,0.0,8.3,0
2024-09-14T02:00+00:00,4115,6.2,986.2,94.0,0.1,0.0,8.6,0
2024-09-14T03:00+00:00,4115,6.4,986.6,94.0,0.0,0.0,8.8,0
2024-09-14T04:00+00:00,4115,6.5,986.7,94.0,0.1,0.0,8.9,0
2024-09-14T05:00+00:00,4115,6.4,987.0,95.0,0.9,0.0,8.9,1
2024-09-14T06:00+00:00,4115,6.6,987.3,94.0,0.6,0.0,8.6,27
2024-09-14T07:00+00:00,4115,6.5,987.5,94.0,0.3,0.0,8.3,86
2024-09-14T08:00+00:00,4115,6.9,987.8,94.0,1.0,0.0,8.2,93
2024-09-14T09:00+00:00,4115,7.1,987.9,93.0,0.1,0.0,8.1,141
2024-09-14T10:00+00:00,4115,7.0,987.9,93.0,0.5,0.0,7.8,103
2024-09-14T11:00+00:00,4115,7.6,988.2,94.0,2.7,0.0,7.8,117
2024-09-14T12:00+00:00,4115,6.8,988.0,95.0,3.8,0.0,7.6,93
2024-09-14T13:00+00:00,4115,6.9,987.6,95.0,4.7,0.0,7.4,64
2024-09-14T14:00+00:00,4115,7.9,987.7,94.0,6.7,0.0,7.7,42
2024-09-14T15:00+00:00,4115,7.7,988.6,95.0,7.6,0.0,8.1,36
2024-09-14T16:00+00:00,4115,6.7,988.9,95.0,5.6,0.0,8.4,11
2024-09-14T17:00+00:00,4115,6.8,989.0,95.0,5.7,0.0,8.7,3
2024-09-14T18:00+00:00,4115,7.1,989.6,96.0,8.1,0.0,9.2,0
2024-09-14T19:00+00:00,4115,7.0,989.9,95.0,7.5,0.0,9.1,0
2024-09-14T20:00+00:00,4115,6.6,989.8,95.0,13.1,0.0,9.2,0
2024-09-14T21:00+00:00,4115,6.0,989.6,96.0,11.6,0.0,9.5,0
2024-09-14T22:00+00:00,4115,5.9,988.9,94.0,4.9,0.0,9.9,0
2024-09-14T23:00+00:00,4115,6.3,988.9,94.0,6.4,0.0,10.1,0
2024-09-15T00:00+00:00,4115,6.1,988.2,94.0,6.8,0.0,10.0,0
2024-09-15T01:00+00:00,4115,6.9,987.4,94.0,4.0,0.0,10.0,0
2024-09-15T02:00+00:00,4115,6.8,987.1,94.0,4.7,0.0,10.0,0
2024-09-15T03:00+00:00,4115,6.9,987.0,93.0,3.1,0.0,10.0,0
2024-09-15T04:00+00:00,4115,6.5,986.4,95.0,7.5,0.0,9.7,0
2024-09-15T05:00+00:00,4115,6.8,986.4,94.0,8.6,0.0,9.7,0
2024-09-15T06:00+00:00,4115,5.5,987.9,95.0,14.8,0.0,9.5,4
2024-09-15T07:00+00:00,4115,5.3,988.6,95.0,11.5,0.0,9.3,10
2024-09-15T08:00+00:00,4115,6.7,988.7,95.0,5.2,0.0,9.0,27
2024-09-15T09:00+00:00,4115,6.1,989.6,95.0,3.8,0.0,8.7,32
2024-09-15T10:00+00:00,4115,6.9,989.8,95.0,4.3,0.0,8.5,94
2024-09-15T11:00+00:00,4115,7.0,990.5,95.0,2.4,0.0,8.4,161
2024-09-15T12:00+00:00,4115,6.4,991.2,96.0,0.8,0.0,8.6,211
2024-09-15T13:00+00:00,4115,6.5,992.1,95.0,0.6,0.0,8.4,144
2024-09-15T14:00+00:00,4115,6.4,992.0,94.0,0.3,0.0,8.7,92
2024-09-15T15:00+00:00,4115,6.3,992.7,92.0,0.1,0.0,8.7,56
2024-09-15T16:00+00:00,4115,5.9,993.4,91.0,0.0,0.0,8.9,23
2024-09-15T17:00+00:00,4115,5.7,993.8,88.0,0.0,0.0,9.3,7
2024-09-15T18:00+00:00,4115,5.8,994.3,87.0,0.0,0.0,9.7,0
2024-09-15T19:00+00:00,4115,5.7,993.7,90.0,0.3,0.0,9.5,0
2024-09-15T20:00+00:00,4115,5.8,993.6,88.0,0.0,0.0,9.8,0
2024-09-15T21:00+00:00,4115,5.2,994.0,88.0,0.0,0.0,10.1,0
2024-09-15T22:00+00:00,4115,5.6,993.7,87.0,0.0,0.0,10.3,0
2024-09-15T23:00+00:00,4115,5.5,993.3,87.0,0.0,0.0,10.5,0
2024-09-16T00:00+00:00,4115,5.3,993.3,88.0,0.0,0.0,10.4,0
2024-09-16T01:00+00:00,4115,5.2,992.7,87.0,0.0,0.0,10.4,0
2024-09-16T02:00+00:00,4115,5.0,992.2,88.0,0.0,0.0,10.5,0
2024-09-16T03:00+00:00,4115,4.6,991.6,92.0,0.2,0.0,10.0,0
2024-09-16T04:00+00:00,4115,5.5,990.9,92.0,0.5,0.0,9.9,0
2024-09-16T05:00+00:00,4115,5.3,991.0,92.0,0.1,0.0,9.9,0
2024-09-16T06:00+00:00,4115,4.9,990.7,94.0,2.1,0.0,9.8,11
2024-09-16T07:00+00:00,4115,5.5,989.6,94.0,1.6,0.0,10.0,68
2024-09-16T08:00+00:00,4115,5.3,988.5,93.0,0.2,0.0,10.4,137
2024-09-16T09:00+00:00,4115,6.0,987.9,94.0,0.5,0.0,10.3,75
2024-09-16T10:00+00:00,4115,5.7,987.6,95.0,2.2,0.0,10.4,56
2024-09-16T11:00+00:00,4115,5.1,987.6,94.0,0.4,0.0,11.0,118
2024-09-16T12:00+00:00,4115,4.8,987.7,95.0,0.8,0.0,11.1,109
2024-09-16T13:00+00:00,4115,4.7,987.9,96.0,4.3,0.0,11.1,65
2024-09-16T14:00+00:00,4115,4.7,987.9,94.0,0.6,0.0,11.5,92
2024-09-16T15:00+00:00,4115,1.7,989.1,97.0,5.5,0.0,11.4,17
2024-09-16T16:00+00:00,4115,2.7,989.6,96.0,0.3,0.0,11.8,26
2024-09-16T17:00+00:00,4115,2.6,990.4,95.0,0.4,0.0,11.9,12
2024-09-16T18:00+00:00,4115,2.3,991.6,95.0,1.9,0.0,11.6,0
2024-09-16T19:00+00:00,4115,2.8,992.3,95.0,0.1,0.0,11.2,0
2024-09-16T20:00+00:00,4115,2.9,992.7,93.0,0.0,0.0,11.2,0
2024-09-16T21:00+00:00,4115,2.3,994.0,95.0,0.1,0.0,10.9,0
2024-09-16T22:00+00:00,4115,1.9,994.2,93.0,0.0,0.0,11.2,0
2024-09-16T23:00+00:00,4115,0.4,994.9,96.0,0.0,0.0,11.2,0
2024-09-17T00:00+00:00,4115,0.3,995.5,98.0,0.0,0.0,10.7,0
2024-09-17T01:00+00:00,4115,0.7,995.6,98.0,0.0,0.0,8.8,0
2024-09-17T02:00+00:00,4115,0.6,996.3,99.0,0.0,0.0,8.0,0
2024-09-17T03:00+00:00,4115,0.4,996.9,99.0,0.0,0.0,9.0,0
2024-09-17T04:00+00:00,4115,0.9,997.7,99.0,0.0,0.0,8.3,0
2024-09-17T05:00+00:00,4115,0.7,998.7,98.0,0.0,0.0,8.7,3
2024-09-17T06:00+00:00,4115,0.4,999.3,95.0,0.0,0.4,11.1,83
2024-09-17T07:00+00:00,4115,0.3,999.9,88.0,0.0,1.0,12.6,297
2024-09-17T08:00+00:00,4115,1.9,1000.2,86.0,0.0,1.0,13.3,457
2024-09-17T09:00+00:00,4115,2.1,1000.4,83.0,0.0,0.7,14.8,533
2024-09-17T10:00+00:00,4115,2.8,1000.7,82.0,0.0,0.3,14.1,449
2024-09-17T11:00+00:00,4115,2.7,1001.0,76.0,0.0,0.1,15.3,410
2024-09-17T12:00+00:00,4115,2.2,1000.7,73.0,0.0,0.4,16.9,481
2024-09-17T13:00+00:00,4115,2.0,1000.5,72.0,0.0,0.4,17.9,411
2024-09-17T14:00+00:00,4115,1.9,1000.4,76.0,0.0,0.2,17.6,253
2024-09-17T15:00+00:00,4115,1.6,1000.3,75.0,0.0,0.3,17.7,217
2024-09-17T16:00+00:00,4115,1.4,1000.5,80.0,0.0,0.0,17.2,66
2024-09-17T17:00+00:00,4115,1.4,1000.7,83.0,0.0,0.0,16.5,20
2024-09-17T18:00+00:00,4115,1.2,1001.1,85.0,0.0,0.0,16.1,0
2024-09-17T19:00+00:00,4115,0.6,1001.1,87.0,0.0,0.0,15.5,0
2024-09-17T20:00+00:00,4115,0.5,1001.1,87.0,0.0,0.0,15.5,0
2024-09-17T21:00+00:00,4115,0.7,1001.3,87.0,0.0,0.0,15.4,0
2024-09-17T22:00+00:00,4115,0.3,1001.2,90.0,0.0,0.0,14.9,0
2024-09-17T23:00+00:00,4115,0.6,1001.0,89.0,0.0,0.0,15.0,0
2024-09-18T00:00+00:00,4115,0.7,1001.0,88.0,0.0,0.0,15.0,0
2024-09-18T01:00+00:00,4115,1.1,1001.1,88.0,0.0,0.0,14.8,0
2024-09-18T02:00+00:00,4115,0.1,1001.0,90.0,0.0,0.0,14.6,0
2024-09-18T03:00+00:00,4115,0.8,1000.9,92.0,0.0,0.0,14.2,0
2024-09-18T04:00+00:00,4115,0.6,1001.1,90.0,0.0,0.0,14.4,0
2024-09-18T05:00+00:00,4115,0.6,1001.4,92.0,0.0,0.0,14.0,3
2024-09-18T06:00+00:00,4115,0.5,1001.6,84.0,0.0,0.6,15.7,97
2024-09-18T07:00+00:00,4115,0.9,1001.9,77.0,0.0,1.0,16.9,257
2024-09-18T08:00+00:00,4115,1.2,1001.9,68.0,0.0,1.0,18.8,416
2024-09-18T09:00+00:00,4115,1.8,1001.9,64.0,0.0,1.0,20.4,545
2024-09-18T10:00+00:00,4115,1.7,1001.6,58.0,0.0,1.0,22.0,620
2024-09-18T11:00+00:00,4115,1.5,1001.3,50.0,0.0,1.0,23.0,644
2024-09-18T12:00+00:00,4115,1.7,1001.1,44.0,0.0,1.0,24.1,620
2024-09-18T13:00+00:00,4115,2.3,1000.5,45.0,0.0,1.0,24.6,535
2024-09-18T14:00+00:00,4115,3.1,1000.1,41.0,0.0,0.8,24.9,390
2024-09-18T15:00+00:00,4115,2.7,999.7,42.0,0.0,0.7,23.7,285
2024-09-18T16:00+00:00,4115,2.1,999.9,63.0,0.3,0.5,19.6,110
2024-09-18T17:00+00:00,4115,2.3,999.9,67.0,0.0,0.0,17.7,16
2024-09-18T18:00+00:00,4115,2.7,1000.3,68.0,0.0,0.0,17.0,0
2024-09-18T19:00+00:00,4115,1.2,1000.8,79.0,0.0,0.0,15.7,0
2024-09-18T20:00+00:00,4115,2.0,1000.4,77.0,0.0,0.0,16.8,0
2024-09-18T21:00+00:00,4115,3.3,1000.4,75.0,0.0,0.0,17.3,0
2024-09-18T22:00+00:00,4115,1.3,1000.4,77.0,0.0,0.0,16.3,0
2024-09-18T23:00+00:00,4115,1.0,1000.2,85.0,0.0,0.0,14.9,0
2024-09-19T00:00+00:00,4115,0.3,999.9,83.0,0.0,0.0,14.6,0
2024-09-19T01:00+00:00,4115,0.3,999.9,86.0,0.1,0.0,14.4,0
2024-09-19T02:00+00:00,4115,0.4,999.8,88.0,0.0,0.0,13.7,0
2024-09-19T03:00+00:00,4115,0.3,999.8,95.0,0.1,0.0,13.2,0
2024-09-19T04:00+00:00,4115,1.0,999.6,92.0,0.4,0.0,12.8,0
2024-09-19T05:00+00:00,4115,1.9,999.9,90.0,0.1,0.0,13.4,1
2024-09-19T06:00+00:00,4115,0.8,999.7,89.0,0.0,0.7,14.7,99
2024-09-19T07:00+00:00,4115,1.2,1000.0,79.0,0.0,1.0,15.7,249
2024-09-19T08:00+00:00,4115,2.1,1000.2,67.0,0.0,1.0,17.6,415
2024-09-19T09:00+00:00,4115,2.5,999.9,60.0,0.0,1.0,19.3,542
2024-09-19T10:00+00:00,4115,1.8,999.8,50.0,0.0,1.0,20.6,622
2024-09-19T11:00+00:00,4115,1.3,999.3,49.0,0.0,1.0,21.5,650
2024-09-19T12:00+00:00,4115,2.3,999.1,48.0,0.0,1.0,22.3,603
2024-09-19T13:00+00:00,4115,1.7,998.9,46.0,0.0,1.0,22.7,560
2024-09-19T14:00+00:00,4115,1.5,998.7,48.0,0.0,1.0,22.9,439
2024-09-19T15:00+00:00,4115,1.5,998.6,47.0,0.0,1.0,22.4,296
2024-09-19T16:00+00:00,4115,1.8,998.7,55.0,0.0,1.0,21.2,151
2024-09-19T17:00+00:00,4115,2.0,998.8,74.0,0.0,0.4,16.6,32
2024-09-19T18:00+00:00,4115,2.7,999.2,78.0,0.0,0.0,15.8,0
2024-09-19T19:00+00:00,4115,2.8,999.5,78.0,0.0,0.0,16.3,0
2024-09-19T20:00+00:00,4115,0.4,999.8,87.0,0.0,0.0,14.5,0
2024-09-19T21:00+00:00,4115,1.0,999.8,89.0,0.0,0.0,13.8,0
2024-09-19T22:00+00:00,4115,0.8,999.9,89.0,0.0,0.0,13.3,0
2024-09-19T23:00+00:00,4115,0.4,1000.1,91.0,0.0,0.0,13.4,0
2024-09-20T00:00+00:00,4115,0.4,1000.2,93.0,0.0,0.0,13.0,0
2024-09-20T01:00+00:00,4115,0.4,1000.2,96.0,0.0,0.0,12.5,0
2024-09-20T02:00+00:00,4115,0.2,1000.2,94.0,0.0,0.0,12.8,0
2024-09-20T03:00+00:00,4115,0.2,1000.2,91.0,0.0,0.0,12.5,0
2024-09-20T04:00+00:00,4115,0.6,1000.5,96.0,0.0,0.0,11.5,0
2024-09-20T05:00+00:00,4115,0.6,1000.9,93.0,0.0,0.0,12.0,3
2024-09-20T06:00+00:00,4115,0.9,1001.2,77.0,0.0,0.3,15.3,89
2024-09-20T07:00+00:00,4115,1.5,1001.6,73.0,0.0,0.8,16.2,237
2024-09-20T08:00+00:00,4115,1.2,1002.3,56.0,0.0,0.2,18.3,267
2024-09-20T09:00+00:00,4115,2.5,1002.2,54.0,0.0,1.0,19.7,561
2024-09-20T10:00+00:00,4115,2.6,1002.3,55.0,0.0,1.0,19.8,600
2024-09-20T11:00+00:00,4115,2.6,1002.4,55.0,0.0,1.0,20.4,636
2024-09-20T12:00+00:00,4115,1.7,1002.3,53.0,0.0,1.0,21.6,618
2024-09-20T13:00+00:00,4115,2.1,1002.0,52.0,0.0,1.0,21.9,551
2024-09-20T14:00+00:00,4115,2.0,1001.6,53.0,0.0,1.0,22.7,422
2024-09-20T15:00+00:00,4115,2.0,1001.5,53.0,0.0,1.0,22.2,288
2024-09-20T16:00+00:00,4115,1.6,1001.6,56.0,0.0,1.0,21.2,144
2024-09-20T17:00+00:00,4115,0.9,1001.6,79.0,0.0,0.5,16.9,28
2024-09-20T18:00+00:00,4115,1.4,1002.0,88.0,0.0,0.0,14.5,0
2024-09-20T19:00+00:00,4115,1.7,1002.3,87.0,0.0,0.0,13.9,0
2024-09-20T20:00+00:00,4115,1.6,1002.3,90.0,0.0,0.0,12.7,0
2024-09-20T21:00+00:00,4115,1.3,1002.3,91.0,0.0,0.0,12.3,0
2024-09-20T22:00+00:00,4115,2.2,1002.3,85.0,0.0,0.0,12.0,0
2024-09-20T23:00+00:00,4115,1.9,1002.3,88.0,0.0,0.0,11.0,0
2024-09-21T00:00+00:00,4115,1.9,1002.3,90.0,0.0,0.0,10.6,0
2024-09-21T01:00+00:00,4115,2.0,1002.2,91.0,0.0,0.0,9.8,0
2024-09-21T02:00+00:00,4115,2.0,1002.2,88.0,0.0,0.0,9.6,0
2024-09-21T03:00+00:00,4115,1.9,1002.3,92.0,0.0,0.0,8.6,0
2024-09-21T04:00+00:00,4115,2.0,1002.3,91.0,0.0,0.0,8.4,0
2024-09-21T05:00+00:00,4115,1.6,1002.3,94.0,0.0,0.0,8.1,4
2024-09-21T06:00+00:00,4115,1.2,1002.4,75.0,0.0,0.8,13.0,99
2024-09-21T07:00+00:00,4115,0.6,1002.6,66.0,0.0,1.0,14.2,268
2024-09-21T08:00+00:00,4115,1.0,1002.7,56.0,0.0,1.0,16.9,426
2024-09-21T09:00+00:00,4115,1.9,1002.6,52.0,0.0,1.0,18.5,549
2024-09-21T10:00+00:00,4115,2.3,1002.3,49.0,0.0,1.0,19.8,628
2024-09-21T11:00+00:00,4115,2.3,1001.8,43.0,0.0,1.0,21.1,651
2024-09-21T12:00+00:00,4115,2.6,1001.1,46.0,0.0,1.0,22.2,632
2024-09-21T13:00+00:00,4115,2.9,1000.4,45.0,0.0,1.0,22.5,563
2024-09-21T14:00+00:00,4115,3.2,1000.0,45.0,0.0,1.0,22.5,445
2024-09-21T15:00+00:00,4115,3.2,999.5,47.0,0.0,1.0,22.3,294
2024-09-21T16:00+00:00,4115,2.7,999.3,49.0,0.0,1.0,21.6,151
2024-09-21T17:00+00:00,4115,1.5,999.5,69.0,0.0,0.6,17.5,27
2024-09-21T18:00+00:00,4115,1.9,999.8,75.0,0.0,0.0,15.3,0
2024-09-21T19:00+00:00,4115,1.7,999.7,81.0,0.0,0.0,13.5,0
2024-09-21T20:00+00:00,4115,1.6,999.9,87.0,0.0,0.0,12.2,0
2024-09-21T21:00+00:00,4115,1.8,999.8,90.0,0.0,0.0,11.4,0
2024-09-21T22:00+00:00,4115,1.9,999.5,91.0,0.0,0.0,10.9,0
2024-09-21T23:00+00:00,4115,2.1,999.3,88.0,0.0,0.0,10.9,0
2024-09-22T00:00+00:00,4115,2.5,999.1,86.0,0.0,0.0,10.8,0
2024-09-22T01:00+00:00,4115,2.3,998.8,85.0,0.0,0.0,10.7,0
2024-09-22T02:00+00:00,4115,2.5,998.4,85.0,0.0,0.0,10.5,0
2024-09-22T03:00+00:00,4115,2.4,998.0,88.0,0.0,0.0,10.1,0
2024-09-22T04:00+00:00,4115,1.9,997.7,91.0,0.0,0.0,9.2,0
2024-09-22T05:00+00:00,4115,1.8,997.6,90.0,0.0,0.0,9.4,4
2024-09-22T06:00+00:00,4115,1.3,997.6,80.0,0.0,1.0,12.5,97
2024-09-22T07:00+00:00,4115,0.8,997.7,72.0,0.0,1.0,14.1,265
2024-09-22T08:00+00:00,4115,2.1,997.4,59.0,0.0,1.0,17.5,424
2024-09-22T09:00+00:00,4115,2.4,996.8,53.0,0.0,1.0,20.1,547
2024-09-22T10:00+00:00,4115,3.0,996.6,50.0,0.0,1.0,21.9,625
2024-09-22T11:00+00:00,4115,3.4,995.9,47.0,0.0,1.0,23.2,647
2024-09-22T12:00+00:00,4115,3.6,995.3,45.0,0.0,1.0,23.5,625
2024-09-22T13:00+00:00,4115,3.5,994.6,41.0,0.0,1.0,23.8,543
2024-09-22T14:00+00:00,4115,3.5,994.0,41.0,0.0,1.0,24.2,441
2024-09-22T15:00+00:00,4115,3.6,993.5,41.0,0.0,1.0,23.4,295
2024-09-22T16:00+00:00,4115,2.8,993.3,45.0,0.0,1.0,22.0,139
2024-09-22T17:00+00:00,4115,2.3,993.3,52.0,0.0,0.4,19.3,23
2024-09-22T18:00+00:00,4115,2.0,993.4,54.0,0.0,0.0,18.2,0
2024-09-22T19:00+00:00,4115,1.9,993.3,61.0,0.0,0.0,16.7,0
2024-09-22T20:00+00:00,4115,1.6,993.1,67.0,0.0,0.0,15.4,0
2024-09-22T21:00+00:00,4115,2.0,992.7,64.0,0.0,0.0,15.6,0
2024-09-22T22:00+00:00,4115,0.9,992.4,80.0,0.0,0.0,12.6,0
2024-09-22T23:00+00:00,4115,2.3,992.2,85.0,0.0,0.0,11.4,0
2024-09-23T00:00+00:00,4115,2.2,992.0,86.0,0.0,0.0,11.4,0
2024-09-23T01:00+00:00,4115,2.3,991.5,85.0,0.0,0.0,10.9,0
2024-09-23T02:00+00:00,4115,2.2,991.2,86.0,0.0,0.0,10.6,0
2024-09-23T03:00+00:00,4115,2.3,991.0,86.0,0.0,0.0,10.3,0
2024-09-23T04:00+00:00,4115,2.6,990.9,86.0,0.0,0.0,10.0,0
2024-09-23T05:00+00:00,4115,2.1,991.0,85.0,0.0,0.0,10.1,5
2024-09-23T06:00+00:00,4115,1.4,991.0,74.0,0.0,0.9,13.0,111
2024-09-23T07:00+00:00,4115,1.2,991.2,70.0,0.0,0.7,14.2,230
2024-09-23T08:00+00:00,4115,0.9,991.6,68.0,0.0,0.6,15.9,262
2024-09-23T09:00+00:00,4115,1.4,991.3,61.0,0.0,1.0,18.5,554
2024-09-23T10:00+00:00,4115,1.6,991.2,59.0,0.0,1.0,20.2,615
2024-09-23T11:00+00:00,4115,2.2,990.7,56.0,0.0,1.0,21.7,634
2024-09-23T12:00+00:00,4115,2.3,990.1,53.0,0.0,1.0,23.1,607
2024-09-23T13:00+00:00,4115,2.7,989.6,49.0,0.0,1.0,23.8,538
2024-09-23T14:00+00:00,4115,2.8,989.1,47.0,0.0,1.0,24.2,420
2024-09-23T15:00+00:00,4115,2.9,988.6,48.0,0.0,1.0,23.9,275
2024-09-23T16:00+00:00,4115,2.7,988.4,51.0,0.0,1.0,22.7,132
2024-09-23T17:00+00:00,4115,1.7,988.2,62.0,0.0,0.2,19.7,17
2024-09-23T18:00+00:00,4115,1.6,988.0,67.0,0.0,0.0,18.4,0
2024-09-23T19:00+00:00,4115,1.5,987.9,73.0,0.0,0.0,17.3,0
2024-09-23T20:00+00:00,4115,1.4,987.6,73.0,0.0,0.0,17.1,0
2024-09-23T21:00+00:00,4115,1.5,987.4,76.0,0.0,0.0,16.5,0
2024-09-23T22:00+00:00,4115,1.6,986.9,88.0,0.0,0.0,13.7,0
2024-09-23T23:00+00:00,4115,1.4,986.6,85.0,0.0,0.0,14.8,0
2024-09-24T00:00+00:00,4115,1.5,986.4,84.0,0.0,0.0,15.0,0
2024-09-24T01:00+00:00,4115,0.9,985.8,86.0,0.0,0.0,14.7,0
2024-09-24T02:00+00:00,4115,1.3,985.6,87.0,0.0,0.0,14.5,0
2024-09-24T03:00+00:00,4115,1.4,985.5,86.0,0.0,0.0,14.3,0
2024-09-24T04:00+00:00,4115,1.1,985.6,84.0,0.0,0.0,15.4,0
2024-09-24T05:00+00:00,4115,1.9,986.0,83.0,0.0,0.0,15.8,1
2024-09-24T06:00+00:00,4115,0.4,986.5,84.0,0.0,0.0,15.8,25
2024-09-24T07:00+00:00,4115,0.8,986.6,80.0,0.0,0.1,17.3,153
2024-09-24T08:00+00:00,4115,1.1,987.3,78.0,0.0,0.1,17.3,210
2024-09-24T09:00+00:00,4115,2.9,988.0,91.0,1.1,0.0,14.8,115
2024-09-24T10:00+00:00,4115,3.3,988.6,92.0,1.6,0.0,14.4,107
2024-09-24T11:00+00:00,4115,3.0,988.6,85.0,0.0,0.0,15.7,243
2024-09-24T12:00+00:00,4115,2.5,988.8,79.0,0.0,0.0,16.0,195
2024-09-24T13:00+00:00,4115,1.2,988.6,74.0,0.0,0.0,17.2,159
2024-09-24T14:00+00:00,4115,1.9,988.6,72.0,0.0,0.0,17.3,129
2024-09-24T15:00+00:00,4115,1.4,988.5,69.0,0.0,0.0,17.6,120
2024-09-24T16:00+00:00,4115,1.0,988.5,74.0,0.0,0.1,17.1,77
2024-09-24T17:00+00:00,4115,0.5,988.6,89.0,0.0,0.0,13.7,9
2024-09-24T18:00+00:00,4115,0.6,988.6,93.0,0.0,0.0,13.0,0
2024-09-24T19:00+00:00,4115,0.2,988.9,95.0,0.0,0.0,13.6,0
2024-09-24T20:00+00:00,4115,0.4,989.2,95.0,0.0,0.0,13.6,0
2024-09-24T21:00+00:00,4115,0.4,989.6,93.0,0.0,0.0,14.1,0
2024-09-24T22:00+00:00,4115,0.1,989.7,94.0,0.1,0.0,14.1,0
2024-09-24T23:00+00:00,4115,0.6,989.6,96.0,0.0,0.0,13.5,0
2024-09-25T00:00+00:00,4115,0.8,989.6,97.0,0.0,0.0,13.6,0
2024-09-25T01:00+00:00,4115,0.3,989.7,98.0,0.0,0.0,13.2,0
2024-09-25T02:00+00:00,4115,0.3,989.7,97.0,0.0,0.0,13.0,0
2024-09-25T03:00+00:00,4115,1.1,990.0,96.0,0.0,0.0,12.6,0
2024-09-25T04:00+00:00,4115,0.2,990.2,96.0,0.0,0.0,12.8,0
2024-09-25T05:00+00:00,4115,0.6,990.7,96.0,0.0,0.0,13.2,1
2024-09-25T06:00+00:00,4115,0.9,991.2,96.0,0.0,0.0,13.8,21
2024-09-25T07:00+00:00,4115,1.0,991.6,91.0,0.0,0.0,15.1,97
2024-09-25T08:00+00:00,4115,0.4,991.9,83.0,0.0,0.0,16.5,168
2024-09-25T09:00+00:00,4115,1.7,991.8,67.0,0.0,0.7,18.2,405
2024-09-25T10:00+00:00,4115,2.9,991.6,62.0,0.0,0.9,19.1,405
2024-09-25T11:00+00:00,4115,2.9,991.2,58.0,0.0,1.0,20.5,595
2024-09-25T12:00+00:00,4115,3.7,991.1,58.0,0.0,1.0,21.1,553
2024-09-25T13:00+00:00,4115,3.3,990.7,51.0,0.0,1.0,22.2,553
2024-09-25T14:00+00:00,4115,3.3,990.2,56.0,0.0,1.0,21.9,418
2024-09-25T15:00+00:00,4115,2.7,989.7,59.0,0.0,1.0,21.3,284
2024-09-25T16:00+00:00,4115,2.5,989.7,65.0,0.0,0.8,19.3,108
2024-09-25T17:00+00:00,4115,1.3,989.5,75.0,0.0,0.0,17.1,13
2024-09-25T18:00+00:00,4115,1.3,989.1,81.0,0.0,0.0,15.9,0
2024-09-25T19:00+00:00,4115,1.0,988.8,88.0,0.0,0.0,14.8,0
2024-09-25T20:00+00:00,4115,1.3,988.2,92.0,0.0,0.0,13.6,0
2024-09-25T21:00+00:00,4115,1.7,987.6,94.0,0.0,0.0,13.7,0
2024-09-25T22:00+00:00,4115,1.8,986.6,96.0,0.0,0.0,13.6,0
2024-09-25T23:00+00:00,4115,1.8,986.0,96.0,0.0,0.0,13.6,0
2024-09-26T00:00+00:00,4115,1.5,985.6,95.0,0.0,0.0,13.7,0
2024-09-26T01:00+00:00,4115,1.5,984.4,96.0,0.0,0.0,13.0,0
2024-09-26T02:00+00:00,4115,1.6,984.0,98.0,0.0,0.0,12.2,0
2024-09-26T03:00+00:00,4115,1.6,983.1,98.0,0.0,0.0,12.2,0
2024-09-26T04:00+00:00,4115,1.5,983.0,98.0,0.0,0.0,12.2,0
2024-09-26T05:00+00:00,4115,1.6,982.6,98.0,0.0,0.0,11.6,1
2024-09-26T06:00+00:00,4115,1.3,982.5,98.0,0.0,0.0,12.2,29
2024-09-26T07:00+00:00,4115,1.1,982.3,97.0,0.0,0.0,13.4,97
2024-09-26T08:00+00:00,4115,1.2,982.5,88.0,0.0,0.0,14.8,211
2024-09-26T09:00+00:00,4115,0.7,982.5,79.0,0.0,0.5,16.7,302
2024-09-26T10:00+00:00,4115,1.0,982.4,72.0,0.0,0.3,19.3,351
2024-09-26T11:00+00:00,4115,1.2,982.5,63.0,0.0,0.0,21.0,334
2024-09-26T12:00+00:00,4115,1.0,982.0,61.0,0.0,0.3,22.9,382
2024-09-26T13:00+00:00,4115,0.9,981.4,55.0,0.0,0.2,23.7,289
2024-09-26T14:00+00:00,4115,0.7,981.2,60.0,0.0,0.0,24.0,164
2024-09-26T15:00+00:00,4115,1.1,980.7,53.0,0.0,0.7,24.4,260
2024-09-26T16:00+00:00,4115,1.6,979.7,56.0,0.0,0.6,23.5,98
2024-09-26T17:00+00:00,4115,1.8,978.9,62.0,0.0,0.5,21.3,20
2024-09-26T18:00+00:00,4115,2.4,978.5,65.0,0.0,0.0,20.1,0
2024-09-26T19:00+00:00,4115,2.9,978.7,67.0,0.0,0.0,19.8,0
2024-09-26T20:00+00:00,4115,1.9,978.8,68.0,0.0,0.0,19.5,0
2024-09-26T21:00+00:00,4115,0.4,980.1,72.0,0.0,0.0,18.3,0
2024-09-26T22:00+00:00,4115,5.1,982.9,75.0,0.0,0.0,18.6,0
2024-09-26T23:00+00:00,4115,4.1,983.8,85.0,0.0,0.0,17.1,0
2024-09-27T00:00+00:00,4115,1.8,984.2,86.0,0.0,0.0,16.8,0
2024-09-27T01:00+00:00,4115,2.1,984.4,73.0,0.0,0.0,17.9,0
2024-09-27T02:00+00:00,4115,0.7,984.6,73.0,0.0,0.0,17.6,0
2024-09-27T03:00+00:00,4115,1.2,984.6,70.0,0.0,0.0,17.6,0
2024-09-27T04:00+00:00,4115,1.4,985.3,84.0,0.1,0.0,15.9,0
2024-09-27T05:00+00:00,4115,1.3,985.6,84.0,0.0,0.0,15.7,0
2024-09-27T06:00+00:00,4115,1.5,985.6,87.0,0.2,0.0,15.9,11
2024-09-27T07:00+00:00,4115,1.3,985.8,80.0,0.0,0.0,17.1,65
2024-09-27T08:00+00:00,4115,0.9,986.7,85.0,0.1,0.0,17.5,97
2024-09-27T09:00+00:00,4115,3.3,987.0,79.0,0.0,0.0,17.1,118
2024-09-27T10:00+00:00,4115,3.0,987.0,90.0,0.9,0.0,16.4,127
2024-09-27T11:00+00:00,4115,3.1,987.1,89.0,0.1,0.0,16.6,128
2024-09-27T12:00+00:00,4115,3.1,986.6,90.0,0.4,0.0,16.6,183
2024-09-27T13:00+00:00,4115,2.7,985.9,85.0,0.2,0.0,17.0,215
2024-09-27T14:00+00:00,4115,2.2,985.3,87.0,0.0,0.0,16.6,112
2024-09-27T15:00+00:00,4115,2.2,984.4,83.0,0.0,0.0,16.3,114
2024-09-27T16:00+00:00,4115,1.7,984.1,86.0,0.0,0.0,16.0,24
2024-09-27T17:00+00:00,4115,1.0,984.1,89.0,0.0,0.0,15.7,5
2024-09-27T18:00+00:00,4115,0.3,984.9,91.0,0.0,0.0,15.4,0
2024-09-27T19:00+00:00,4115,1.3,985.9,89.0,0.0,0.0,15.6,0
2024-09-27T20:00+00:00,4115,2.4,987.0,92.0,0.0,0.0,15.2,0
2024-09-27T21:00+00:00,4115,3.6,988.4,89.0,0.0,0.0,14.5,0
2024-09-27T22:00+00:00,4115,2.2,989.1,85.0,0.0,0.0,14.7,0
2024-09-27T23:00+00:00,4115,4.2,989.1,79.0,0.0,0.0,14.2,0
2024-09-28T00:00+00:00,4115,4.7,989.6,68.0,0.0,0.0,14.1,0
2024-09-28T01:00+00:00,4115,4.9,989.1,63.0,0.0,0.0,13.9,0
2024-09-28T02:00+00:00,4115,3.7,989.9,65.0,0.0,0.0,13.7,0
2024-09-28T03:00+00:00,4115,4.1,989.5,67.0,0.0,0.0,13.1,0
2024-09-28T04:00+00:00,4115,4.2,989.5,64.0,0.0,0.0,12.9,0
2024-09-28T05:00+00:00,4115,2.9,990.4,69.0,0.0,0.0,12.4,0
2024-09-28T06:00+00:00,4115,0.5,991.1,74.0,0.0,0.1,12.0,26
2024-09-28T07:00+00:00,4115,0.7,991.4,73.0,0.0,0.0,12.7,80
2024-09-28T08:00+00:00,4115,0.5,992.0,76.0,0.0,0.2,13.0,121
2024-09-28T09:00+00:00,4115,1.5,992.2,54.0,0.0,0.2,16.4,284
2024-09-28T10:00+00:00,4115,2.5,992.6,57.0,0.0,0.2,16.4,346
2024-09-28T11:00+00:00,4115,2.8,992.3,55.0,0.0,0.6,16.9,477
2024-09-28T12:00+00:00,4115,3.8,992.2,56.0,0.0,0.7,17.4,530
2024-09-28T13:00+00:00,4115,4.2,992.4,60.0,0.0,0.2,16.2,304
2024-09-28T14:00+00:00,4115,4.6,992.9,64.0,0.0,0.0,15.9,183
2024-09-28T15:00+00:00,4115,3.6,993.3,66.0,0.0,0.0,15.5,115
2024-09-28T16:00+00:00,4115,3.4,993.8,68.0,0.0,0.5,15.5,104
2024-09-28T17:00+00:00,4115,3.3,994.9,76.0,0.0,0.0,13.8,9
2024-09-28T18:00+00:00,4115,3.2,995.9,76.0,0.0,0.0,13.0,0
2024-09-28T19:00+00:00,4115,3.2,996.9,77.0,0.0,0.0,12.6,0
2024-09-28T20:00+00:00,4115,2.8,997.8,77.0,0.0,0.0,12.9,0
2024-09-28T21:00+00:00,4115,2.6,998.8,79.0,0.0,0.0,12.5,0
2024-09-28T22:00+00:00,4115,2.6,999.6,81.0,0.0,0.0,12.0,0
2024-09-28T23:00+00:00,4115,2.7,1000.4,73.0,0.0,0.0,11.8,0
2024-09-29T00:00+00:00,4115,2.5,1001.0,74.0,0.0,0.0,11.0,0
2024-09-29T01:00+00:00,4115,2.7,1001.5,76.0,0.0,0.0,10.3,0
2024-09-29T02:00+00:00,4115,3.2,1001.9,78.0,0.0,0.0,9.6,0
2024-09-29T03:00+00:00,4115,3.5,1002.4,80.0,0.0,0.0,8.9,0
2024-09-29T04:00+00:00,4115,3.7,1003.0,82.0,0.0,0.0,8.3,0
2024-09-29T05:00+00:00,4115,2.7,1003.8,83.0,0.0,0.0,8.2,1
2024-09-29T06:00+00:00,4115,2.5,1004.7,80.0,0.0,0.2,8.7,37
2024-09-29T07:00+00:00,4115,2.8,1005.2,76.0,0.0,0.9,9.8,226
2024-09-29T08:00+00:00,4115,3.7,1005.4,70.0,0.0,0.8,10.9,352
2024-09-29T09:00+00:00,4115,4.5,1005.3,59.0,0.0,0.8,12.2,501
2024-09-29T10:00+00:00,4115,4.9,1004.7,59.0,0.0,0.5,13.0,454
2024-09-29T11:00+00:00,4115,5.3,1004.7,50.0,0.0,0.8,13.7,577
2024-09-29T12:00+00:00,4115,4.7,1004.4,52.0,0.0,0.5,13.4,426
2024-09-29T13:00+00:00,4115,4.3,1004.2,52.0,0.0,0.4,12.9,343
2024-09-29T14:00+00:00,4115,3.4,1004.2,42.0,0.0,0.6,14.4,309
2024-09-29T15:00+00:00,4115,3.3,1004.2,47.0,0.0,0.7,13.6,232
2024-09-29T16:00+00:00,4115,2.7,1004.4,57.0,0.0,0.4,11.4,83
2024-09-29T17:00+00:00,4115,2.0,1004.4,64.0,0.0,0.3,9.4,10
2024-09-29T18:00+00:00,4115,2.5,1004.8,62.0,0.0,0.0,9.5,0
2024-09-29T19:00+00:00,4115,2.5,1004.7,65.0,0.0,0.0,9.5,0
2024-09-29T20:00+00:00,4115,2.4,1004.7,67.0,0.0,0.0,9.5,0
2024-09-29T21:00+00:00,4115,3.2,1004.7,73.0,0.0,0.0,8.5,0
2024-09-29T22:00+00:00,4115,2.8,1004.4,79.0,0.0,0.0,7.4,0
2024-09-29T23:00+00:00,4115,1.7,1004.1,86.0,0.0,0.0,5.7,0
2024-09-30T00:00+00:00,4115,0.8,1003.7,91.0,0.0,0.0,5.0,0
2024-09-30T01:00+00:00,4115,1.0,1002.9,93.0,0.0,0.0,4.2,0
2024-09-30T02:00+00:00,4115,0.6,1002.3,93.0,0.0,0.0,4.5,0
2024-09-30T03:00+00:00,4115,0.7,1001.9,94.0,0.0,0.0,4.3,0
2024-09-30T04:00+00:00,4115,0.5,1001.6,94.0,0.0,0.0,4.0,0
2024-09-30T05:00+00:00,4115,0.5,1001.5,96.0,0.0,0.0,3.3,1
2024-09-30T06:00+00:00,4115,0.5,1001.3,90.0,0.0,0.8,6.6,96
2024-09-30T07:00+00:00,4115,2.0,1001.4,85.0,0.0,0.3,7.1,165
2024-09-30T08:00+00:00,4115,1.6,1001.1,79.0,0.0,0.7,8.5,299
2024-09-30T09:00+00:00,4115,1.7,1000.8,69.0,0.0,0.9,10.9,508
2024-09-30T10:00+00:00,4115,2.1,1000.2,66.0,0.0,0.8,11.8,555
2024-09-30T11:00+00:00,4115,1.9,999.9,59.0,0.0,0.5,13.4,470
2024-09-30T12:00+00:00,4115,1.7,998.8,49.0,0.0,0.9,14.8,587
2024-09-30T13:00+00:00,4115,2.0,998.8,46.0,0.0,1.0,15.6,467
2024-09-30T14:00+00:00,4115,1.7,998.0,49.0,0.0,1.0,15.6,415
2024-09-30T15:00+00:00,4115,1.5,997.8,48.0,0.0,1.0,15.3,258
2024-09-30T16:00+00:00,4115,1.3,997.7,56.0,0.0,0.6,12.7,88
2024-09-30T17:00+00:00,4115,1.4,997.7,77.0,0.0,0.0,8.9,7
2024-09-30T18:00+00:00,4115,1.5,997.6,78.0,0.0,0.0,8.7,0
2024-09-30T19:00+00:00,4115,1.7,997.6,72.0,0.0,0.0,10.2,0
2024-09-30T20:00+00:00,4115,2.1,997.4,77.0,0.0,0.0,8.8,0
2024-09-30T21:00+00:00,4115,2.0,997.4,78.0,0.0,0.0,9.1,0
2024-09-30T22:00+00:00,4115,1.5,996.8,79.0,0.0,0.0,9.2,0
2024-09-30T23:00+00:00,4115,1.6,996.4,80.0,0.0,0.0,9.1,0
2024-10-01T00:00+00:00,4115,1.2,996.0,88.0,0.0,0.0,6.6,0
2024-10-01T01:00+00:00,4115,1.5,995.7,92.0,0.0,0.0,5.6,0
2024-10-01T02:00+00:00,4115,1.3,995.5,95.0,0.0,0.0,4.6,0
2024-10-01T03:00+00:00,4115,1.6,995.1,96.0,0.0,0.0,4.1,0
2024-10-01T04:00+00:00,4115,1.6,994.9,95.0,0.0,0.0,5.3,0
2024-10-01T05:00+00:00,4115,1.1,994.9,96.0,0.0,0.0,4.5,1
2024-10-01T06:00+00:00,4115,1.0,994.6,89.0,0.0,0.7,6.9,79
2024-10-01T07:00+00:00,4115,1.2,994.8,82.0,0.0,0.9,8.7,213
2024-10-01T08:00+00:00,4115,1.2,994.7,76.0,0.0,0.6,10.4,304
2024-10-01T09:00+00:00,4115,1.5,994.5,71.0,0.0,0.4,11.8,373
2024-10-01T10:00+00:00,4115,1.8,993.8,69.0,0.0,0.0,12.6,334
2024-10-01T11:00+00:00,4115,1.5,993.6,68.0,0.0,0.0,13.4,262
2024-10-01T12:00+00:00,4115,1.1,993.0,65.0,0.0,0.0,15.1,214
2024-10-01T13:00+00:00,4115,1.0,992.2,61.0,0.0,0.2,17.7,313
2024-10-01T14:00+00:00,4115,1.6,991.8,59.0,0.0,0.3,17.5,296
2024-10-01T15:00+00:00,4115,2.0,991.3,63.0,0.0,0.0,17.1,133
2024-10-01T16:00+00:00,4115,1.4,991.2,66.0,0.0,0.0,15.9,42
2024-10-01T17:00+00:00,4115,1.4,990.9,71.0,0.0,0.0,14.1,5
2024-10-01T18:00+00:00,4115,1.3,990.7,73.0,0.0,0.0,13.3,0
2024-10-01T19:00+00:00,4115,1.1,990.3,83.0,0.0,0.0,11.4,0
2024-10-01T20:00+00:00,4115,1.8,989.9,87.0,0.0,0.0,10.4,0
2024-10-01T21:00+00:00,4115,1.6,989.1,84.0,0.0,0.0,11.1,0
2024-10-01T22:00+00:00,4115,2.0,988.4,81.0,0.0,0.0,11.2,0
2024-10-01T23:00+00:00,4115,2.4,987.7,80.0,0.0,0.0,10.8,0
2024-10-02T00:00+00:00,4115,1.8,986.9,79.0,0.0,0.0,11.1,0
2024-10-02T01:00+00:00,4115,1.9,986.3,79.0,0.0,0.0,11.1,0
2024-10-02T02:00+00:00,4115,1.8,985.5,80.0,0.0,0.0,11.0,0
2024-10-02T03:00+00:00,4115,2.1,984.6,78.0,0.0,0.0,11.4,0
2024-10-02T04:00+00:00,4115,2.3,984.3,76.0,0.0,0.0,11.7,0
2024-10-02T05:00+00:00,4115,1.9,984.4,74.0,0.0,0.0,11.8,0
2024-10-02T06:00+00:00,4115,1.9,985.1,83.0,0.4,0.0,11.2,14
2024-10-02T07:00+00:00,4115,1.5,985.1,86.0,0.7,0.0,11.2,51
2024-10-02T08:00+00:00,4115,2.1,985.1,82.0,0.0,0.0,12.1,168
2024-10-02T09:00+00:00,4115,2.6,985.4,77.0,0.0,0.0,13.2,247
2024-10-02T10:00+00:00,4115,2.9,985.5,80.0,0.0,0.0,13.0,197
2024-10-02T11:00+00:00,4115,3.1,985.5,84.0,0.0,0.0,11.9,88
2024-10-02T12:00+00:00,4115,2.8,986.0,91.0,0.1,0.0,11.1,74
2024-10-02T13:00+00:00,4115,2.1,986.3,96.0,1.3,0.0,10.5,58
2024-10-02T14:00+00:00,4115,1.9,986.5,97.0,1.2,0.0,10.3,34
2024-10-02T15:00+00:00,4115,1.4,986.5,97.0,0.6,0.0,10.0,11
2024-10-02T16:00+00:00,4115,1.3,986.7,98.0,0.5,0.0,10.1,7
2024-10-02T17:00+00:00,4115,1.2,987.0,98.0,0.0,0.0,10.1,1
2024-10-02T18:00+00:00,4115,1.3,987.0,97.0,0.0,0.0,10.3,0
2024-10-02T19:00+00:00,4115,2.0,987.7,97.0,0.0,0.0,10.2,0
2024-10-02T20:00+00:00,4115,1.4,987.9,98.0,0.0,0.0,9.9,0
2024-10-02T21:00+00:00,4115,0.7,987.7,91.0,0.0,0.0,10.7,0
2024-10-02T22:00+00:00,4115,2.8,987.6,82.0,0.0,0.0,11.4,0
2024-10-02T23:00+00:00,4115,3.0,987.9,82.0,0.0,0.0,11.0,0
2024-10-03T00:00+00:00,4115,2.9,988.6,82.0,0.0,0.0,11.4,0
2024-10-03T01:00+00:00,4115,3.0,988.4,82.0,0.0,0.0,11.4,0
2024-10-03T02:00+00:00,4115,3.1,988.5,84.0,0.0,0.0,11.0,0
2024-10-03T03:00+00:00,4115,2.8,988.1,82.0,0.0,0.0,10.9,0
2024-10-03T04:00+00:00,4115,2.8,988.5,82.0,0.0,0.0,11.3,0
2024-10-03T05:00+00:00,4115,2.4,988.9,83.0,0.0,0.0,11.2,0
2024-10-03T06:00+00:00,4115,2.3,989.0,81.0,0.0,0.0,11.6,15
2024-10-03T07:00+00:00,4115,2.3,989.3,79.0,0.0,0.0,12.1,92
2024-10-03T08:00+00:00,4115,2.5,990.0,78.0,0.0,0.0,12.7,178
2024-10-03T09:00+00:00,4115,3.0,990.2,78.0,0.0,0.0,13.0,228
2024-10-03T10:00+00:00,4115,2.8,990.3,76.0,0.0,0.0,13.8,246
2024-10-03T11:00+00:00,4115,2.8,990.1,73.0,0.0,0.0,13.9,225
2024-10-03T12:00+00:00,4115,2.4,989.8,71.0,0.0,0.0,14.1,186
2024-10-03T13:00+00:00,4115,2.2,989.8,72.0,0.0,0.0,14.1,154
2024-10-03T14:00+00:00,4115,2.6,989.6,73.0,0.0,0.0,13.6,132
2024-10-03T15:00+00:00,4115,3.1,989.7,76.0,0.0,0.0,12.9,85
2024-10-03T16:00+00:00,4115,3.3,990.0,78.0,0.0,0.0,12.0,25
2024-10-03T17:00+00:00,4115,3.1,990.0,80.0,0.0,0.0,11.5,2
2024-10-03T18:00+00:00,4115,2.7,990.4,82.0,0.0,0.0,11.2,0
2024-10-03T19:00+00:00,4115,2.3,990.5,83.0,0.0,0.0,11.0,0
2024-10-03T20:00+00:00,4115,2.5,990.5,82.0,0.0,0.0,11.1,0
2024-10-03T21:00+00:00,4115,2.5,990.5,84.0,0.0,0.0,10.9,0
2024-10-03T22:00+00:00,4115,2.0,990.2,89.0,0.1,0.0,10.4,0
2024-10-03T23:00+00:00,4115,2.4,989.5,89.0,0.0,0.0,10.4,0
2024-10-04T00:00+00:00,4115,3.2,989.0,92.0,0.2,0.0,10.0,0
2024-10-04T01:00+00:00,4115,2.6,989.0,93.0,1.1,0.0,9.6,0
2024-10-04T02:00+00:00,4115,3.1,989.1,95.0,1.8,0.0,9.4,0
2024-10-04T03:00+00:00,4115,2.7,989.0,96.0,3.6,0.0,9.3,0
2024-10-04T04:00+00:00,4115,3.2,989.0,96.0,4.2,0.0,9.2,0
2024-10-04T05:00+00:00,4115,3.4,988.6,96.0,3.8,0.0,9.2,0
2024-10-04T06:00+00:00,4115,2.6,988.8,97.0,2.1,0.0,9.3,8
2024-10-04T07:00+00:00,4115,2.8,988.7,96.0,0.4,0.0,9.8,59
2024-10-04T08:00+00:00,4115,2.9,989.1,93.0,0.1,0.0,10.3,97
2024-10-04T09:00+00:00,4115,2.6,989.7,92.0,0.0,0.0,10.9,115
2024-10-04T10:00+00:00,4115,3.0,989.6,92.0,0.0,0.0,11.0,120
2024-10-04T11:00+00:00,4115,3.1,989.6,92.0,0.5,0.0,10.9,66
2024-10-04T12:00+00:00,4115,2.5,989.6,93.0,1.2,0.0,10.8,60
2024-10-04T13:00+00:00,4115,3.0,989.9,94.0,1.4,0.0,10.4,62
2024-10-04T14:00+00:00,4115,3.1,990.2,93.0,0.5,0.0,10.2,50
2024-10-04T15:00+00:00,4115,3.3,990.4,92.0,0.0,0.0,9.9,25
2024-10-04T16:00+00:00,4115,3.3,990.5,93.0,0.1,0.0,9.8,7
2024-10-04T17:00+00:00,4115,3.4,991.0,95.0,0.3,0.0,9.6,0
2024-10-04T18:00+00:00,4115,3.4,991.3,94.0,0.1,0.0,9.6,0
2024-10-04T19:00+00:00,4115,3.5,991.4,93.0,0.0,0.0,9.7,0
2024-10-04T20:00+00:00,4115,3.4,991.6,93.0,0.0,0.0,9.7,0
2024-10-04T21:00+00:00,4115,2.9,991.6,94.0,0.0,0.0,9.7,0
2024-10-04T22:00+00:00,4115,2.8,991.8,93.0,0.0,0.0,9.8,0
2024-10-04T23:00+00:00,4115,2.7,991.6,94.0,0.0,0.0,9.7,0
2024-10-05T00:00+00:00,4115,2.5,991.9,93.0,0.0,0.0,9.8,0
2024-10-05T01:00+00:00,4115,2.6,991.8,90.0,0.0,0.0,10.0,0
2024-10-05T02:00+00:00,4115,2.5,991.6,96.0,0.4,0.0,9.5,0
2024-10-05T03:00+00:00,4115,2.7,991.6,96.0,0.1,0.0,9.6,0
2024-10-05T04:00+00:00,4115,2.4,991.9,95.0,0.3,0.0,9.6,0
2024-10-05T05:00+00:00,4115,1.9,991.9,94.0,0.0,0.0,9.7,0
2024-10-05T06:00+00:00,4115,1.8,992.1,93.0,0.0,0.0,9.8,8
2024-10-05T07:00+00:00,4115,2.1,992.3,91.0,0.0,0.0,10.2,31
2024-10-05T08:00+00:00,4115,2.5,992.6,90.0,0.0,0.0,10.8,107
2024-10-05T09:00+00:00,4115,2.3,992.6,87.0,0.0,0.0,11.2,108
2024-10-05T10:00+00:00,4115,2.3,992.5,88.0,0.1,0.0,11.4,106
2024-10-05T11:00+00:00,4115,1.8,992.3,86.0,0.0,0.0,12.1,127
2024-10-05T12:00+00:00,4115,3.3,992.2,81.0,0.0,0.0,13.0,264
2024-10-05T13:00+00:00,4115,3.4,992.2,83.0,0.0,0.0,12.7,239
2024-10-05T14:00+00:00,4115,3.1,992.2,90.0,0.1,0.0,11.6,129
2024-10-05T15:00+00:00,4115,2.2,992.2,90.0,0.0,0.0,11.4,74
2024-10-05T16:00+00:00,4115,1.9,992.4,92.0,0.0,0.0,11.0,18
2024-10-05T17:00+00:00,4115,1.7,992.5,92.0,0.0,0.0,10.8,0
2024-10-05T18:00+00:00,4115,1.8,992.7,92.0,0.0,0.0,10.7,0
2024-10-05T19:00+00:00,4115,1.8,992.7,90.0,0.0,0.0,10.6,0
2024-10-05T20:00+00:00,4115,2.0,993.0,95.0,0.0,0.0,10.3,0
2024-10-05T21:00+00:00,4115,2.0,992.7,95.0,0.0,0.0,10.2,0
2024-10-05T22:00+00:00,4115,1.7,992.5,94.0,0.0,0.0,10.2,0
2024-10-05T23:00+00:00,4115,1.8,992.2,93.0,0.0,0.0,10.2,0
2024-10-06T00:00+00:00,4115,1.8,992.0,92.0,0.0,0.0,9.9,0
2024-10-06T01:00+00:00,4115,1.9,991.9,92.0,0.0,0.0,9.9,0
2024-10-06T02:00+00:00,4115,2.1,991.6,92.0,0.0,0.0,9.5,0
2024-10-06T03:00+00:00,4115,2.3,991.6,91.0,0.0,0.0,9.4,0
2024-10-06T04:00+00:00,4115,2.6,991.3,90.0,0.0,0.0,9.4,0
2024-10-06T05:00+00:00,4115,1.5,991.3,92.0,0.0,0.0,9.4,0
2024-10-06T06:00+00:00,4115,2.0,991.5,89.0,0.0,0.0,9.8,17
2024-10-06T07:00+00:00,4115,2.3,991.6,87.0,0.0,0.0,10.4,80
2024-10-06T08:00+00:00,4115,3.2,991.8,80.0,0.0,0.0,11.0,222
2024-10-06T09:00+00:00,4115,2.7,991.8,77.0,0.0,0.0,11.9,287
2024-10-06T10:00+00:00,4115,2.0,991.6,73.0,0.0,0.4,13.2,412
2024-10-06T11:00+00:00,4115,2.1,991.1,70.0,0.0,0.4,13.2,422
2024-10-06T12:00+00:00,4115,1.7,990.5,66.0,0.0,0.5,14.6,448
2024-10-06T13:00+00:00,4115,1.7,990.1,63.0,0.0,0.9,15.1,492
2024-10-06T14:00+00:00,4115,1.7,990.0,70.0,0.0,0.7,14.4,330
2024-10-06T15:00+00:00,4115,1.9,989.6,64.0,0.0,1.0,15.0,216
2024-10-06T16:00+00:00,4115,1.5,989.8,73.0,0.0,1.0,13.4,77
2024-10-06T17:00+00:00,4115,1.3,990.1,91.0,0.0,0.0,8.9,3
2024-10-06T18:00+00:00,4115,1.6,990.1,95.0,0.0,0.0,8.4,0
2024-10-06T19:00+00:00,4115,1.7,990.2,95.0,0.0,0.0,8.2,0
2024-10-06T20:00+00:00,4115,1.1,990.1,97.0,0.0,0.0,6.8,0
2024-10-06T21:00+00:00,4115,1.5,989.9,98.0,0.0,0.0,6.6,0
2024-10-06T22:00+00:00,4115,1.0,989.6,99.0,0.0,0.0,6.5,0
2024-10-06T23:00+00:00,4115,1.2,989.2,99.0,0.0,0.0,6.3,0
2024-10-07T00:00+00:00,4115,1.8,989.5,99.0,0.0,0.0,6.1,0
2024-10-07T01:00+00:00,4115,1.8,989.3,99.0,0.0,0.0,5.9,0
2024-10-07T02:00+00:00,4115,1.8,989.1,99.0,0.0,0.0,5.6,0
2024-10-07T03:00+00:00,4115,0.8,989.3,99.0,0.0,0.0,4.7,0
2024-10-07T04:00+00:00,4115,0.8,989.1,100.0,0.0,0.0,6.6,0
2024-10-07T05:00+00:00,4115,0.3,989.5,100.0,0.0,0.0,7.3,0
2024-10-07T06:00+00:00,4115,0.4,990.1,100.0,0.0,0.0,7.2,12
2024-10-07T07:00+00:00,4115,0.6,990.1,100.0,0.0,0.0,7.5,53
2024-10-07T08:00+00:00,4115,0.6,990.7,100.0,0.0,0.0,8.0,74
2024-10-07T09:00+00:00,4115,1.3,990.7,100.0,0.0,0.0,7.9,136
2024-10-07T10:00+00:00,4115,1.3,991.0,97.0,0.0,0.0,9.4,207
2024-10-07T11:00+00:00,4115,2.1,990.3,84.0,0.0,0.6,12.3,507
2024-10-07T12:00+00:00,4115,2.2,990.0,81.0,0.0,0.9,13.1,600
2024-10-07T13:00+00:00,4115,2.3,989.8,75.0,0.0,1.0,14.5,466
2024-10-07T14:00+00:00,4115,2.3,989.5,72.0,0.0,1.0,15.5,343
2024-10-07T15:00+00:00,4115,2.1,989.2,74.0,0.0,1.0,16.0,207
2024-10-07T16:00+00:00,4115,1.6,989.1,81.0,0.0,1.0,15.2,73
2024-10-07T17:00+00:00,4115,1.6,989.0,85.0,0.0,0.1,13.8,3
2024-10-07T18:00+00:00,4115,1.7,989.0,89.0,0.0,0.0,13.1,0
2024-10-07T19:00+00:00,4115,1.4,988.9,92.0,0.0,0.0,12.3,0
2024-10-07T20:00+00:00,4115,1.1,988.6,93.0,0.0,0.0,12.0,0
2024-10-07T21:00+00:00,4115,1.1,988.6,96.0,0.0,0.0,11.2,0
2024-10-07T22:00+00:00,4115,1.3,988.1,96.0,0.0,0.0,10.7,0
2024-10-07T23:00+00:00,4115,1.4,988.0,98.0,0.0,0.0,10.8,0
2024-10-08T00:00+00:00,4115,1.7,987.8,97.0,0.0,0.0,11.2,0
2024-10-08T01:00+00:00,4115,1.8,987.5,97.0,0.0,0.0,11.3,0
2024-10-08T02:00+00:00,4115,2.1,987.0,96.0,0.0,0.0,11.8,0
2024-10-08T03:00+00:00,4115,1.8,987.0,96.0,0.0,0.0,11.9,0
2024-10-08T04:00+00:00,4115,2.1,986.7,96.0,0.0,0.0,11.9,0
2024-10-08T05:00+00:00,4115,1.8,986.7,96.0,0.0,0.0,11.9,0
2024-10-08T06:00+00:00,4115,1.6,987.0,95.0,0.0,0.0,12.1,9
2024-10-08T07:00+00:00,4115,1.5,987.0,94.0,0.0,0.0,12.4,36
2024-10-08T08:00+00:00,4115,1.5,987.0,91.0,0.0,0.0,13.2,78
2024-10-08T09:00+00:00,4115,1.8,986.8,86.0,0.0,0.0,14.3,128
2024-10-08T10:00+00:00,4115,2.2,986.6,80.0,0.0,0.0,16.8,263
2024-10-08T11:00+00:00,4115,2.3,985.6,75.0,0.0,0.3,19.0,367
2024-10-08T12:00+00:00,4115,3.1,984.2,64.0,0.0,1.0,21.7,576
2024-10-08T13:00+00:00,4115,3.1,983.2,60.0,0.0,1.0,23.1,453
2024-10-08T14:00+00:00,4115,3.2,982.4,62.0,0.0,1.0,23.7,331
2024-10-08T15:00+00:00,4115,3.5,981.6,61.0,0.0,0.8,23.3,185
2024-10-08T16:00+00:00,4115,3.9,981.6,66.0,0.0,0.0,21.1,39
2024-10-08T17:00+00:00,4115,4.9,982.2,67.0,0.0,0.0,20.4,1
2024-10-08T18:00+00:00,4115,4.9,982.5,70.0,0.0,0.0,19.8,0
2024-10-08T19:00+00:00,4115,3.3,982.3,76.0,0.1,0.0,18.6,0
2024-10-08T20:00+00:00,4115,3.5,982.1,81.0,0.3,0.0,17.9,0
2024-10-08T21:00+00:00,4115,3.5,981.4,75.0,0.2,0.0,18.4,0
2024-10-08T22:00+00:00,4115,3.3,980.9,83.0,0.2,0.0,17.2,0
2024-10-08T23:00+00:00,4115,1.4,981.0,83.0,0.0,0.0,17.0,0
2024-10-09T00:00+00:00,4115,1.0,981.2,89.0,0.1,0.0,16.2,0
2024-10-09T01:00+00:00,4115,0.2,981.0,93.0,0.2,0.0,15.5,0
2024-10-09T02:00+00:00,4115,1.6,981.4,86.0,0.0,0.0,16.5,0
2024-10-09T03:00+00:00,4115,3.3,981.3,93.0,1.0,0.0,15.1,0
2024-10-09T04:00+00:00,4115,4.3,981.9,95.0,2.9,0.0,14.5,0
2024-10-09T05:00+00:00,4115,3.3,982.1,94.0,0.5,0.0,14.2,0
2024-10-09T06:00+00:00,4115,2.8,982.4,93.0,0.4,0.0,14.0,10
2024-10-09T07:00+00:00,4115,2.7,982.6,90.0,0.1,0.0,14.4,87
2024-10-09T08:00+00:00,4115,4.0,983.4,88.0,0.0,0.0,14.9,97
2024-10-09T09:00+00:00,4115,2.8,983.3,79.0,0.0,0.0,16.1,204
2024-10-09T10:00+00:00,4115,2.1,983.0,74.0,0.0,0.0,17.3,301
2024-10-09T11:00+00:00,4115,1.6,982.5,68.0,0.0,0.5,18.7,461
2024-10-09T12:00+00:00,4115,1.9,981.8,65.0,0.0,1.0,20.2,491
2024-10-09T13:00+00:00,4115,2.9,981.1,59.0,0.0,1.0,20.2,462
2024-10-09T14:00+00:00,4115,3.1,980.5,72.0,0.0,0.7,19.4,296
2024-10-09T15:00+00:00,4115,2.9,979.8,76.0,0.0,0.3,18.3,134
2024-10-09T16:00+00:00,4115,2.8,979.1,81.0,0.0,0.6,16.9,66
2024-10-09T17:00+00:00,4115,2.2,978.5,87.0,0.0,0.0,15.8,3
2024-10-09T18:00+00:00,4115,1.4,977.9,88.0,0.0,0.0,15.0,0
2024-10-09T19:00+00:00,4115,1.9,977.3,95.0,0.0,0.0,13.8,0
2024-10-09T20:00+00:00,4115,1.8,976.3,95.0,0.0,0.0,13.7,0
2024-10-09T21:00+00:00,4115,1.6,975.5,96.0,0.0,0.0,12.9,0
2024-10-09T22:00+00:00,4115,2.0,974.7,95.0,0.0,0.0,12.7,0
2024-10-09T23:00+00:00,4115,1.6,974.0,95.0,0.0,0.0,11.9,0
2024-10-10T00:00+00:00,4115,1.7,973.2,96.0,0.0,0.0,11.7,0
2024-10-10T01:00+00:00,4115,1.5,972.6,97.0,0.0,0.0,10.9,0
2024-10-10T02:00+00:00,4115,2.0,972.3,98.0,0.0,0.0,11.0,0
2024-10-10T03:00+00:00,4115,1.8,972.1,98.0,0.0,0.0,10.7,0
2024-10-10T04:00+00:00,4115,0.9,971.9,98.0,0.0,0.0,9.3,0
2024-10-10T05:00+00:00,4115,0.8,971.8,99.0,0.0,0.0,9.1,0
2024-10-10T06:00+00:00,4115,0.4,972.5,100.0,0.0,0.7,10.7,58
2024-10-10T07:00+00:00,4115,0.3,973.4,97.0,0.0,0.6,13.1,163
2024-10-10T08:00+00:00,4115,0.9,974.5,94.0,0.0,0.0,13.6,156
2024-10-10T09:00+00:00,4115,1.6,975.7,95.0,0.1,0.0,13.8,122
2024-10-10T10:00+00:00,4115,3.2,976.6,76.0,0.3,0.4,17.8,347
2024-10-10T11:00+00:00,4115,4.9,976.8,64.0,0.0,0.2,20.1,382
2024-10-10T12:00+00:00,4115,6.0,978.0,67.0,0.0,0.2,18.6,247
2024-10-10T13:00+00:00,4115,5.4,979.5,76.0,0.0,0.0,16.6,89
2024-10-10T14:00+00:00,4115,5.1,980.5,87.0,1.6,0.0,14.3,41
2024-10-10T15:00+00:00,4115,3.0,981.1,90.0,0.9,0.0,14.3,49
2024-10-10T16:00+00:00,4115,2.4,981.4,88.0,0.0,0.0,14.2,10
2024-10-10T17:00+00:00,4115,2.1,981.6,86.0,0.1,0.0,14.1,0
2024-10-10T18:00+00:00,4115,2.8,983.1,89.0,0.3,0.0,13.7,0
2024-10-10T19:00+00:00,4115,3.5,984.1,94.0,2.7,0.0,12.8,0
2024-10-10T20:00+00:00,4115,2.4,984.4,95.0,1.7,0.0,12.6,0
2024-10-10T21:00+00:00,4115,1.9,984.5,92.0,0.1,0.0,12.6,0
2024-10-10T22:00+00:00,4115,2.7,984.4,88.0,0.0,0.0,13.0,0
2024-10-10T23:00+00:00,4115,2.9,984.1,84.0,0.0,0.0,13.3,0
2024-10-11T00:00+00:00,4115,3.4,984.6,84.0,0.0,0.0,13.2,0
2024-10-11T01:00+00:00,4115,3.2,985.1,83.0,0.0,0.0,13.1,0
2024-10-11T02:00+00:00,4115,3.3,985.4,81.0,0.0,0.0,13.2,0
2024-10-11T03:00+00:00,4115,2.9,985.8,82.0,0.0,0.0,12.9,0
2024-10-11T04:00+00:00,4115,2.8,986.5,82.0,0.0,0.0,12.9,0
2024-10-11T05:00+00:00,4115,2.8,986.9,82.0,0.0,0.0,12.8,0
2024-10-11T06:00+00:00,4115,2.6,988.0,84.0,0.0,0.1,12.6,12
2024-10-11T07:00+00:00,4115,1.9,989.2,79.0,0.0,0.3,14.0,133
2024-10-11T08:00+00:00,4115,2.9,990.1,75.0,0.0,0.5,14.6,258
2024-10-11T09:00+00:00,4115,2.7,990.8,73.0,0.0,0.6,15.7,386
2024-10-11T10:00+00:00,4115,2.1,991.0,78.0,0.0,0.1,14.7,194
2024-10-11T11:00+00:00,4115,1.5,990.9,85.0,0.6,0.0,14.7,143
2024-10-11T12:00+00:00,4115,1.1,991.3,87.0,1.3,0.1,14.2,179
2024-10-11T13:00+00:00,4115,1.7,991.5,87.0,1.6,0.0,13.9,167
2024-10-11T14:00+00:00,4115,1.5,991.6,69.0,0.0,0.3,15.9,223
2024-10-11T15:00+00:00,4115,0.6,992.2,78.0,0.0,0.4,15.6,162
2024-10-11T16:00+00:00,4115,1.4,993.5,83.0,0.0,0.0,14.1,24
2024-10-11T17:00+00:00,4115,3.0,994.7,82.0,0.0,0.0,12.2,0
2024-10-11T18:00+00:00,4115,2.8,995.9,82.0,0.0,0.0,11.4,0
2024-10-11T19:00+00:00,4115,4.2,996.8,79.0,0.0,0.0,10.0,0
2024-10-11T20:00+00:00,4115,3.1,997.8,83.0,0.0,0.0,9.4,0
2024-10-11T21:00+00:00,4115,2.2,998.0,86.0,0.0,0.0,8.5,0
2024-10-11T22:00+00:00,4115,2.6,998.1,83.0,0.0,0.0,8.6,0
2024-10-11T23:00+00:00,4115,2.6,998.4,84.0,0.0,0.0,8.3,0
2024-10-12T00:00+00:00,4115,2.6,998.6,85.0,0.0,0.0,8.0,0
2024-10-12T01:00+00:00,4115,3.3,998.6,86.0,0.0,0.0,7.7,0
2024-10-12T02:00+00:00,4115,3.3,998.6,86.0,0.0,0.0,7.5,0
2024-10-12T03:00+00:00,4115,2.8,998.8,88.0,0.0,0.0,7.2,0
2024-10-12T04:00+00:00,4115,1.0,999.2,90.0,0.0,0.0,7.0,0
2024-10-12T05:00+00:00,4115,0.9,999.1,94.0,0.0,0.0,5.7,0
2024-10-12T06:00+00:00,4115,1.2,999.3,91.0,0.0,0.5,7.0,35
2024-10-12T07:00+00:00,4115,0.5,999.3,86.0,0.0,1.0,8.6,180
2024-10-12T08:00+00:00,4115,1.2,999.3,78.0,0.0,1.0,10.3,334
2024-10-12T09:00+00:00,4115,1.7,999.0,78.0,0.0,1.0,11.3,459
2024-10-12T10:00+00:00,4115,1.4,998.6,71.0,0.0,1.0,12.9,526
2024-10-12T11:00+00:00,4115,2.3,997.8,66.0,0.0,1.0,13.6,550
2024-10-12T12:00+00:00,4115,2.2,997.3,64.0,0.0,0.9,14.2,491
2024-10-12T13:00+00:00,4115,2.9,996.4,60.0,0.0,0.7,14.5,334
2024-10-12T14:00+00:00,4115,2.7,995.8,61.0,0.0,0.7,14.1,239
2024-10-12T15:00+00:00,4115,3.2,995.5,66.0,0.0,0.4,13.7,151
2024-10-12T16:00+00:00,4115,2.4,995.1,71.0,0.0,0.6,13.1,73
2024-10-12T17:00+00:00,4115,2.1,994.7,77.0,0.0,0.0,11.8,1
2024-10-12T18:00+00:00,4115,1.4,994.6,86.0,0.0,0.0,9.6,0
2024-10-12T19:00+00:00,4115,1.5,994.4,87.0,0.0,0.0,10.0,0
2024-10-12T20:00+00:00,4115,1.2,994.1,93.0,0.0,0.0,8.4,0
2024-10-12T21:00+00:00,4115,1.1,993.8,93.0,0.0,0.0,8.1,0
2024-10-12T22:00+00:00,4115,1.1,993.8,95.0,0.0,0.0,8.1,0
2024-10-12T23:00+00:00,4115,1.2,993.0,96.0,0.0,0.0,8.2,0
2024-10-13T00:00+00:00,4115,1.0,992.6,97.0,0.0,0.0,7.2,0
2024-10-13T01:00+00:00,4115,1.1,991.9,98.0,0.0,0.0,6.7,0
2024-10-13T02:00+00:00,4115,1.1,991.8,99.0,0.0,0.0,7.3,0
2024-10-13T03:00+00:00,4115,0.8,991.2,99.0,0.0,0.0,7.6,0
2024-10-13T04:00+00:00,4115,1.0,991.4,99.0,0.0,0.0,7.2,0
2024-10-13T05:00+00:00,4115,0.8,991.4,99.0,0.0,0.0,8.1,0
2024-10-13T06:00+00:00,4115,0.8,991.2,98.0,0.0,0.0,8.6,9
2024-10-13T07:00+00:00,4115,1.4,991.2,96.0,0.0,0.0,9.1,35
2024-10-13T08:00+00:00,4115,1.8,991.3,91.0,0.0,0.0,9.6,73
2024-10-13T09:00+00:00,4115,2.0,990.9,87.0,0.0,0.0,10.7,171
2024-10-13T10:00+00:00,4115,2.0,990.7,78.0,0.0,0.3,12.0,272
2024-10-13T11:00+00:00,4115,1.2,990.7,77.0,0.0,0.0,13.0,231
2024-10-13T12:00+00:00,4115,2.3,990.9,74.0,0.0,0.0,16.3,82
2024-10-13T13:00+00:00,4115,3.4,991.5,87.0,0.4,0.0,15.1,97
2024-10-13T14:00+00:00,4115,4.3,992.7,81.0,0.1,0.0,14.2,86
2024-10-13T15:00+00:00,4115,4.1,993.3,76.0,0.0,0.2,13.8,146
2024-10-13T16:00+00:00,4115,3.5,994.2,76.0,0.0,0.0,13.3,41
2024-10-13T17:00+00:00,4115,3.1,995.1,72.0,0.0,0.0,12.9,1
2024-10-13T18:00+00:00,4115,2.8,996.2,75.0,0.0,0.0,12.1,0
2024-10-13T19:00+00:00,4115,2.8,996.9,72.0,0.0,0.0,11.6,0
2024-10-13T20:00+00:00,4115,2.8,997.7,75.0,0.0,0.0,10.9,0
2024-10-13T21:00+00:00,4115,2.8,998.6,78.0,0.0,0.0,10.2,0
2024-10-13T22:00+00:00,4115,2.4,998.5,70.0,0.0,0.0,9.9,0
2024-10-13T23:00+00:00,4115,2.1,998.7,70.0,0.0,0.0,9.0,0
2024-10-14T00:00+00:00,4115,2.7,999.1,70.0,0.0,0.0,9.1,0
2024-10-14T01:00+00:00,4115,2.3,999.2,67.0,0.0,0.0,8.8,0
2024-10-14T02:00+00:00,4115,2.6,999.1,70.0,0.0,0.0,8.3,0
2024-10-14T03:00+00:00,4115,2.4,999.2,71.0,0.0,0.0,8.2,0
2024-10-14T04:00+00:00,4115,3.2,998.8,72.0,0.0,0.0,7.9,0
2024-10-14T05:00+00:00,4115,1.7,999.2,83.0,0.0,0.0,6.4,0
2024-10-14T06:00+00:00,4115,0.9,999.6,90.0,0.0,0.2,4.9,22
2024-10-14T07:00+00:00,4115,0.4,999.8,73.0,0.0,1.0,8.9,184
2024-10-14T08:00+00:00,4115,1.4,999.7,59.0,0.0,1.0,11.5,334
2024-10-14T09:00+00:00,4115,1.6,999.6,58.0,0.0,1.0,12.5,455
2024-10-14T10:00+00:00,4115,0.6,999.2,55.0,0.0,1.0,14.3,491
2024-10-14T11:00+00:00,4115,1.7,998.2,51.0,0.0,0.9,14.6,443
2024-10-14T12:00+00:00,4115,1.4,997.7,55.0,0.0,0.7,14.5,426
2024-10-14T13:00+00:00,4115,1.9,997.1,60.0,0.0,0.1,14.0,200
2024-10-14T14:00+00:00,4115,1.5,997.1,62.0,0.0,0.1,13.9,156
2024-10-14T15:00+00:00,4115,1.7,996.6,66.0,0.0,0.4,13.4,151
2024-10-14T16:00+00:00,4115,1.4,996.4,74.0,0.0,0.3,12.1,48
2024-10-14T17:00+00:00,4115,0.9,996.3,80.0,0.0,0.0,11.5,1
2024-10-14T18:00+00:00,4115,0.6,995.9,88.0,0.1,0.0,11.0,0
2024-10-14T19:00+00:00,4115,0.9,995.6,92.0,0.1,0.0,10.6,0
2024-10-14T20:00+00:00,4115,1.3,995.5,92.0,0.0,0.0,10.3,0
2024-10-14T21:00+00:00,4115,1.2,995.1,93.0,0.0,0.0,9.6,0
2024-10-14T22:00+00:00,4115,0.8,995.2,94.0,0.0,0.0,9.9,0
2024-10-14T23:00+00:00,4115,0.9,995.1,96.0,1.2,0.0,10.1,0
2024-10-15T00:00+00:00,4115,0.1,995.3,98.0,0.0,0.0,10.0,0
2024-10-15T01:00+00:00,4115,0.7,994.9,98.0,0.0,0.0,9.4,0
2024-10-15T02:00+00:00,4115,1.5,995.5,97.0,0.0,0.0,10.2,0
2024-10-15T03:00+00:00,4115,2.6,996.2,95.0,0.0,0.0,10.7,0
2024-10-15T04:00+00:00,4115,2.8,997.6,93.0,0.0,0.0,10.4,0
2024-10-15T05:00+00:00,4115,2.6,998.7,90.0,0.0,0.0,10.3,0
2024-10-15T06:00+00:00,4115,1.8,999.7,89.0,0.0,0.0,10.4,9
2024-10-15T07:00+00:00,4115,1.7,1001.0,84.0,0.0,0.0,10.1,25
2024-10-15T08:00+00:00,4115,2.9,1001.4,77.0,0.0,0.6,11.5,250
2024-10-15T09:00+00:00,4115,2.9,1002.1,73.0,0.0,0.8,12.3,397
2024-10-15T10:00+00:00,4115,2.0,1002.3,62.0,0.0,0.8,13.0,431
2024-10-15T11:00+00:00,4115,2.8,1002.4,62.0,0.0,1.0,13.8,536
2024-10-15T12:00+00:00,4115,1.6,1002.3,61.0,0.0,1.0,14.4,531
2024-10-15T13:00+00:00,4115,1.8,1002.0,56.0,0.0,0.9,14.7,405
2024-10-15T14:00+00:00,4115,1.2,1002.0,58.0,0.0,1.0,14.7,300
2024-10-15T15:00+00:00,4115,2.2,1001.9,62.0,0.0,0.9,13.4,158
2024-10-15T16:00+00:00,4115,1.7,1002.5,74.0,0.0,0.3,10.6,43
2024-10-15T17:00+00:00,4115,1.9,1003.2,83.0,0.0,0.0,8.0,0
2024-10-15T18:00+00:00,4115,1.4,1003.3,87.0,0.0,0.0,7.2,0
2024-10-15T19:00+00:00,4115,1.5,1003.5,89.0,0.0,0.0,6.5,0
2024-10-15T20:00+00:00,4115,2.1,1004.1,86.0,0.0,0.0,7.2,0
2024-10-15T21:00+00:00,4115,0.4,1004.3,94.0,0.0,0.0,4.9,0
2024-10-15T22:00+00:00,4115,0.9,1004.2,94.0,0.0,0.0,4.4,0
2024-10-15T23:00+00:00,4115,2.1,1004.1,94.0,0.0,0.0,4.7,0
2024-10-16T00:00+00:00,4115,1.6,1004.1,90.0,0.0,0.0,6.7,0
2024-10-16T01:00+00:00,4115,1.4,1003.6,89.0,0.0,0.0,6.7,0
2024-10-16T02:00+00:00,4115,1.6,1003.5,91.0,0.0,0.0,6.6,0
2024-10-16T03:00+00:00,4115,2.4,1003.2,90.0,0.0,0.0,6.8,0
2024-10-16T04:00+00:00,4115,2.2,1002.7,87.0,0.0,0.0,7.7,0
2024-10-16T05:00+00:00,4115,2.7,1002.7,87.0,0.0,0.0,7.9,0
2024-10-16T06:00+00:00,4115,3.3,1003.2,84.0,0.0,0.0,8.4,14
2024-10-16T07:00+00:00,4115,3.5,1003.5,83.0,0.0,0.0,9.0,55
2024-10-16T08:00+00:00,4115,4.6,1003.5,76.0,0.0,0.8,11.1,281
2024-10-16T09:00+00:00,4115,4.7,1003.5,66.0,0.0,1.0,12.5,432
2024-10-16T10:00+00:00,4115,5.3,1003.6,65.0,0.0,1.0,13.5,497
2024-10-16T11:00+00:00,4115,5.1,1003.3,63.0,0.0,1.0,13.6,514
2024-10-16T12:00+00:00,4115,5.4,1002.9,61.0,0.0,1.0,13.8,495
2024-10-16T13:00+00:00,4115,4.8,1002.5,60.0,0.0,1.0,14.1,439
2024-10-16T14:00+00:00,4115,5.2,1002.2,61.0,0.0,1.0,13.4,309
2024-10-16T15:00+00:00,4115,5.0,1001.9,64.0,0.0,1.0,12.6,161
2024-10-16T16:00+00:00,4115,4.5,1002.0,67.0,0.0,0.5,11.6,39
2024-10-16T17:00+00:00,4115,4.3,1002.1,66.0,0.0,0.0,11.8,0
2024-10-16T18:00+00:00,4115,4.6,1002.3,63.0,0.0,0.0,12.1,0
2024-10-16T19:00+00:00,4115,4.3,1002.2,66.0,0.0,0.0,12.1,0
2024-10-16T20:00+00:00,4115,4.6,1002.0,67.0,0.0,0.0,11.9,0
2024-10-16T21:00+00:00,4115,4.8,1002.1,65.0,0.0,0.0,12.3,0
2024-10-16T22:00+00:00,4115,4.6,1002.2,69.0,0.0,0.0,11.7,0
2024-10-16T23:00+00:00,4115,4.5,1002.1,69.0,0.0,0.0,11.5,0
2024-10-17T00:00+00:00,4115,4.4,1002.0,75.0,0.0,0.0,10.3,0
2024-10-17T01:00+00:00,4115,4.7,1001.3,76.0,0.0,0.0,9.9,0
2024-10-17T02:00+00:00,4115,4.7,1001.2,74.0,0.0,0.0,9.8,0
2024-10-17T03:00+00:00,4115,5.4,1001.2,73.0,0.0,0.0,9.7,0
2024-10-17T04:00+00:00,4115,5.2,1001.1,72.0,0.0,0.0,9.6,0
2024-10-17T05:00+00:00,4115,4.3,1001.1,73.0,0.0,0.0,9.4,0
2024-10-17T06:00+00:00,4115,4.5,1001.5,75.0,0.0,0.0,9.4,9
2024-10-17T07:00+00:00,4115,4.4,1001.8,74.0,0.0,0.0,10.0,68
2024-10-17T08:00+00:00,4115,4.5,1001.6,72.0,0.0,0.0,11.2,169
2024-10-17T09:00+00:00,4115,4.4,1001.8,75.0,0.0,0.0,10.8,91
2024-10-17T10:00+00:00,4115,4.5,1001.3,71.0,0.0,0.0,12.0,191
2024-10-17T11:00+00:00,4115,4.9,1000.9,71.0,0.0,0.1,12.4,258
2024-10-17T12:00+00:00,4115,5.1,1000.4,74.0,0.0,0.0,12.5,202
2024-10-17T13:00+00:00,4115,5.3,1000.0,73.0,0.0,0.6,12.9,316
2024-10-17T14:00+00:00,4115,4.6,1000.0,75.0,0.0,0.0,12.5,112
2024-10-17T15:00+00:00,4115,4.5,1000.0,77.0,0.0,0.0,12.1,31
2024-10-17T16:00+00:00,4115,5.0,1000.2,78.0,0.0,0.0,11.9,7
2024-10-17T17:00+00:00,4115,4.3,1000.5,79.0,0.0,0.0,11.9,0
2024-10-17T18:00+00:00,4115,4.6,1000.5,75.0,0.0,0.0,12.4,0
2024-10-17T19:00+00:00,4115,5.0,1000.8,76.0,0.0,0.0,12.5,0
2024-10-17T20:00+00:00,4115,3.6,1000.7,76.0,0.0,0.0,12.4,0
2024-10-17T21:00+00:00,4115,3.6,1000.4,77.0,0.0,0.0,12.3,0
2024-10-17T22:00+00:00,4115,3.9,1000.1,80.0,0.0,0.0,12.1,0
2024-10-17T23:00+00:00,4115,3.7,999.9,79.0,0.0,0.0,12.1,0
2024-10-18T00:00+00:00,4115,4.0,999.3,80.0,0.0,0.0,12.0,0
2024-10-18T01:00+00:00,4115,3.0,999.2,77.0,0.0,0.0,11.9,0
2024-10-18T02:00+00:00,4115,3.4,998.7,72.0,0.0,0.0,12.0,0
2024-10-18T03:00+00:00,4115,3.5,998.5,71.0,0.0,0.0,11.8,0
2024-10-18T04:00+00:00,4115,3.8,998.4,73.0,0.0,0.0,11.3,0
2024-10-18T05:00+00:00,4115,3.8,998.5,72.0,0.0,0.0,11.0,0
2024-10-18T06:00+00:00,4115,4.1,999.0,75.0,0.0,0.0,10.1,14
2024-10-18T07:00+00:00,4115,4.0,999.3,71.0,0.0,0.9,11.1,146
2024-10-18T08:00+00:00,4115,4.3,999.0,65.0,0.0,1.0,12.5,271
2024-10-18T09:00+00:00,4115,5.1,998.9,62.0,0.0,1.0,13.1,384
2024-10-18T10:00+00:00,4115,5.0,998.8,59.0,0.0,1.0,14.1,453
2024-10-18T11:00+00:00,4115,4.7,998.1,58.0,0.0,1.0,15.2,465
2024-10-18T12:00+00:00,4115,4.4,997.9,56.0,0.0,0.9,15.4,398
2024-10-18T13:00+00:00,4115,4.7,997.7,53.0,0.0,1.0,16.0,346
2024-10-18T14:00+00:00,4115,4.7,997.3,53.0,0.0,1.0,16.5,256
2024-10-18T15:00+00:00,4115,3.9,997.1,57.0,0.0,0.4,15.7,121
2024-10-18T16:00+00:00,4115,3.3,997.6,57.0,0.0,0.0,15.1,18
2024-10-18T17:00+00:00,4115,2.8,997.8,60.0,0.0,0.0,14.4,0
2024-10-18T18:00+00:00,4115,3.0,997.8,64.0,0.0,0.0,13.9,0
2024-10-18T19:00+00:00,4115,3.1,997.9,66.0,0.0,0.0,13.5,0
2024-10-18T20:00+00:00,4115,3.0,998.0,68.0,0.0,0.0,12.5,0
2024-10-18T21:00+00:00,4115,2.9,997.8,69.0,0.0,0.0,11.9,0
2024-10-18T22:00+00:00,4115,2.8,997.9,71.0,0.0,0.0,11.2,0
2024-10-18T23:00+00:00,4115,3.3,997.8,71.0,0.0,0.0,11.1,0
2024-10-19T00:00+00:00,4115,2.7,997.7,74.0,0.0,0.0,10.2,0
2024-10-19T01:00+00:00,4115,2.9,997.8,75.0,0.0,0.0,9.7,0
2024-10-19T02:00+00:00,4115,2.7,998.0,74.0,0.0,0.0,10.1,0
2024-10-19T03:00+00:00,4115,2.4,998.0,77.0,0.0,0.0,9.6,0
2024-10-19T04:00+00:00,4115,2.7,998.5,77.0,0.0,0.0,9.4,0
2024-10-19T05:00+00:00,4115,2.0,998.8,76.0,0.0,0.0,9.6,0
2024-10-19T06:00+00:00,4115,2.3,999.5,75.0,0.0,0.0,9.6,4
2024-10-19T07:00+00:00,4115,2.4,999.9,73.0,0.0,0.0,9.8,31
2024-10-19T08:00+00:00,4115,2.5,1000.3,72.0,0.0,0.0,10.0,83
2024-10-19T09:00+00:00,4115,3.1,1000.5,69.0,0.0,0.0,11.4,176
2024-10-19T10:00+00:00,4115,3.2,1000.8,63.0,0.0,0.1,13.0,293
2024-10-19T11:00+00:00,4115,3.5,1000.5,58.0,0.0,1.0,14.6,428
2024-10-19T12:00+00:00,4115,3.4,1000.3,55.0,0.0,1.0,15.8,413
2024-10-19T13:00+00:00,4115,3.2,1000.2,57.0,0.0,1.0,16.1,327
2024-10-19T14:00+00:00,4115,3.4,1000.1,57.0,0.0,1.0,15.8,245
2024-10-19T15:00+00:00,4115,3.0,1000.4,60.0,0.0,0.3,15.1,129
2024-10-19T16:00+00:00,4115,2.1,1001.0,68.0,0.0,0.0,13.1,29
2024-10-19T17:00+00:00,4115,2.0,1001.3,71.0,0.0,0.0,11.9,0
2024-10-19T18:00+00:00,4115,2.3,1001.6,73.0,0.0,0.0,11.3,0
2024-10-19T19:00+00:00,4115,2.3,1002.1,76.0,0.0,0.0,10.5,0
2024-10-19T20:00+00:00,4115,1.8,1002.4,81.0,0.0,0.0,9.0,0
2024-10-19T21:00+00:00,4115,1.4,1002.5,82.0,0.0,0.0,8.5,0
2024-10-19T22:00+00:00,4115,1.8,1002.6,76.0,0.0,0.0,9.2,0
2024-10-19T23:00+00:00,4115,1.7,1003.1,82.0,0.0,0.0,8.1,0
2024-10-20T00:00+00:00,4115,1.6,1003.4,82.0,0.0,0.0,7.9,0
2024-10-20T01:00+00:00,4115,1.4,1003.4,83.0,0.0,0.0,7.6,0
2024-10-20T02:00+00:00,4115,1.8,1003.3,89.0,0.0,0.0,6.5,0
2024-10-20T03:00+00:00,4115,2.2,1003.5,88.0,0.0,0.0,6.7,0
2024-10-20T04:00+00:00,4115,2.5,1003.5,89.0,0.0,0.0,6.3,0
2024-10-20T05:00+00:00,4115,1.5,1004.1,91.0,0.0,0.0,5.9,0
2024-10-20T06:00+00:00,4115,1.6,1004.5,87.0,0.0,0.4,6.7,27
2024-10-20T07:00+00:00,4115,2.0,1004.8,80.0,0.0,0.9,8.3,141
2024-10-20T08:00+00:00,4115,2.2,1004.9,71.0,0.0,1.0,10.7,320
2024-10-20T09:00+00:00,4115,3.4,1005.1,64.0,0.0,1.0,12.5,393
2024-10-20T10:00+00:00,4115,3.8,1004.8,54.0,0.0,1.0,14.3,458
2024-10-20T11:00+00:00,4115,4.9,1004.6,52.0,0.0,1.0,15.2,482
2024-10-20T12:00+00:00,4115,5.1,1004.2,49.0,0.0,1.0,16.0,497
2024-10-20T13:00+00:00,4115,5.1,1004.1,50.0,0.0,1.0,16.7,407
2024-10-20T14:00+00:00,4115,4.6,1004.0,51.0,0.0,1.0,16.3,275
2024-10-20T15:00+00:00,4115,4.1,1004.0,55.0,0.0,1.0,15.8,161
2024-10-20T16:00+00:00,4115,3.7,1004.1,57.0,0.0,0.3,14.1,30
2024-10-20T17:00+00:00,4115,3.5,1004.4,63.0,0.0,0.0,13.0,0
2024-10-20T18:00+00:00,4115,3.1,1004.7,65.0,0.0,0.0,12.7,0
2024-10-20T19:00+00:00,4115,2.8,1005.1,70.0,0.0,0.0,12.0,0
2024-10-20T20:00+00:00,4115,2.6,1004.9,71.0,0.0,0.0,11.5,0
2024-10-20T21:00+00:00,4115,2.4,1005.3,74.0,0.0,0.0,10.9,0
2024-10-20T22:00+00:00,4115,1.7,1005.3,80.0,0.0,0.0,9.5,0
2024-10-20T23:00+00:00,4115,1.5,1005.4,85.0,0.0,0.0,8.2,0
2024-10-21T00:00+00:00,4115,1.3,1005.5,89.0,0.0,0.0,7.3,0
2024-10-21T01:00+00:00,4115,1.3,1005.9,90.0,0.0,0.0,7.1,0
2024-10-21T02:00+00:00,4115,1.5,1006.2,90.0,0.0,0.0,6.4,0
2024-10-21T03:00+00:00,4115,1.5,1006.6,93.0,0.0,0.0,5.4,0
2024-10-21T04:00+00:00,4115,1.5,1006.9,94.0,0.0,0.0,5.0,0
2024-10-21T05:00+00:00,4115,1.4,1007.1,95.0,0.0,0.0,4.6,0
2024-10-21T06:00+00:00,4115,1.2,1007.8,95.0,0.0,0.1,5.0,16
2024-10-21T07:00+00:00,4115,1.0,1008.2,85.0,0.0,1.0,7.7,131
2024-10-21T08:00+00:00,4115,1.3,1008.5,79.0,0.0,1.0,9.8,271
2024-10-21T09:00+00:00,4115,1.3,1008.8,75.0,0.0,1.0,11.0,378
2024-10-21T10:00+00:00,4115,1.4,1008.5,69.0,0.0,1.0,13.0,423
2024-10-21T11:00+00:00,4115,1.8,1008.0,66.0,0.0,1.0,14.3,437
2024-10-21T12:00+00:00,4115,2.2,1007.8,63.0,0.0,1.0,16.0,415
2024-10-21T13:00+00:00,4115,2.5,1007.5,62.0,0.0,1.0,16.7,369
2024-10-21T14:00+00:00,4115,2.9,1007.1,61.0,0.0,1.0,16.6,269
2024-10-21T15:00+00:00,4115,2.5,1006.8,63.0,0.0,1.0,15.9,147
2024-10-21T16:00+00:00,4115,2.3,1006.6,70.0,0.0,0.4,14.1,27
2024-10-21T17:00+00:00,4115,2.1,1006.8,75.0,0.0,0.0,13.1,0
2024-10-21T18:00+00:00,4115,2.1,1006.6,79.0,0.0,0.0,12.0,0
2024-10-21T19:00+00:00,4115,2.2,1006.6,82.0,0.0,0.0,10.7,0
2024-10-21T20:00+00:00,4115,1.7,1006.4,85.0,0.0,0.0,9.6,0
2024-10-21T21:00+00:00,4115,1.5,1006.2,84.0,0.0,0.0,9.7,0
2024-10-21T22:00+00:00,4115,2.2,1005.9,82.0,0.0,0.0,9.2,0
2024-10-21T23:00+00:00,4115,2.4,1005.7,81.0,0.0,0.0,8.9,0
2024-10-22T00:00+00:00,4115,2.3,1005.3,83.0,0.0,0.0,8.3,0
2024-10-22T01:00+00:00,4115,2.0,1004.7,83.0,0.0,0.0,8.4,0
2024-10-22T02:00+00:00,4115,2.2,1004.4,84.0,0.0,0.0,8.2,0
2024-10-22T03:00+00:00,4115,2.1,1004.5,83.0,0.0,0.0,7.9,0
2024-10-22T04:00+00:00,4115,1.1,1005.1,87.0,0.0,0.0,6.6,0
2024-10-22T05:00+00:00,4115,0.9,1005.1,92.0,0.0,0.0,5.3,0
2024-10-22T06:00+00:00,4115,0.8,1005.4,90.0,0.0,0.0,6.3,12
2024-10-22T07:00+00:00,4115,0.6,1006.0,87.0,0.0,0.0,8.0,76
2024-10-22T08:00+00:00,4115,0.6,1006.5,84.0,0.0,0.0,9.0,69
2024-10-22T09:00+00:00,4115,0.3,1006.8,82.0,0.0,0.0,10.0,99
2024-10-22T10:00+00:00,4115,0.4,1006.6,82.0,0.0,0.0,10.8,120
2024-10-22T11:00+00:00,4115,0.4,1006.6,80.0,0.0,0.0,11.4,146
2024-10-22T12:00+00:00,4115,0.9,1006.5,81.0,0.0,0.0,12.5,215
2024-10-22T13:00+00:00,4115,1.0,1006.2,79.0,0.0,0.6,13.2,297
2024-10-22T14:00+00:00,4115,1.3,1006.3,79.0,0.0,1.0,13.7,242
2024-10-22T15:00+00:00,4115,1.0,1006.3,81.0,0.0,1.0,13.2,121
2024-10-22T16:00+00:00,4115,0.8,1006.7,90.0,0.0,0.2,10.7,24
2024-10-22T17:00+00:00,4115,1.4,1007.1,95.0,0.0,0.0,8.9,0
2024-10-22T18:00+00:00,4115,1.5,1007.5,95.0,0.0,0.0,9.8,0
2024-10-22T19:00+00:00,4115,1.5,1007.6,96.0,0.0,0.0,9.4,0
2024-10-22T20:00+00:00,4115,1.2,1008.1,95.0,0.0,0.0,9.9,0
2024-10-22T21:00+00:00,4115,1.2,1008.1,94.0,0.0,0.0,9.7,0
2024-10-22T22:00+00:00,4115,0.2,1008.2,96.0,0.0,0.0,9.1,0
2024-10-22T23:00+00:00,4115,0.5,1008.5,95.0,0.0,0.0,9.9,0
2024-10-23T00:00+00:00,4115,0.3,1008.8,94.0,0.0,0.0,10.1,0
2024-10-23T01:00+00:00,4115,0.7,1009.1,93.0,0.0,0.0,10.7,0
2024-10-23T02:00+00:00,4115,0.6,1009.1,93.0,0.0,0.0,10.8,0
2024-10-23T03:00+00:00,4115,0.4,1009.3,89.0,0.0,0.0,10.9,0
2024-10-23T04:00+00:00,4115,0.4,1009.8,96.0,2.7,0.0,10.4,0
2024-10-23T05:00+00:00,4115,0.6,1010.1,95.0,0.6,0.0,10.3,0
2024-10-23T06:00+00:00,4115,1.9,1010.4,93.0,0.1,0.0,10.7,2
2024-10-23T07:00+00:00,4115,0.9,1011.2,94.0,0.2,0.0,10.8,10
2024-10-23T08:00+00:00,4115,1.5,1011.5,93.0,0.0,0.0,11.5,50
2024-10-23T09:00+00:00,4115,1.5,1011.9,90.0,0.0,0.0,11.9,88
2024-10-23T10:00+00:00,4115,1.5,1012.2,91.0,0.0,0.0,11.9,64
2024-10-23T11:00+00:00,4115,1.3,1011.9,92.0,0.2,0.0,12.2,100
2024-10-23T12:00+00:00,4115,1.7,1011.6,89.0,0.0,0.0,12.7,160
2024-10-23T13:00+00:00,4115,1.4,1011.4,90.0,0.0,0.0,12.7,83
2024-10-23T14:00+00:00,4115,2.1,1011.2,87.0,0.0,0.0,12.7,79
2024-10-23T15:00+00:00,4115,1.6,1011.3,87.0,0.0,0.0,12.6,38
2024-10-23T16:00+00:00,4115,0.5,1011.1,92.0,0.0,0.0,12.3,3
2024-10-23T17:00+00:00,4115,0.7,1011.3,94.0,0.0,0.0,11.9,0
2024-10-23T18:00+00:00,4115,0.5,1011.2,95.0,0.0,0.0,10.9,0
2024-10-23T19:00+00:00,4115,0.4,1011.3,97.0,0.0,0.0,10.2,0
2024-10-23T20:00+00:00,4115,1.3,1011.5,96.0,0.0,0.0,10.6,0
2024-10-23T21:00+00:00,4115,1.4,1011.4,97.0,0.0,0.0,10.3,0
2024-10-23T22:00+00:00,4115,0.3,1011.5,97.0,0.0,0.0,10.4,0
2024-10-23T23:00+00:00,4115,0.8,1011.2,97.0,0.0,0.0,10.3,0
2024-10-24T00:00+00:00,4115,0.7,1011.0,96.0,0.0,0.0,9.2,0
2024-10-24T01:00+00:00,4115,1.8,1010.8,95.0,0.0,0.0,9.0,0
2024-10-24T02:00+00:00,4115,1.8,1010.4,97.0,0.0,0.0,8.1,0
2024-10-24T03:00+00:00,4115,1.4,1010.2,98.0,0.0,0.0,7.3,0
2024-10-24T04:00+00:00,4115,1.3,1010.1,99.0,0.0,0.0,7.1,0
2024-10-24T05:00+00:00,4115,1.5,1009.8,99.0,0.0,0.0,8.2,0
2024-10-24T06:00+00:00,4115,1.3,1009.8,98.0,0.0,0.0,8.5,2
2024-10-24T07:00+00:00,4115,1.4,1009.9,99.0,0.0,0.0,9.4,30
2024-10-24T08:00+00:00,4115,1.9,1010.2,95.0,0.0,0.0,10.9,69
2024-10-24T09:00+00:00,4115,2.3,1010.0,87.0,0.0,0.0,12.5,160
2024-10-24T10:00+00:00,4115,2.9,1009.8,71.0,0.0,0.9,15.0,426
2024-10-24T11:00+00:00,4115,3.7,1009.1,58.0,0.0,1.0,16.0,419
2024-10-24T12:00+00:00,4115,3.7,1008.5,60.0,0.0,1.0,16.3,428
2024-10-24T13:00+00:00,4115,3.2,1007.8,55.0,0.0,1.0,16.7,368
2024-10-24T14:00+00:00,4115,3.1,1007.1,60.0,0.0,1.0,16.2,255
2024-10-24T15:00+00:00,4115,2.7,1006.8,64.0,0.0,0.3,14.7,79
2024-10-24T16:00+00:00,4115,2.3,1006.6,71.0,0.0,0.0,13.2,11
2024-10-24T17:00+00:00,4115,1.9,1006.6,75.0,0.0,0.0,12.5,0
2024-10-24T18:00+00:00,4115,1.7,1006.3,73.0,0.0,0.0,12.8,0
2024-10-24T19:00+00:00,4115,2.4,1006.0,72.0,0.0,0.0,12.9,0
2024-10-24T20:00+00:00,4115,2.5,1005.8,72.0,0.0,0.0,12.7,0
2024-10-24T21:00+00:00,4115,2.6,1005.5,73.0,0.0,0.0,12.5,0
2024-10-24T22:00+00:00,4115,2.9,1004.9,74.0,0.0,0.0,12.7,0
2024-10-24T23:00+00:00,4115,3.0,1004.4,75.0,0.0,0.0,12.6,0
2024-10-25T00:00+00:00,4115,2.4,1003.6,81.0,0.0,0.0,11.7,0
2024-10-25T01:00+00:00,4115,2.4,1003.3,79.0,0.0,0.0,12.2,0
2024-10-25T02:00+00:00,4115,2.1,1002.9,84.0,0.0,0.0,11.7,0
2024-10-25T03:00+00:00,4115,2.5,1002.5,86.0,0.0,0.0,11.4,0
2024-10-25T04:00+00:00,4115,3.1,1002.3,88.0,0.0,0.0,11.5,0
2024-10-25T05:00+00:00,4115,3.5,1002.3,90.0,0.0,0.0,11.7,0
2024-10-25T06:00+00:00,4115,3.1,1002.6,91.0,0.0,0.0,12.0,2
2024-10-25T07:00+00:00,4115,3.4,1003.0,88.0,0.0,0.0,12.6,74
2024-10-25T08:00+00:00,4115,3.2,1003.0,83.0,0.0,0.5,14.2,254
2024-10-25T09:00+00:00,4115,3.8,1002.9,78.0,0.0,0.9,15.2,327
2024-10-25T10:00+00:00,4115,4.3,1002.6,79.0,0.0,0.3,15.4,287
2024-10-25T11:00+00:00,4115,3.6,1002.3,76.0,0.0,0.1,16.0,207
2024-10-25T12:00+00:00,4115,3.8,1001.6,73.0,0.0,0.8,16.4,428
2024-10-25T13:00+00:00,4115,4.1,1001.2,75.0,0.0,0.8,16.2,295
2024-10-25T14:00+00:00,4115,3.3,1001.2,76.0,0.0,0.5,15.7,185
2024-10-25T15:00+00:00,4115,3.5,1001.1,79.0,0.0,0.0,14.8,67
2024-10-25T16:00+00:00,4115,3.0,1001.1,84.0,0.0,0.0,13.9,8
2024-10-25T17:00+00:00,4115,2.7,1001.1,84.0,0.0,0.0,13.7,0
2024-10-25T18:00+00:00,4115,2.2,1001.1,87.0,0.0,0.0,13.6,0
2024-10-25T19:00+00:00,4115,1.8,1000.8,88.0,0.0,0.0,13.3,0
2024-10-25T20:00+00:00,4115,1.5,1000.8,92.0,0.0,0.0,12.4,0
2024-10-25T21:00+00:00,4115,1.5,1000.7,92.0,0.0,0.0,12.7,0
2024-10-25T22:00+00:00,4115,1.4,1000.5,93.0,0.0,0.0,12.6,0
2024-10-25T23:00+00:00,4115,1.2,1000.3,93.0,0.0,0.0,13.0,0
2024-10-26T00:00+00:00,4115,1.5,1000.4,92.0,0.0,0.0,13.0,0
2024-10-26T01:00+00:00,4115,1.4,1000.5,93.0,0.0,0.0,12.5,0
2024-10-26T02:00+00:00,4115,1.2,1000.2,93.0,0.0,0.0,12.4,0
2024-10-26T03:00+00:00,4115,1.3,1000.2,94.0,0.0,0.0,12.3,0
2024-10-26T04:00+00:00,4115,1.2,1000.2,95.0,0.0,0.0,12.2,0
2024-10-26T05:00+00:00,4115,1.2,1000.2,96.0,0.0,0.0,12.1,0
2024-10-26T06:00+00:00,4115,1.1,1000.5,95.0,0.0,0.0,11.9,0
2024-10-26T07:00+00:00,4115,1.5,1001.0,97.0,0.0,0.0,11.8,7
2024-10-26T08:00+00:00,4115,1.9,1001.1,97.0,0.0,0.0,11.8,21
2024-10-26T09:00+00:00,4115,1.9,1001.1,98.0,0.0,0.0,11.9,36
2024-10-26T10:00+00:00,4115,2.2,1000.8,96.0,0.0,0.0,12.6,64
2024-10-26T11:00+00:00,4115,1.9,1000.3,94.0,0.0,0.0,13.0,62
2024-10-26T12:00+00:00,4115,1.9,999.8,95.0,0.0,0.0,13.1,71
2024-10-26T13:00+00:00,4115,2.2,999.3,96.0,0.0,0.0,12.8,45
2024-10-26T14:00+00:00,4115,2.0,999.3,98.0,0.0,0.0,12.6,27
2024-10-26T15:00+00:00,4115,2.3,999.1,98.0,0.0,0.0,12.1,12
2024-10-26T16:00+00:00,4115,2.2,999.1,99.0,0.1,0.0,12.0,2
2024-10-26T17:00+00:00,4115,1.9,998.9,99.0,0.2,0.0,12.1,0
2024-10-26T18:00+00:00,4115,1.6,998.6,96.0,0.0,0.0,12.4,0
2024-10-26T19:00+00:00,4115,2.1,998.2,97.0,0.0,0.0,12.4,0
2024-10-26T20:00+00:00,4115,1.8,997.9,98.0,0.0,0.0,12.3,0
2024-10-26T21:00+00:00,4115,1.7,997.5,96.0,0.0,0.0,12.2,0
2024-10-26T22:00+00:00,4115,1.7,997.3,89.0,0.0,0.0,12.6,0
2024-10-26T23:00+00:00,4115,1.6,997.0,90.0,0.0,0.0,12.7,0
2024-10-27T00:00+00:00,4115,1.3,996.9,91.0,0.0,0.0,12.7,0
2024-10-27T01:00+00:00,4115,0.8,996.6,91.0,0.0,0.0,12.8,0
2024-10-27T02:00+00:00,4115,0.8,996.6,93.0,0.0,0.0,12.7,0
2024-10-27T03:00+00:00,4115,1.0,996.6,94.0,0.0,0.0,12.6,0
2024-10-27T04:00+00:00,4115,0.8,996.6,96.0,0.0,0.0,12.4,0
2024-10-27T05:00+00:00,4115,0.8,996.6,98.0,0.0,0.0,12.3,0
2024-10-27T06:00+00:00,4115,0.5,997.4,99.0,0.0,0.0,12.2,1
2024-10-27T07:00+00:00,4115,0.8,997.8,99.0,0.1,0.0,12.1,12
2024-10-27T08:00+00:00,4115,1.0,998.4,99.0,0.0,0.0,12.3,36
2024-10-27T09:00+00:00,4115,0.9,999.0,98.0,0.0,0.0,12.5,57
2024-10-27T10:00+00:00,4115,0.8,999.1,94.0,0.0,0.0,12.8,66
2024-10-27T11:00+00:00,4115,0.2,999.2,92.0,0.0,0.0,13.5,77
2024-10-27T12:00+00:00,4115,0.6,999.3,90.0,0.0,0.0,13.8,89
2024-10-27T13:00+00:00,4115,1.0,999.0,86.0,0.0,0.0,14.5,120
2024-10-27T14:00+00:00,4115,0.2,999.1,81.0,0.0,0.8,15.6,207
2024-10-27T15:00+00:00,4115,0.8,999.6,86.0,0.0,1.0,14.7,118
2024-10-27T16:00+00:00,4115,0.3,1000.0,93.0,0.0,0.0,11.4,14
2024-10-27T17:00+00:00,4115,1.3,1000.9,97.0,0.0,0.0,10.5,0
2024-10-27T18:00+00:00,4115,1.8,1001.5,87.0,0.0,0.0,13.0,0
2024-10-27T19:00+00:00,4115,1.1,1002.2,88.0,0.0,0.0,13.2,0
2024-10-27T20:00+00:00,4115,1.0,1003.0,90.0,0.0,0.0,12.6,0
2024-10-27T21:00+00:00,4115,2.2,1003.8,90.0,0.0,0.0,12.5,0
2024-10-27T22:00+00:00,4115,2.5,1004.0,87.0,0.0,0.0,13.0,0
2024-10-27T23:00+00:00,4115,2.0,1004.2,87.0,0.0,0.0,12.7,0
2024-10-28T00:00+00:00,4115,1.9,1004.4,86.0,0.0,0.0,12.7,0
2024-10-28T01:00+00:00,4115,2.5,1004.5,84.0,0.0,0.0,13.0,0
2024-10-28T02:00+00:00,4115,2.2,1004.6,88.0,0.0,0.0,12.1,0
2024-10-28T03:00+00:00,4115,2.1,1004.7,88.0,0.0,0.0,12.0,0
2024-10-28T04:00+00:00,4115,2.3,1004.8,89.0,0.0,0.0,11.8,0
2024-10-28T05:00+00:00,4115,2.5,1004.8,89.0,0.0,0.0,11.8,0
2024-10-28T06:00+00:00,4115,1.4,1005.3,89.0,0.0,0.0,11.9,8
2024-10-28T07:00+00:00,4115,0.2,1005.4,84.0,0.0,0.7,13.4,111
2024-10-28T08:00+00:00,4115,1.5,1005.7,80.0,0.0,0.5,14.4,154
2024-10-28T09:00+00:00,4115,0.8,1005.9,81.0,0.0,0.0,14.5,164
2024-10-28T10:00+00:00,4115,1.2,1005.6,77.0,0.0,0.2,15.4,253
2024-10-28T11:00+00:00,4115,1.3,1005.2,73.0,0.0,0.1,15.9,209
2024-10-28T12:00+00:00,4115,0.4,1004.5,70.0,0.0,1.0,17.5,336
2024-10-28T13:00+00:00,4115,0.3,1004.1,66.0,0.0,1.0,18.0,309
2024-10-28T14:00+00:00,4115,0.5,1003.7,66.0,0.0,1.0,18.3,228
2024-10-28T15:00+00:00,4115,0.5,1003.5,72.0,0.0,0.8,17.0,100
2024-10-28T16:00+00:00,4115,0.6,1003.5,90.0,0.0,0.0,12.2,12
2024-10-28T17:00+00:00,4115,0.6,1004.0,93.0,0.0,0.0,10.7,0
2024-10-28T18:00+00:00,4115,0.4,1004.0,95.0,0.0,0.0,10.2,0
2024-10-28T19:00+00:00,4115,0.2,1004.1,96.0,0.0,0.0,9.7,0
2024-10-28T20:00+00:00,4115,0.8,1004.3,97.0,0.0,0.0,10.2,0
2024-10-28T21:00+00:00,4115,0.2,1004.3,98.0,0.0,0.0,9.1,0
2024-10-28T22:00+00:00,4115,0.5,1004.1,99.0,0.0,0.0,9.7,0
2024-10-28T23:00+00:00,4115,0.4,1004.2,99.0,0.0,0.0,9.7,0
2024-10-29T00:00+00:00,4115,0.2,1004.2,99.0,0.0,0.0,9.0,0
2024-10-29T01:00+00:00,4115,0.3,1004.1,100.0,0.0,0.0,7.9,0
2024-10-29T02:00+00:00,4115,0.4,1004.2,100.0,0.0,0.0,8.2,0
2024-10-29T03:00+00:00,4115,0.2,1004.3,100.0,0.0,0.0,8.3,0
2024-10-29T04:00+00:00,4115,0.5,1004.7,100.0,0.0,0.0,7.5,0
2024-10-29T05:00+00:00,4115,0.7,1004.9,100.0,0.0,0.0,7.5,0
2024-10-29T06:00+00:00,4115,2.3,1005.5,100.0,0.0,0.0,9.7,3
2024-10-29T07:00+00:00,4115,0.8,1005.6,100.0,0.0,0.2,9.5,59
2024-10-29T08:00+00:00,4115,0.6,1005.5,93.0,0.0,1.0,12.0,244
2024-10-29T09:00+00:00,4115,0.7,1005.5,85.0,0.0,1.0,14.2,359
2024-10-29T10:00+00:00,4115,0.2,1005.4,83.0,0.0,1.0,14.5,400
2024-10-29T11:00+00:00,4115,0.2,1004.9,74.0,0.0,1.0,16.3,399
2024-10-29T12:00+00:00,4115,1.6,1004.2,68.0,0.0,1.0,17.4,368
2024-10-29T13:00+00:00,4115,0.8,1003.8,73.0,0.0,0.7,16.9,258
2024-10-29T14:00+00:00,4115,0.4,1003.6,73.0,0.0,0.7,17.2,191
2024-10-29T15:00+00:00,4115,0.3,1003.5,80.0,0.0,0.2,15.6,49
2024-10-29T16:00+00:00,4115,0.4,1003.5,90.0,0.0,0.0,12.3,9
2024-10-29T17:00+00:00,4115,0.5,1003.4,92.0,0.0,0.0,11.5,0
2024-10-29T18:00+00:00,4115,0.9,1003.4,92.0,0.0,0.0,11.1,0
2024-10-29T19:00+00:00,4115,0.4,1003.3,95.0,0.0,0.0,10.4,0
2024-10-29T20:00+00:00,4115,0.5,1003.4,96.0,0.0,0.0,10.4,0
2024-10-29T21:00+00:00,4115,0.5,1003.1,98.0,0.0,0.0,10.2,0
2024-10-29T22:00+00:00,4115,0.5,1003.0,96.0,0.0,0.0,10.9,0
2024-10-29T23:00+00:00,4115,0.6,1002.9,95.0,0.0,0.0,11.1,0
2024-10-30T00:00+00:00,4115,0.6,1002.9,96.0,0.0,0.0,10.5,0
2024-10-30T01:00+00:00,4115,0.3,1002.9,98.0,0.0,0.0,10.3,0
2024-10-30T02:00+00:00,4115,1.2,1002.9,97.0,0.0,0.0,10.7,0
2024-10-30T03:00+00:00,4115,1.1,1003.0,88.0,0.0,0.0,12.2,0
2024-10-30T04:00+00:00,4115,0.6,1003.1,96.0,0.0,0.0,10.5,0
2024-10-30T05:00+00:00,4115,0.8,1003.3,94.0,0.0,0.0,10.6,0
2024-10-30T06:00+00:00,4115,0.4,1003.7,94.0,0.0,0.0,11.2,2
2024-10-30T07:00+00:00,4115,2.1,1004.1,84.0,0.0,0.6,13.4,88
2024-10-30T08:00+00:00,4115,2.6,1004.1,78.0,0.0,1.0,14.7,231
2024-10-30T09:00+00:00,4115,3.3,1004.3,76.0,0.0,1.0,15.5,328
2024-10-30T10:00+00:00,4115,2.7,1004.1,69.0,0.0,1.0,17.2,389
2024-10-30T11:00+00:00,4115,2.1,1004.0,67.0,0.0,1.0,18.0,413
2024-10-30T12:00+00:00,4115,2.1,1003.7,67.0,0.0,1.0,18.6,376
2024-10-30T13:00+00:00,4115,1.9,1003.4,65.0,0.0,1.0,18.9,311
2024-10-30T14:00+00:00,4115,1.9,1003.5,66.0,0.0,1.0,18.3,212
2024-10-30T15:00+00:00,4115,1.7,1003.2,71.0,0.0,1.0,16.9,105
2024-10-30T16:00+00:00,4115,1.2,1003.5,80.0,0.0,0.2,14.5,11
2024-10-30T17:00+00:00,4115,1.3,1004.1,83.0,0.0,0.0,13.6,0
2024-10-30T18:00+00:00,4115,0.8,1004.3,91.0,0.0,0.0,11.7,0
2024-10-30T19:00+00:00,4115,1.8,1004.4,85.0,0.0,0.0,12.6,0
2024-10-30T20:00+00:00,4115,0.9,1004.5,86.0,0.0,0.0,11.8,0
2024-10-30T21:00+00:00,4115,1.2,1004.7,87.0,0.0,0.0,12.2,0
2024-10-30T22:00+00:00,4115,,1004.7,89.0,0.0,0.0,11.5,0
2024-10-30T23:00+00:00,4115,,1004.9,92.0,0.0,0.0,11.1,0
2024-10-31T00:00+00:00,4115,,1004.8,94.0,0.0,0.0,10.7,0
2024-10-31T01:00+00:00,4115,0.7,1004.7,96.0,0.0,0.0,10.5,0
2024-10-31T02:00+00:00,4115,0.6,1004.3,95.0,0.0,0.0,10.7,0
2024-10-31T03:00+00:00,4115,1.6,1004.4,97.0,0.0,0.0,10.6,0
2024-10-31T04:00+00:00,4115,1.9,1004.7,95.0,0.0,0.0,10.7,0
2024-10-31T05:00+00:00,4115,3.3,1004.7,97.0,0.0,0.0,10.5,0
2024-10-31T06:00+00:00,4115,2.8,1005.2,95.0,0.0,0.0,10.8,3
2024-10-31T07:00+00:00,4115,2.9,1005.9,92.0,0.0,0.0,11.7,39
2024-10-31T08:00+00:00,4115,2.7,1005.9,90.0,0.0,0.0,12.2,74
2024-10-31T09:00+00:00,4115,1.7,1006.2,86.0,0.0,0.0,12.8,100
2024-10-31T10:00+00:00,4115,1.8,1006.0,82.0,0.0,0.0,13.6,131
2024-10-31T11:00+00:00,4115,2.4,1005.6,82.0,0.0,0.0,14.0,126
2024-10-31T12:00+00:00,4115,2.4,1005.2,77.0,0.0,0.1,15.2,247
2024-10-31T13:00+00:00,4115,2.5,1004.5,74.0,0.0,0.5,15.6,243
2024-10-31T14:00+00:00,4115,2.1,1004.3,70.0,0.0,0.9,16.0,181
2024-10-31T15:00+00:00,4115,1.7,1004.2,73.0,0.0,0.5,14.5,102
2024-10-31T16:00+00:00,4115,1.2,1004.5,83.0,0.0,0.0,12.9,8
2024-10-31T17:00+00:00,4115,1.2,1004.5,87.0,0.0,0.0,11.8,0
2024-10-31T18:00+00:00,4115,1.2,1004.5,90.0,0.0,0.0,9.6,0
2024-10-31T19:00+00:00,4115,0.3,1004.7,92.0,0.0,0.0,9.2,0
2024-10-31T20:00+00:00,4115,0.6,1004.4,94.0,0.0,0.0,9.8,0
2024-10-31T21:00+00:00,4115,0.9,1004.1,92.0,0.0,0.0,11.2,0
2024-10-31T22:00+00:00,4115,1.5,1004.1,92.0,0.0,0.0,11.2,0
2024-10-31T23:00+00:00,4115,1.7,1003.7,88.0,0.0,0.0,11.4,0
2024-11-01T00:00+00:00,4115,1.3,1003.6,88.0,0.0,0.0,11.1,0
2024-11-01T01:00+00:00,4115,2.0,1003.4,87.0,0.0,0.0,10.8,0
2024-11-01T02:00+00:00,4115,2.0,1002.9,88.0,0.0,0.0,10.5,0
2024-11-01T03:00+00:00,4115,1.8,1002.7,90.0,0.0,0.0,10.2,0
2024-11-01T04:00+00:00,4115,1.8,1002.7,92.0,0.0,0.0,9.6,0
2024-11-01T05:00+00:00,4115,0.5,1002.3,96.0,0.0,0.0,7.9,0
2024-11-01T06:00+00:00,4115,0.2,1002.4,97.0,0.0,0.0,7.1,1
2024-11-01T07:00+00:00,4115,0.3,1002.7,99.0,0.0,0.0,8.5,25
2024-11-01T08:00+00:00,4115,0.8,1002.6,93.0,0.0,0.0,10.2,96
2024-11-01T09:00+00:00,4115,1.2,1002.5,81.0,0.0,0.3,12.2,226
2024-11-01T10:00+00:00,4115,2.0,1002.5,74.0,0.0,1.0,13.9,394
2024-11-01T11:00+00:00,4115,1.6,1001.9,67.0,0.0,1.0,15.3,423
2024-11-01T12:00+00:00,4115,1.6,1001.4,66.0,0.0,1.0,16.3,386
2024-11-01T13:00+00:00,4115,0.7,1000.7,67.0,0.0,1.0,16.6,317
2024-11-01T14:00+00:00,4115,1.3,1000.2,67.0,0.0,1.0,16.5,214
2024-11-01T15:00+00:00,4115,0.8,999.9,73.0,0.0,0.9,14.8,88
2024-11-01T16:00+00:00,4115,0.4,999.6,87.0,0.0,0.3,9.9,11
2024-11-01T17:00+00:00,4115,1.3,999.6,93.0,0.0,0.0,8.6,0
2024-11-01T18:00+00:00,4115,0.8,999.9,94.0,0.0,0.0,7.9,0
2024-11-01T19:00+00:00,4115,1.2,999.9,94.0,0.0,0.0,7.0,0
2024-11-01T20:00+00:00,4115,0.6,1000.0,96.0,0.0,0.0,7.4,0
2024-11-01T21:00+00:00,4115,1.2,999.9,79.0,0.0,0.0,12.0,0
2024-11-01T22:00+00:00,4115,3.6,999.5,77.0,0.0,0.0,13.1,0
2024-11-01T23:00+00:00,4115,5.2,999.5,77.0,0.0,0.0,12.9,0
2024-11-02T00:00+00:00,4115,4.5,999.8,78.0,0.0,0.0,12.5,0
2024-11-02T01:00+00:00,4115,3.6,1000.3,87.0,0.0,0.0,10.0,0
2024-11-02T02:00+00:00,4115,3.1,1001.1,88.0,0.0,0.0,9.3,0
2024-11-02T03:00+00:00,4115,1.8,1001.9,85.0,0.0,0.0,8.3,0
2024-11-02T04:00+00:00,4115,2.0,1002.3,82.0,0.0,0.0,8.6,0
2024-11-02T05:00+00:00,4115,3.3,1002.3,77.0,0.0,0.0,9.6,0
2024-11-02T06:00+00:00,4115,3.4,1003.2,76.0,0.0,0.0,9.8,0
2024-11-02T07:00+00:00,4115,3.5,1003.8,76.0,0.0,0.0,10.1,14
2024-11-02T08:00+00:00,4115,3.1,1004.8,76.0,0.0,0.0,10.2,41
2024-11-02T09:00+00:00,4115,3.3,1005.5,75.0,0.0,0.0,10.6,78
2024-11-02T10:00+00:00,4115,3.7,1005.9,75.0,0.0,0.0,11.0,136
2024-11-02T11:00+00:00,4115,3.1,1005.7,74.0,0.0,0.0,11.9,161
2024-11-02T12:00+00:00,4115,3.9,1005.8,72.0,0.0,0.0,12.5,235
2024-11-02T13:00+00:00,4115,3.4,1005.7,73.0,0.0,0.1,12.3,182
2024-11-02T14:00+00:00,4115,2.3,1006.0,77.0,0.0,0.0,11.9,42
2024-11-02T15:00+00:00,4115,2.1,1005.9,82.0,0.0,0.0,11.5,64
2024-11-02T16:00+00:00,4115,1.8,1006.2,82.0,0.0,0.0,10.6,13
2024-11-02T17:00+00:00,4115,2.0,1006.9,81.0,0.0,0.0,11.0,0
2024-11-02T18:00+00:00,4115,2.1,1007.7,82.0,0.0,0.0,11.0,0
2024-11-02T19:00+00:00,4115,3.2,1008.5,75.0,0.0,0.0,9.7,0
2024-11-02T20:00+00:00,4115,2.8,1009.5,72.0,0.0,0.0,7.6,0
2024-11-02T21:00+00:00,4115,2.0,1009.8,75.0,0.0,0.0,6.3,0
2024-11-02T22:00+00:00,4115,1.8,1010.1,76.0,0.0,0.0,5.5,0
2024-11-02T23:00+00:00,4115,1.9,1010.4,77.0,0.0,0.0,4.8,0
2024-11-03T00:00+00:00,4115,2.5,1010.5,76.0,0.0,0.0,5.1,0
2024-11-03T01:00+00:00,4115,2.0,1010.3,84.0,0.0,0.0,3.6,0
2024-11-03T02:00+00:00,4115,1.2,1009.8,85.0,0.0,0.0,3.0,0
2024-11-03T03:00+00:00,4115,1.5,1009.8,88.0,0.0,0.0,2.4,0
2024-11-03T04:00+00:00,4115,0.5,1009.9,90.0,0.0,0.0,1.8,0
2024-11-03T05:00+00:00,4115,0.6,1009.8,91.0,0.0,0.0,0.7,0
2024-11-03T06:00+00:00,4115,0.9,1010.2,92.0,0.0,0.0,0.8,1
2024-11-03T07:00+00:00,4115,0.5,1010.5,90.0,0.0,0.3,2.0,72
2024-11-03T08:00+00:00,4115,0.4,1011.0,83.0,0.0,1.0,4.5,192
2024-11-03T09:00+00:00,4115,0.8,1011.0,67.0,0.0,1.0,5.7,292
2024-11-03T10:00+00:00,4115,0.7,1010.4,63.0,0.0,1.0,7.4,360
2024-11-03T11:00+00:00,4115,0.3,1010.0,63.0,0.0,1.0,8.2,374
2024-11-03T12:00+00:00,4115,1.2,1009.8,61.0,0.0,1.0,8.8,340
2024-11-03T13:00+00:00,4115,1.3,1009.1,56.0,0.0,1.0,9.0,299
2024-11-03T14:00+00:00,4115,1.1,1008.7,57.0,0.0,1.0,8.6,174
2024-11-03T15:00+00:00,4115,0.9,1008.1,60.0,0.0,0.4,7.3,76
2024-11-03T16:00+00:00,4115,0.9,1007.8,80.0,0.0,0.0,3.0,7
2024-11-03T17:00+00:00,4115,1.3,1007.7,86.0,0.0,0.0,1.7,0
2024-11-03T18:00+00:00,4115,1.5,1007.6,87.0,0.0,0.0,1.0,0
2024-11-03T19:00+00:00,4115,0.8,1007.7,83.0,0.0,0.0,2.1,0
2024-11-03T20:00+00:00,4115,0.4,1007.6,87.0,0.0,0.0,1.5,0
2024-11-03T21:00+00:00,4115,0.2,1007.6,93.0,0.0,0.0,0.6,0
2024-11-03T22:00+00:00,4115,0.6,1007.8,92.0,0.0,0.0,0.4,0
2024-11-03T23:00+00:00,4115,0.7,1007.6,91.0,0.0,0.0,0.4,0
2024-11-04T00:00+00:00,4115,0.4,1007.3,93.0,0.0,0.0,-0.1,0
2024-11-04T01:00+00:00,4115,0.6,1007.3,90.0,0.0,0.0,0.4,0
2024-11-04T02:00+00:00,4115,0.4,1006.9,92.0,0.0,0.0,-0.2,0
2024-11-04T03:00+00:00,4115,1.1,1006.9,87.0,0.0,0.0,1.1,0
2024-11-04T04:00+00:00,4115,0.7,1006.8,91.0,0.0,0.0,0.0,0
2024-11-04T05:00+00:00,4115,1.9,1006.7,85.0,0.0,0.0,2.2,0
2024-11-04T06:00+00:00,4115,1.7,1006.8,90.0,0.0,0.0,1.1,3
2024-11-04T07:00+00:00,4115,0.2,1007.1,84.0,0.0,0.9,3.8,92
2024-11-04T08:00+00:00,4115,1.4,1007.6,77.0,0.0,1.0,6.4,218
2024-11-04T09:00+00:00,4115,1.9,1007.7,74.0,0.0,1.0,7.8,335
2024-11-04T10:00+00:00,4115,2.4,1007.8,71.0,0.0,1.0,9.2,386
2024-11-04T11:00+00:00,4115,2.6,1007.7,71.0,0.0,1.0,10.3,397
2024-11-04T12:00+00:00,4115,2.6,1007.3,62.0,0.0,1.0,11.1,363
2024-11-04T13:00+00:00,4115,2.9,1007.0,58.0,0.0,1.0,11.4,298
2024-11-04T14:00+00:00,4115,2.5,1006.9,56.0,0.0,1.0,11.4,201
2024-11-04T15:00+00:00,4115,2.4,1007.1,63.0,0.0,1.0,10.0,89
2024-11-04T16:00+00:00,4115,1.9,1007.5,73.0,0.0,0.2,7.7,8
2024-11-04T17:00+00:00,4115,2.2,1007.8,76.0,0.0,0.0,7.1,0
2024-11-04T18:00+00:00,4115,1.8,1008.0,78.0,0.0,0.0,6.8,0
2024-11-04T19:00+00:00,4115,1.0,1007.9,88.0,0.0,0.0,4.7,0
2024-11-04T20:00+00:00,4115,0.6,1007.8,90.0,0.0,0.0,3.9,0
2024-11-04T21:00+00:00,4115,1.9,1008.0,93.0,0.0,0.0,3.4,0
2024-11-04T22:00+00:00,4115,0.2,1007.8,97.0,0.0,0.0,3.4,0
2024-11-04T23:00+00:00,4115,1.4,1007.8,96.0,0.0,0.0,2.7,0
2024-11-05T00:00+00:00,4115,1.8,1007.7,98.0,0.0,0.0,2.1,0
2024-11-05T01:00+00:00,4115,1.3,1007.7,99.0,0.0,0.0,2.1,0
2024-11-05T02:00+00:00,4115,1.7,1007.6,100.0,0.0,0.0,3.0,0
2024-11-05T03:00+00:00,4115,1.8,1007.5,100.0,0.0,0.0,1.4,0
2024-11-05T04:00+00:00,4115,1.7,1007.3,100.0,0.0,0.0,0.9,0
2024-11-05T05:00+00:00,4115,1.3,1007.0,100.0,0.0,0.0,0.5,0
2024-11-05T06:00+00:00,4115,1.9,1007.0,100.0,0.0,0.0,1.3,3
2024-11-05T07:00+00:00,4115,2.6,1007.4,93.0,0.0,0.8,3.1,84
2024-11-05T08:00+00:00,4115,3.2,1007.6,84.0,0.0,1.0,5.1,213
2024-11-05T09:00+00:00,4115,3.7,1007.4,71.0,0.0,1.0,7.8,315
2024-11-05T10:00+00:00,4115,4.0,1007.3,67.0,0.0,1.0,9.4,371
2024-11-05T11:00+00:00,4115,3.9,1006.7,64.0,0.0,1.0,10.3,388
2024-11-05T12:00+00:00,4115,3.4,1006.4,61.0,0.0,1.0,10.8,329
2024-11-05T13:00+00:00,4115,3.4,1005.8,58.0,0.0,1.0,11.5,283
2024-11-05T14:00+00:00,4115,3.1,1005.5,60.0,0.0,1.0,11.1,180
2024-11-05T15:00+00:00,4115,2.7,1005.3,65.0,0.0,0.2,9.8,58
2024-11-05T16:00+00:00,4115,2.2,1005.3,70.0,0.0,0.0,8.7,3
2024-11-05T17:00+00:00,4115,1.9,1005.4,72.0,0.0,0.0,7.5,0
2024-11-05T18:00+00:00,4115,1.9,1005.3,76.0,0.0,0.0,6.2,0
2024-11-05T19:00+00:00,4115,1.4,1005.3,80.0,0.0,0.0,5.1,0
2024-11-05T20:00+00:00,4115,1.9,1005.4,79.0,0.0,0.0,5.4,0
2024-11-05T21:00+00:00,4115,1.5,1005.6,84.0,0.0,0.0,3.8,0
2024-11-05T22:00+00:00,4115,1.3,1005.7,85.0,0.0,0.0,3.5,0
2024-11-05T23:00+00:00,4115,1.4,1005.9,86.0,0.0,0.0,3.0,0
2024-11-06T00:00+00:00,4115,1.6,1005.9,87.0,0.0,0.0,2.6,0
2024-11-06T01:00+00:00,4115,1.8,1005.9,89.0,0.0,0.0,2.0,0
2024-11-06T02:00+00:00,4115,1.8,1005.9,92.0,0.0,0.0,1.2,0
2024-11-06T03:00+00:00,4115,1.6,1006.2,94.0,0.0,0.0,0.8,0
2024-11-06T04:00+00:00,4115,1.6,1006.6,95.0,0.0,0.0,0.8,0
2024-11-06T05:00+00:00,4115,0.8,1006.9,97.0,0.0,0.0,1.5,0
2024-11-06T06:00+00:00,4115,0.5,1007.7,98.0,0.0,0.0,1.9,1
2024-11-06T07:00+00:00,4115,0.2,1008.4,98.0,0.0,0.0,2.8,29
2024-11-06T08:00+00:00,4115,0.7,1008.8,96.0,0.0,0.0,4.4,74
2024-11-06T09:00+00:00,4115,0.2,1009.2,87.0,0.0,0.3,5.3,209
2024-11-06T10:00+00:00,4115,0.8,1009.5,82.0,0.0,0.2,6.2,231
2024-11-06T11:00+00:00,4115,0.5,1009.3,79.0,0.0,0.4,7.5,316
2024-11-06T12:00+00:00,4115,0.7,1009.1,74.0,0.0,0.3,7.8,241
2024-11-06T13:00+00:00,4115,0.5,1008.9,72.0,0.0,1.0,9.2,277
2024-11-06T14:00+00:00,4115,0.4,1008.9,73.0,0.0,0.9,9.4,163
2024-11-06T15:00+00:00,4115,0.2,1009.0,78.0,0.0,0.0,8.2,61
2024-11-06T16:00+00:00,4115,0.8,1009.1,86.0,0.0,0.0,5.7,4
2024-11-06T17:00+00:00,4115,0.5,1009.5,92.0,0.0,0.0,4.2,0
2024-11-06T18:00+00:00,4115,0.4,1009.6,94.0,0.0,0.0,3.4,0
2024-11-06T19:00+00:00,4115,0.5,1009.7,96.0,0.0,0.0,3.3,0
2024-11-06T20:00+00:00,4115,0.2,1010.0,97.0,0.0,0.0,3.2,0
2024-11-06T21:00+00:00,4115,0.3,1010.1,98.0,0.0,0.0,2.7,0
2024-11-06T22:00+00:00,4115,0.5,1010.1,98.0,0.0,0.0,1.8,0
2024-11-06T23:00+00:00,4115,0.3,1010.2,98.0,0.0,0.0,1.4,0
2024-11-07T00:00+00:00,4115,0.6,1010.0,98.0,0.0,0.0,1.4,0
2024-11-07T01:00+00:00,4115,0.4,1010.2,98.0,0.0,0.0,1.0,0
2024-11-07T02:00+00:00,4115,0.4,1010.3,99.0,0.0,0.0,0.7,0
2024-11-07T03:00+00:00,4115,0.3,1010.3,98.0,0.0,0.0,0.3,0
2024-11-07T04:00+00:00,4115,0.6,1010.3,100.0,0.0,0.0,-0.1,0
2024-11-07T05:00+00:00,4115,0.3,1010.3,99.0,0.0,0.0,-0.1,0
2024-11-07T06:00+00:00,4115,0.4,1010.7,98.0,0.0,0.0,-0.5,1
2024-11-07T07:00+00:00,4115,0.3,1011.0,98.0,0.0,0.0,1.9,47
2024-11-07T08:00+00:00,4115,0.8,1011.0,93.0,0.0,0.3,3.9,136
2024-11-07T09:00+00:00,4115,1.3,1010.9,85.0,0.0,1.0,5.7,292
2024-11-07T10:00+00:00,4115,1.6,1010.7,75.0,0.0,1.0,8.3,337
2024-11-07T11:00+00:00,4115,2.4,1010.0,68.0,0.0,1.0,9.9,343
2024-11-07T12:00+00:00,4115,2.7,1009.7,59.0,0.0,1.0,11.5,326
2024-11-07T13:00+00:00,4115,2.5,1009.2,55.0,0.0,1.0,12.4,258
2024-11-07T14:00+00:00,4115,2.5,1009.1,56.0,0.0,1.0,11.8,170
2024-11-07T15:00+00:00,4115,2.3,1009.0,61.0,0.0,0.7,10.6,84
2024-11-07T16:00+00:00,4115,1.8,1008.8,70.0,0.0,0.0,8.0,7
2024-11-07T17:00+00:00,4115,1.6,1008.9,77.0,0.0,0.0,6.0,0
2024-11-07T18:00+00:00,4115,1.6,1008.9,80.0,0.0,0.0,5.4,0
2024-11-07T19:00+00:00,4115,2.3,1008.7,80.0,0.0,0.0,5.3,0
2024-11-07T20:00+00:00,4115,2.6,1008.9,83.0,0.0,0.0,4.6,0
2024-11-07T21:00+00:00,4115,2.6,1008.9,79.0,0.0,0.0,5.3,0
2024-11-07T22:00+00:00,4115,2.8,1009.1,83.0,0.0,0.0,4.5,0
2024-11-07T23:00+00:00,4115,2.9,1008.9,82.0,0.0,0.0,4.5,0
2024-11-08T00:00+00:00,4115,1.1,1008.8,86.0,0.0,0.0,3.2,0
2024-11-08T01:00+00:00,4115,1.2,1008.8,89.0,0.0,0.0,2.4,0
2024-11-08T02:00+00:00,4115,0.5,1008.5,91.0,0.0,0.0,1.3,0
2024-11-08T03:00+00:00,4115,0.7,1008.2,94.0,0.0,0.0,1.0,0
2024-11-08T04:00+00:00,4115,1.4,1008.2,94.0,0.0,0.0,1.1,0
2024-11-08T05:00+00:00,4115,1.1,1008.4,96.0,0.0,0.0,0.2,0
2024-11-08T06:00+00:00,4115,2.0,1008.6,95.0,0.0,0.0,0.9,1
2024-11-08T07:00+00:00,4115,1.8,1009.1,93.0,0.0,0.4,2.0,58
2024-11-08T08:00+00:00,4115,1.4,1009.5,84.0,0.0,1.0,4.0,179
2024-11-08T09:00+00:00,4115,2.1,1009.2,82.0,0.0,1.0,5.5,279
2024-11-08T10:00+00:00,4115,2.4,1009.1,69.0,0.0,1.0,8.5,331
2024-11-08T11:00+00:00,4115,3.3,1008.5,62.0,0.0,1.0,10.0,363
2024-11-08T12:00+00:00,4115,3.7,1008.1,62.0,0.0,1.0,10.3,317
2024-11-08T13:00+00:00,4115,3.6,1007.8,64.0,0.0,0.7,9.8,208
2024-11-08T14:00+00:00,4115,3.7,1007.8,63.0,0.0,0.6,10.9,184
2024-11-08T15:00+00:00,4115,3.9,1007.8,64.0,0.0,0.9,9.9,114
2024-11-08T16:00+00:00,4115,2.8,1008.0,70.0,0.0,0.0,8.3,8
2024-11-08T17:00+00:00,4115,1.7,1008.1,71.0,0.0,0.0,7.8,0
2024-11-08T18:00+00:00,4115,1.8,1008.2,73.0,0.0,0.0,7.1,0
2024-11-08T19:00+00:00,4115,0.8,1008.2,83.0,0.0,0.0,4.6,0
2024-11-08T20:00+00:00,4115,1.6,1008.2,83.0,0.0,0.0,4.3,0
2024-11-08T21:00+00:00,4115,2.3,1007.8,85.0,0.0,0.0,3.9,0
2024-11-08T22:00+00:00,4115,1.9,1007.8,86.0,0.0,0.0,3.4,0
2024-11-08T23:00+00:00,4115,1.1,1007.8,88.0,0.0,0.0,2.8,0
2024-11-09T00:00+00:00,4115,1.5,1007.6,88.0,0.0,0.0,3.0,0
2024-11-09T01:00+00:00,4115,1.5,1007.1,89.0,0.0,0.0,2.6,0
2024-11-09T02:00+00:00,4115,1.2,1007.0,87.0,0.0,0.0,3.0,0
2024-11-09T03:00+00:00,4115,1.0,1007.1,90.0,0.0,0.0,1.9,0
2024-11-09T04:00+00:00,4115,1.2,1007.0,92.0,0.0,0.0,1.1,0
2024-11-09T05:00+00:00,4115,1.2,1006.8,94.0,0.0,0.0,0.8,0
2024-11-09T06:00+00:00,4115,1.6,1007.0,93.0,0.0,0.0,0.7,1
2024-11-09T07:00+00:00,4115,1.4,1007.3,92.0,0.0,0.5,1.4,68
2024-11-09T08:00+00:00,4115,1.1,1007.0,84.0,0.0,1.0,3.6,198
2024-11-09T09:00+00:00,4115,1.5,1006.8,78.0,0.0,1.0,6.6,287
2024-11-09T10:00+00:00,4115,2.5,1006.5,69.0,0.0,1.0,8.6,331
2024-11-09T11:00+00:00,4115,2.9,1005.8,62.0,0.0,1.0,10.2,354
2024-11-09T12:00+00:00,4115,3.2,1005.3,56.0,0.0,1.0,10.9,342
2024-11-09T13:00+00:00,4115,2.8,1005.1,55.0,0.0,1.0,11.2,270
2024-11-09T14:00+00:00,4115,2.6,1004.7,59.0,0.0,1.0,10.8,176
2024-11-09T15:00+00:00,4115,1.9,1004.7,65.0,0.0,0.8,9.3,67
2024-11-09T16:00+00:00,4115,1.4,1004.7,76.0,0.0,0.0,6.3,2
2024-11-09T17:00+00:00,4115,1.7,1004.9,78.0,0.0,0.0,5.4,0
2024-11-09T18:00+00:00,4115,2.0,1004.9,79.0,0.0,0.0,5.0,0
2024-11-09T19:00+00:00,4115,1.8,1004.7,82.0,0.0,0.0,3.2,0
2024-11-09T20:00+00:00,4115,2.1,1004.8,83.0,0.0,0.0,3.2,0
2024-11-09T21:00+00:00,4115,1.3,1004.7,87.0,0.0,0.0,1.5,0
2024-11-09T22:00+00:00,4115,1.1,1004.7,90.0,0.0,0.0,0.4,0
2024-11-09T23:00+00:00,4115,0.3,1004.7,90.0,0.0,0.0,1.0,0
2024-11-10T00:00+00:00,4115,0.2,1004.7,89.0,0.0,0.0,-0.2,0
2024-11-10T01:00+00:00,4115,0.9,1005.1,94.0,0.0,0.0,-0.4,0
2024-11-10T02:00+00:00,4115,0.3,1004.9,97.0,0.0,0.0,-0.4,0
2024-11-10T03:00+00:00,4115,0.4,1005.1,96.0,0.0,0.0,-0.7,0
2024-11-10T04:00+00:00,4115,0.3,1005.1,98.0,0.0,0.0,-1.2,0
2024-11-10T05:00+00:00,4115,0.1,1005.3,97.0,0.0,0.0,-1.8,0
2024-11-10T06:00+00:00,4115,0.5,1005.9,100.0,0.0,0.0,-1.9,0
2024-11-10T07:00+00:00,4115,0.3,1006.4,100.0,0.0,0.0,-0.5,18
2024-11-10T08:00+00:00,4115,0.1,1006.6,100.0,0.0,0.0,1.0,49
2024-11-10T09:00+00:00,4115,0.6,1006.7,100.0,0.0,0.0,1.4,62
2024-11-10T10:00+00:00,4115,0.9,1006.6,99.0,0.0,0.0,1.9,71
2024-11-10T11:00+00:00,4115,0.7,1006.2,98.0,0.0,0.0,2.6,77
2024-11-10T12:00+00:00,4115,1.0,1005.9,95.0,0.0,0.0,3.0,78
2024-11-10T13:00+00:00,4115,0.8,1005.7,95.0,0.0,0.0,3.0,57
2024-11-10T14:00+00:00,4115,1.5,1005.8,95.0,0.0,0.0,2.9,34
2024-11-10T15:00+00:00,4115,1.2,1005.9,96.0,0.0,0.0,2.7,13
2024-11-10T16:00+00:00,4115,1.3,1005.9,96.0,0.0,0.0,2.7,0
2024-11-10T17:00+00:00,4115,0.7,1006.4,96.0,0.0,0.0,2.9,0
2024-11-10T18:00+00:00,4115,0.6,1006.5,95.0,0.0,0.0,3.0,0
2024-11-10T19:00+00:00,4115,1.0,1006.7,95.0,0.0,0.0,3.1,0
2024-11-10T20:00+00:00,4115,1.1,1007.3,95.0,0.0,0.0,2.8,0
2024-11-10T21:00+00:00,4115,0.6,1007.3,95.0,0.0,0.0,2.8,0
2024-11-10T22:00+00:00,4115,0.6,1007.5,95.0,0.0,0.0,2.8,0
2024-11-10T23:00+00:00,4115,0.7,1007.7,96.0,0.0,0.0,2.6,0
2024-11-11T00:00+00:00,4115,1.0,1007.4,99.0,0.0,0.0,2.1,0
2024-11-11T01:00+00:00,4115,1.1,1007.4,100.0,0.0,0.0,1.8,0
2024-11-11T02:00+00:00,4115,1.2,1007.6,100.0,0.0,0.0,1.2,0
2024-11-11T03:00+00:00,4115,1.2,1007.7,100.0,0.0,0.0,0.9,0
2024-11-11T04:00+00:00,4115,1.0,1007.9,100.0,0.0,0.0,0.8,0
2024-11-11T05:00+00:00,4115,1.2,1007.9,100.0,0.0,0.0,0.6,0
2024-11-11T06:00+00:00,4115,1.0,1008.5,100.0,0.0,0.0,0.5,0
2024-11-11T07:00+00:00,4115,0.8,1008.5,100.0,0.0,0.0,0.7,7
2024-11-11T08:00+00:00,4115,1.0,1008.5,100.0,0.0,0.0,1.0,19
2024-11-11T09:00+00:00,4115,1.1,1008.5,100.0,0.0,0.0,1.4,43
2024-11-11T10:00+00:00,4115,1.4,1007.9,100.0,0.0,0.0,1.6,52
2024-11-11T11:00+00:00,4115,1.2,1007.6,100.0,0.0,0.0,1.9,57
2024-11-11T12:00+00:00,4115,1.3,1007.1,99.0,0.0,0.0,2.1,44
2024-11-11T13:00+00:00,4115,1.1,1006.7,99.0,0.0,0.0,2.5,34
2024-11-11T14:00+00:00,4115,0.8,1006.6,98.0,0.0,0.0,2.7,24
2024-11-11T15:00+00:00,4115,1.1,1006.2,98.0,0.0,0.0,2.6,8
2024-11-11T16:00+00:00,4115,1.3,1006.2,97.0,0.0,0.0,2.7,0
2024-11-11T17:00+00:00,4115,1.1,1006.4,96.0,0.0,0.0,2.7,0
2024-11-11T18:00+00:00,4115,0.6,1006.2,96.0,0.0,0.0,2.7,0
2024-11-11T19:00+00:00,4115,1.0,1006.2,97.0,0.0,0.0,2.8,0
2024-11-11T20:00+00:00,4115,1.3,1006.2,97.0,0.0,0.0,2.8,0
2024-11-11T21:00+00:00,4115,1.5,1006.2,97.0,0.0,0.0,2.8,0
2024-11-11T22:00+00:00,4115,1.4,1005.9,97.0,0.0,0.0,2.8,0
2024-11-11T23:00+00:00,4115,1.0,1005.7,96.0,0.0,0.0,2.8,0
2024-11-12T00:00+00:00,4115,1.2,1005.5,96.0,0.0,0.0,2.8,0
2024-11-12T01:00+00:00,4115,1.6,1005.9,95.0,0.0,0.0,2.7,0
2024-11-12T02:00+00:00,4115,1.7,1005.5,93.0,0.0,0.0,2.6,0
2024-11-12T03:00+00:00,4115,1.0,1005.4,93.0,0.0,0.0,2.5,0
2024-11-12T04:00+00:00,4115,1.1,1005.5,93.0,0.0,0.0,2.5,0
2024-11-12T05:00+00:00,4115,1.3,1005.9,93.0,0.0,0.0,2.4,0
2024-11-12T06:00+00:00,4115,1.0,1006.5,93.0,0.0,0.0,2.4,0
2024-11-12T07:00+00:00,4115,1.3,1006.8,91.0,0.0,0.0,2.7,9
2024-11-12T08:00+00:00,4115,1.5,1007.4,85.0,0.0,0.0,2.9,26
2024-11-12T09:00+00:00,4115,2.0,1007.9,84.0,0.0,0.0,2.9,37
2024-11-12T10:00+00:00,4115,2.4,1007.9,83.0,0.0,0.0,2.8,53
2024-11-12T11:00+00:00,4115,2.1,1007.7,83.0,0.0,0.0,3.1,51
2024-11-12T12:00+00:00,4115,2.3,1007.4,82.0,0.0,0.0,3.4,76
2024-11-12T13:00+00:00,4115,2.2,1007.0,84.0,0.0,0.0,3.4,53
2024-11-12T14:00+00:00,4115,2.5,1007.1,86.0,0.0,0.0,2.6,30
2024-11-12T15:00+00:00,4115,2.9,1007.7,88.0,0.0,0.0,2.0,11
2024-11-12T16:00+00:00,4115,3.0,1007.7,87.0,0.0,0.0,1.9,0
2024-11-12T17:00+00:00,4115,3.0,1007.9,87.0,0.0,0.0,1.7,0
2024-11-12T18:00+00:00,4115,1.5,1008.0,87.0,0.0,0.0,1.8,0
2024-11-12T19:00+00:00,4115,1.4,1007.8,87.0,0.0,0.0,1.9,0
2024-11-12T20:00+00:00,4115,1.7,1007.9,86.0,0.0,0.0,2.0,0
2024-11-12T21:00+00:00,4115,2.0,1007.9,87.0,0.0,0.0,1.9,0
2024-11-12T22:00+00:00,4115,1.5,1007.8,86.0,0.0,0.0,1.9,0
2024-11-12T23:00+00:00,4115,0.8,1007.7,89.0,0.0,0.0,1.9,0
2024-11-13T00:00+00:00,4115,0.8,1007.8,91.0,0.0,0.0,1.8,0
2024-11-13T01:00+00:00,4115,1.4,1007.8,91.0,0.0,0.0,1.8,0
2024-11-13T02:00+00:00,4115,2.0,1007.5,89.0,0.0,0.0,1.6,0
2024-11-13T03:00+00:00,4115,2.1,1007.1,87.0,0.0,0.0,1.5,0
2024-11-13T04:00+00:00,4115,1.5,1006.9,89.0,0.0,0.0,1.5,0
2024-11-13T05:00+00:00,4115,1.7,1006.7,93.0,0.0,0.0,1.3,0
2024-11-13T06:00+00:00,4115,1.2,1007.1,95.0,0.0,0.0,1.3,0
2024-11-13T07:00+00:00,4115,0.9,1007.5,94.0,0.0,0.0,1.4,3
2024-11-13T08:00+00:00,4115,1.3,1007.4,89.0,0.0,0.0,1.8,22
2024-11-13T09:00+00:00,4115,2.1,1007.3,87.0,0.0,0.0,2.2,43
2024-11-13T10:00+00:00,4115,2.2,1007.3,79.0,0.0,0.0,2.5,78
2024-11-13T11:00+00:00,4115,1.3,1006.6,78.0,0.0,0.0,2.9,72
2024-11-13T12:00+00:00,4115,1.9,1006.3,78.0,0.0,0.0,3.2,67
2024-11-13T13:00+00:00,4115,1.4,1005.9,79.0,0.0,0.0,3.2,49
2024-11-13T14:00+00:00,4115,1.1,1005.8,79.0,0.0,0.0,3.2,27
2024-11-13T15:00+00:00,4115,1.5,1005.7,79.0,0.0,0.0,3.3,14
2024-11-13T16:00+00:00,4115,1.8,1005.7,77.0,0.0,0.0,3.4,0
2024-11-13T17:00+00:00,4115,1.7,1005.9,80.0,0.0,0.0,3.4,0
2024-11-13T18:00+00:00,4115,1.8,1006.0,87.0,0.0,0.0,3.1,0
2024-11-13T19:00+00:00,4115,1.4,1006.4,91.0,0.0,0.0,3.0,0
2024-11-13T20:00+00:00,4115,1.4,1006.6,91.0,0.0,0.0,2.6,0
2024-11-13T21:00+00:00,4115,0.9,1006.6,89.0,0.0,0.0,2.5,0
2024-11-13T22:00+00:00,4115,1.4,1006.6,88.0,0.0,0.0,2.5,0
2024-11-13T23:00+00:00,4115,1.5,1006.4,86.0,0.0,0.0,2.6,0
2024-11-14T00:00+00:00,4115,1.3,1005.9,86.0,0.0,0.0,2.4,0
2024-11-14T01:00+00:00,4115,1.6,1005.7,85.0,0.0,0.0,2.4,0
2024-11-14T02:00+00:00,4115,1.4,1005.3,86.0,0.0,0.0,2.9,0
2024-11-14T03:00+00:00,4115,1.8,1005.1,81.0,0.0,0.0,3.1,0
2024-11-14T04:00+00:00,4115,1.9,1004.9,81.0,0.0,0.0,2.9,0
2024-11-14T05:00+00:00,4115,2.4,1004.9,79.0,0.0,0.0,3.0,0
2024-11-14T06:00+00:00,4115,3.2,1004.9,83.0,0.0,0.0,2.8,0
2024-11-14T07:00+00:00,4115,3.0,1005.2,82.0,0.0,0.0,3.1,16
2024-11-14T08:00+00:00,4115,3.3,1004.7,76.0,0.0,0.5,3.9,130
2024-11-14T09:00+00:00,4115,3.6,1004.8,71.0,0.0,0.9,4.9,271
2024-11-14T10:00+00:00,4115,4.5,1004.7,69.0,0.0,0.7,5.7,279
2024-11-14T11:00+00:00,4115,3.7,1004.1,70.0,0.0,0.8,5.6,311
2024-11-14T12:00+00:00,4115,3.2,1003.5,69.0,0.0,0.0,6.1,200
2024-11-14T13:00+00:00,4115,3.4,1002.7,66.0,0.0,0.5,6.6,233
2024-11-14T14:00+00:00,4115,3.3,1002.4,64.0,0.0,0.0,6.4,82
2024-11-14T15:00+00:00,4115,3.1,1002.3,69.0,0.0,0.0,5.7,27
2024-11-14T16:00+00:00,4115,4.0,1002.4,68.0,0.0,0.0,5.4,1
2024-11-14T17:00+00:00,4115,3.2,1002.2,70.0,0.0,0.0,4.9,0
2024-11-14T18:00+00:00,4115,3.0,1002.2,69.0,0.0,0.0,5.8,0
2024-11-14T19:00+00:00,4115,3.7,1002.3,71.0,0.0,0.0,5.8,0
2024-11-14T20:00+00:00,4115,4.3,1002.3,76.0,0.0,0.0,5.5,0
2024-11-14T21:00+00:00,4115,4.4,1002.4,81.0,0.0,0.0,5.4,0
2024-11-14T22:00+00:00,4115,4.2,1002.3,79.0,0.1,0.0,5.7,0
2024-11-14T23:00+00:00,4115,3.4,1002.3,79.0,0.0,0.0,5.4,0
2024-11-15T00:00+00:00,4115,4.1,1002.2,82.0,0.0,0.0,5.4,0
2024-11-15T01:00+00:00,4115,4.3,1002.0,80.0,0.1,0.0,5.7,0
2024-11-15T02:00+00:00,4115,4.1,1001.5,78.0,0.0,0.0,6.0,0
2024-11-15T03:00+00:00,4115,4.7,1001.4,80.0,0.0,0.0,5.9,0
2024-11-15T04:00+00:00,4115,4.6,1001.6,82.0,0.0,0.0,5.5,0
2024-11-15T05:00+00:00,4115,4.2,1001.9,82.0,0.0,0.0,5.8,0
2024-11-15T06:00+00:00,4115,3.1,1002.3,86.0,0.0,0.0,5.5,0
2024-11-15T07:00+00:00,4115,2.9,1002.9,83.0,0.0,0.0,5.9,12
2024-11-15T08:00+00:00,4115,2.8,1003.4,84.0,0.0,0.0,6.2,41
2024-11-15T09:00+00:00,4115,2.8,1003.3,77.0,0.0,0.1,7.5,101
2024-11-15T10:00+00:00,4115,3.0,1003.0,73.0,0.0,0.1,8.2,169
2024-11-15T11:00+00:00,4115,3.2,1003.0,69.0,0.0,0.0,9.0,160
2024-11-15T12:00+00:00,4115,3.6,1003.0,68.0,0.0,0.0,9.3,151
2024-11-15T13:00+00:00,4115,3.4,1003.0,69.0,0.0,0.0,9.1,84
2024-11-15T14:00+00:00,4115,2.0,1002.9,67.0,0.0,0.0,9.0,31
2024-11-15T15:00+00:00,4115,1.6,1003.1,68.0,0.0,0.0,8.7,12
2024-11-15T16:00+00:00,4115,1.6,1003.4,70.0,0.0,0.0,8.4,0
2024-11-15T17:00+00:00,4115,1.4,1003.6,73.0,0.0,0.0,8.1,0
2024-11-15T18:00+00:00,4115,1.1,1004.1,76.0,0.0,0.0,7.7,0
2024-11-15T19:00+00:00,4115,1.0,1004.1,78.0,0.0,0.0,7.4,0
2024-11-15T20:00+00:00,4115,0.9,1004.2,78.0,0.0,0.0,7.1,0
2024-11-15T21:00+00:00,4115,1.0,1004.1,81.0,0.0,0.0,6.8,0
2024-11-15T22:00+00:00,4115,1.0,1004.0,78.0,0.0,0.0,6.8,0
2024-11-15T23:00+00:00,4115,0.7,1004.0,83.0,0.0,0.0,5.7,0
2024-11-16T00:00+00:00,4115,0.6,1003.5,87.0,0.0,0.0,3.8,0
2024-11-16T01:00+00:00,4115,0.3,1003.5,90.0,0.0,0.0,2.3,0
2024-11-16T02:00+00:00,4115,0.3,1002.9,93.0,0.0,0.0,1.0,0
2024-11-16T03:00+00:00,4115,0.6,1002.3,95.0,0.0,0.0,0.2,0
2024-11-16T04:00+00:00,4115,0.4,1002.3,97.0,0.0,0.0,0.7,0
2024-11-16T05:00+00:00,4115,0.8,1001.8,98.0,0.0,0.0,0.4,0
2024-11-16T06:00+00:00,4115,0.5,1001.6,99.0,0.0,0.0,-0.3,0
2024-11-16T07:00+00:00,4115,1.4,1001.6,98.0,0.0,0.2,-0.1,26
2024-11-16T08:00+00:00,4115,1.0,1001.5,88.0,0.0,1.0,2.0,174
2024-11-16T09:00+00:00,4115,1.0,1001.1,82.0,0.0,1.0,3.8,267
2024-11-16T10:00+00:00,4115,1.3,1000.5,70.0,0.0,1.0,6.8,320
2024-11-16T11:00+00:00,4115,1.2,999.9,65.0,0.0,1.0,8.6,335
2024-11-16T12:00+00:00,4115,1.4,999.1,60.0,0.0,1.0,10.3,319
2024-11-16T13:00+00:00,4115,1.2,998.2,57.0,0.0,1.0,11.8,257
2024-11-16T14:00+00:00,4115,2.0,997.8,56.0,0.0,1.0,11.2,168
2024-11-16T15:00+00:00,4115,1.6,997.3,64.0,0.0,0.8,8.9,60
2024-11-16T16:00+00:00,4115,0.9,997.3,74.0,0.0,0.0,6.5,1
2024-11-16T17:00+00:00,4115,1.0,996.8,77.0,0.0,0.0,5.5,0
2024-11-16T18:00+00:00,4115,0.8,996.4,85.0,0.0,0.0,3.1,0
2024-11-16T19:00+00:00,4115,1.2,996.0,88.0,0.0,0.0,2.7,0
2024-11-16T20:00+00:00,4115,0.6,995.8,89.0,0.0,0.0,2.4,0
2024-11-16T21:00+00:00,4115,1.0,995.4,90.0,0.0,0.0,2.7,0
2024-11-16T22:00+00:00,4115,1.3,995.1,91.0,0.0,0.0,2.4,0
2024-11-16T23:00+00:00,4115,0.5,994.7,96.0,0.0,0.0,-1.5,0
2024-11-17T00:00+00:00,4115,0.6,994.4,100.0,0.0,0.0,-2.2,0
2024-11-17T01:00+00:00,4115,0.3,994.1,98.0,0.0,0.0,-3.1,0
2024-11-17T02:00+00:00,4115,0.5,993.6,100.0,0.0,0.0,-0.7,0
2024-11-17T03:00+00:00,4115,0.5,993.2,100.0,0.0,0.0,-1.0,0
2024-11-17T04:00+00:00,4115,1.0,992.6,99.0,0.0,0.0,-1.0,0
2024-11-17T05:00+00:00,4115,0.9,992.5,100.0,0.0,0.0,0.0,0
2024-11-17T06:00+00:00,4115,0.8,992.3,100.0,0.0,0.0,0.4,0
2024-11-17T07:00+00:00,4115,1.0,992.6,100.0,0.0,0.0,0.3,11
2024-11-17T08:00+00:00,4115,0.6,993.1,98.0,0.0,0.0,1.1,56
2024-11-17T09:00+00:00,4115,0.9,992.7,93.0,0.0,0.2,2.4,168
2024-11-17T10:00+00:00,4115,0.8,992.5,79.0,0.0,0.9,6.0,315
2024-11-17T11:00+00:00,4115,3.1,991.6,72.0,0.0,1.0,7.8,335
2024-11-17T12:00+00:00,4115,3.6,990.7,66.0,0.0,1.0,9.2,322
2024-11-17T13:00+00:00,4115,4.4,990.3,69.0,0.0,1.0,8.3,248
2024-11-17T14:00+00:00,4115,3.8,990.0,67.0,0.0,1.0,8.1,165
2024-11-17T15:00+00:00,4115,4.3,989.8,72.0,0.0,0.4,6.8,46
2024-11-17T16:00+00:00,4115,4.1,990.1,74.0,0.0,0.0,6.2,2
2024-11-17T17:00+00:00,4115,4.6,990.0,75.0,0.0,0.0,6.1,0
2024-11-17T18:00+00:00,4115,3.1,990.1,74.0,0.0,0.0,6.6,0
2024-11-17T19:00+00:00,4115,2.3,990.0,72.0,0.0,0.0,7.1,0
2024-11-17T20:00+00:00,4115,0.8,990.1,84.0,0.0,0.0,4.0,0
2024-11-17T21:00+00:00,4115,0.6,990.0,88.0,0.0,0.0,3.4,0
2024-11-17T22:00+00:00,4115,1.3,989.9,77.0,0.1,0.0,8.0,0
2024-11-17T23:00+00:00,4115,3.3,990.1,78.0,0.0,0.0,8.0,0
2024-11-18T00:00+00:00,4115,2.3,990.2,81.0,0.0,0.0,7.9,0
2024-11-18T01:00+00:00,4115,1.7,990.2,84.0,0.1,0.0,7.4,0
2024-11-18T02:00+00:00,4115,1.6,990.1,84.0,0.0,0.0,7.2,0
2024-11-18T03:00+00:00,4115,2.3,990.1,75.0,0.0,0.0,7.5,0
2024-11-18T04:00+00:00,4115,2.8,990.3,74.0,0.0,0.0,7.0,0
2024-11-18T05:00+00:00,4115,3.9,990.7,75.0,0.0,0.0,6.7,0
2024-11-18T06:00+00:00,4115,3.1,990.2,76.0,0.0,0.0,5.9,0
2024-11-18T07:00+00:00,4115,2.8,990.2,74.0,0.0,0.0,6.5,15
2024-11-18T08:00+00:00,4115,2.4,990.3,69.0,0.0,0.7,7.8,116
2024-11-18T09:00+00:00,4115,5.8,990.0,61.0,0.0,0.3,8.9,151
2024-11-18T10:00+00:00,4115,5.8,990.7,58.0,0.0,0.7,10.4,233
2024-11-18T11:00+00:00,4115,4.6,990.1,60.0,0.0,0.0,10.2,150
2024-11-18T12:00+00:00,4115,5.7,989.7,60.0,0.0,0.0,10.2,129
2024-11-18T13:00+00:00,4115,3.9,989.1,67.0,0.0,0.0,9.7,64
2024-11-18T14:00+00:00,4115,2.3,989.2,75.0,0.1,0.0,8.5,24
2024-11-18T15:00+00:00,4115,2.6,989.8,83.0,0.9,0.0,7.7,5
2024-11-18T16:00+00:00,4115,1.2,990.3,93.0,0.9,0.0,7.1,0
2024-11-18T17:00+00:00,4115,2.6,991.2,90.0,1.8,0.0,5.0,0
2024-11-18T18:00+00:00,4115,1.5,991.4,93.0,0.4,0.0,4.6,0
2024-11-18T19:00+00:00,4115,0.6,991.5,91.0,0.1,0.0,4.5,0
2024-11-18T20:00+00:00,4115,1.2,991.8,91.0,0.0,0.0,4.5,0
2024-11-18T21:00+00:00,4115,0.4,991.8,91.0,0.1,0.0,4.5,0
2024-11-18T22:00+00:00,4115,0.5,991.6,95.0,0.0,0.0,4.4,0
2024-11-18T23:00+00:00,4115,0.7,991.4,97.0,0.0,0.0,4.5,0
2024-11-19T00:00+00:00,4115,0.4,991.2,97.0,0.2,0.0,4.7,0
2024-11-19T01:00+00:00,4115,0.3,991.2,96.0,0.4,0.0,4.7,0
2024-11-19T02:00+00:00,4115,0.5,990.8,97.0,0.1,0.0,4.7,0
2024-11-19T03:00+00:00,4115,1.3,990.1,96.0,0.0,0.0,4.6,0
2024-11-19T04:00+00:00,4115,1.2,989.2,97.0,0.0,0.0,4.6,0
2024-11-19T05:00+00:00,4115,0.9,988.6,98.0,0.0,0.0,3.7,0
2024-11-19T06:00+00:00,4115,0.8,988.0,99.0,0.0,0.0,3.5,0
2024-11-19T07:00+00:00,4115,1.4,988.0,93.0,0.0,0.0,5.3,13
2024-11-19T08:00+00:00,4115,1.6,987.5,86.0,0.0,0.0,6.4,64
2024-11-19T09:00+00:00,4115,2.2,986.6,89.0,0.0,0.0,5.8,120
2024-11-19T10:00+00:00,4115,3.2,986.0,93.0,0.0,0.0,3.4,120
2024-11-19T11:00+00:00,4115,2.1,985.1,91.0,0.0,0.0,3.9,92
2024-11-19T12:00+00:00,4115,2.1,984.2,88.0,0.0,0.0,4.7,93
2024-11-19T13:00+00:00,4115,1.7,983.4,88.0,0.0,0.0,5.4,85
2024-11-19T14:00+00:00,4115,1.7,982.6,88.0,0.0,0.0,5.1,45
2024-11-19T15:00+00:00,4115,1.9,982.0,87.0,0.0,0.0,5.1,14
2024-11-19T16:00+00:00,4115,1.3,981.4,89.0,0.0,0.0,5.0,0
2024-11-19T17:00+00:00,4115,1.0,980.5,93.0,0.0,0.0,4.0,0
2024-11-19T18:00+00:00,4115,1.5,979.5,94.0,0.0,0.0,4.3,0
2024-11-19T19:00+00:00,4115,1.3,978.5,94.0,0.0,0.0,4.4,0
2024-11-19T20:00+00:00,4115,1.0,977.1,96.0,0.0,0.0,4.2,0
2024-11-19T21:00+00:00,4115,0.6,975.7,97.0,0.0,0.0,3.8,0
2024-11-19T22:00+00:00,4115,1.0,974.5,98.0,0.0,0.0,4.4,0
2024-11-19T23:00+00:00,4115,1.6,972.1,99.0,0.0,0.0,5.4,0
2024-11-20T00:00+00:00,4115,1.8,970.3,98.0,0.0,0.0,5.3,0
2024-11-20T01:00+00:00,4115,1.4,968.5,98.0,0.0,0.0,4.7,0
2024-11-20T02:00+00:00,4115,1.1,966.9,98.0,0.0,0.0,4.3,0
2024-11-20T03:00+00:00,4115,1.6,965.9,98.0,0.0,0.0,4.4,0
2024-11-20T04:00+00:00,4115,1.6,966.6,96.0,0.0,0.0,4.9,0
2024-11-20T05:00+00:00,4115,3.7,970.4,93.0,0.0,0.0,5.3,0
2024-11-20T06:00+00:00,4115,4.1,970.2,85.0,0.6,0.0,6.9,0
2024-11-20T07:00+00:00,4115,5.4,973.3,87.0,0.1,0.0,5.9,5
2024-11-20T08:00+00:00,4115,3.7,974.4,80.0,0.0,0.0,5.0,18
2024-11-20T09:00+00:00,4115,3.9,975.6,80.0,0.0,0.0,4.3,34
2024-11-20T10:00+00:00,4115,3.9,976.6,79.0,0.0,0.0,4.2,39
2024-11-20T11:00+00:00,4115,3.5,977.5,69.0,0.0,0.0,4.9,89
2024-11-20T12:00+00:00,4115,4.8,977.7,59.0,0.0,0.2,5.5,170
2024-11-20T13:00+00:00,4115,4.6,978.4,58.0,0.0,0.0,5.2,55
2024-11-20T14:00+00:00,4115,3.9,978.7,57.0,0.0,0.0,4.8,36
2024-11-20T15:00+00:00,4115,2.5,978.9,61.0,0.0,0.2,4.4,35
2024-11-20T16:00+00:00,4115,2.4,978.8,58.0,0.0,0.0,3.9,1
2024-11-20T17:00+00:00,4115,2.2,979.1,66.0,0.0,0.0,2.8,0
2024-11-20T18:00+00:00,4115,1.6,979.9,72.0,0.0,0.0,3.1,0
2024-11-20T19:00+00:00,4115,1.9,979.9,77.0,0.0,0.0,2.6,0
2024-11-20T20:00+00:00,4115,2.9,980.0,74.0,0.0,0.0,3.2,0
2024-11-20T21:00+00:00,4115,3.3,980.1,77.0,0.0,0.0,2.7,0
2024-11-20T22:00+00:00,4115,3.0,980.3,77.0,0.0,0.0,2.7,0
2024-11-20T23:00+00:00,4115,3.0,980.3,73.0,0.0,0.0,2.5,0
2024-11-21T00:00+00:00,4115,4.1,980.5,75.0,0.0,0.0,2.6,0
2024-11-21T01:00+00:00,4115,4.3,980.8,73.0,0.0,0.0,2.6,0
2024-11-21T02:00+00:00,4115,5.1,980.8,72.0,0.0,0.0,2.4,0
2024-11-21T03:00+00:00,4115,3.3,981.0,67.0,0.0,0.0,2.0,0
2024-11-21T04:00+00:00,4115,3.7,981.4,66.0,0.0,0.0,2.0,0
2024-11-21T05:00+00:00,4115,3.6,982.0,67.0,0.0,0.0,1.7,0
2024-11-21T06:00+00:00,4115,4.0,982.4,70.0,0.0,0.0,1.4,0
2024-11-21T07:00+00:00,4115,3.0,983.1,66.0,0.0,0.4,1.9,36
2024-11-21T08:00+00:00,4115,3.8,983.5,68.0,0.0,1.0,3.0,176
2024-11-21T09:00+00:00,4115,4.5,983.8,64.0,0.0,1.0,3.9,264
2024-11-21T10:00+00:00,4115,4.8,983.5,60.0,0.0,1.0,4.4,332
2024-11-21T11:00+00:00,4115,4.8,983.3,57.0,0.0,1.0,5.1,355
2024-11-21T12:00+00:00,4115,5.4,982.6,56.0,0.0,0.6,5.1,284
2024-11-21T13:00+00:00,4115,3.8,982.0,58.0,0.0,0.4,4.4,159
2024-11-21T14:00+00:00,4115,3.3,981.1,58.0,0.0,0.0,4.1,63
2024-11-21T15:00+00:00,4115,0.3,979.3,69.0,0.0,0.0,2.0,32
2024-11-21T16:00+00:00,4115,1.2,978.5,68.0,0.0,0.0,1.8,0
2024-11-21T17:00+00:00,4115,2.1,976.9,68.0,0.0,0.0,2.0,0
2024-11-21T18:00+00:00,4115,2.6,974.9,68.0,0.0,0.0,1.9,0
2024-11-21T19:00+00:00,4115,2.8,973.2,62.0,0.0,0.0,3.0,0
2024-11-21T20:00+00:00,4115,3.9,972.0,78.0,0.0,0.0,2.7,0
2024-11-21T21:00+00:00,4115,6.2,970.7,81.0,0.0,0.0,2.7,0
2024-11-21T22:00+00:00,4115,5.8,970.0,83.0,0.0,0.0,2.8,0
2024-11-21T23:00+00:00,4115,5.2,969.7,84.0,0.0,0.0,2.9,0
2024-11-22T00:00+00:00,4115,3.7,969.6,84.0,0.0,0.0,2.8,0
2024-11-22T01:00+00:00,4115,2.3,969.6,87.0,0.0,0.0,2.3,0
2024-11-22T02:00+00:00,4115,1.5,969.6,88.0,0.0,0.0,2.1,0
2024-11-22T03:00+00:00,4115,0.9,970.2,89.0,0.0,0.0,2.1,0
2024-11-22T04:00+00:00,4115,1.0,970.9,87.0,0.0,0.0,2.1,0
2024-11-22T05:00+00:00,4115,3.2,973.4,81.0,0.0,0.0,1.9,0
2024-11-22T06:00+00:00,4115,3.4,975.7,73.0,0.0,0.0,1.9,0
2024-11-22T07:00+00:00,4115,3.0,978.0,70.0,0.0,0.0,2.0,8
2024-11-22T08:00+00:00,4115,3.1,979.0,71.0,0.0,0.0,2.1,46
2024-11-22T09:00+00:00,4115,3.0,979.8,68.0,0.0,0.0,2.4,95
2024-11-22T10:00+00:00,4115,3.7,979.9,61.0,0.0,0.0,2.6,127
2024-11-22T11:00+00:00,4115,4.2,980.8,51.0,0.0,0.0,3.2,114
2024-11-22T12:00+00:00,4115,4.4,981.1,51.0,0.0,0.0,3.3,91
2024-11-22T13:00+00:00,4115,3.5,981.5,58.0,0.0,0.0,3.1,58
2024-11-22T14:00+00:00,4115,4.0,982.5,67.0,0.0,0.0,2.5,62
2024-11-22T15:00+00:00,4115,2.8,983.3,63.0,0.0,0.1,2.4,30
2024-11-22T16:00+00:00,4115,3.4,984.5,56.0,0.0,0.0,2.6,1
2024-11-22T17:00+00:00,4115,3.6,985.2,59.0,0.0,0.0,2.3,0
2024-11-22T18:00+00:00,4115,3.7,985.9,59.0,0.0,0.0,2.1,0
2024-11-22T19:00+00:00,4115,4.4,986.7,62.0,0.0,0.0,1.5,0
2024-11-22T20:00+00:00,4115,4.0,987.6,68.0,0.0,0.0,1.4,0
2024-11-22T21:00+00:00,4115,4.8,988.0,69.0,0.0,0.0,1.6,0
2024-11-22T22:00+00:00,4115,4.7,988.7,70.0,0.0,0.0,1.6,0
2024-11-22T23:00+00:00,4115,4.8,989.5,66.0,0.0,0.0,2.1,0
2024-11-23T00:00+00:00,4115,5.4,990.2,65.0,0.0,0.0,2.7,0
2024-11-23T01:00+00:00,4115,3.6,990.8,69.0,0.0,0.0,2.1,0
2024-11-23T02:00+00:00,4115,4.6,991.0,70.0,0.0,0.0,2.9,0
2024-11-23T03:00+00:00,4115,5.9,991.2,75.0,0.0,0.0,2.6,0
2024-11-23T04:00+00:00,4115,5.7,992.1,70.0,0.0,0.0,3.1,0
2024-11-23T05:00+00:00,4115,5.4,994.3,68.0,0.0,0.0,3.7,0
2024-11-23T06:00+00:00,4115,4.9,996.7,51.0,0.0,0.0,3.7,0
2024-11-23T07:00+00:00,4115,4.7,998.9,47.0,0.0,0.0,2.5,7
2024-11-23T08:00+00:00,4115,4.9,1000.1,42.0,0.0,0.7,3.4,139
2024-11-23T09:00+00:00,4115,5.2,1001.5,44.0,0.0,1.0,4.3,268
2024-11-23T10:00+00:00,4115,4.9,1002.4,51.0,0.0,1.0,5.4,328
2024-11-23T11:00+00:00,4115,4.5,1003.3,53.0,0.0,0.9,6.3,337
2024-11-23T12:00+00:00,4115,4.6,1003.2,51.0,0.0,1.0,6.7,346
2024-11-23T13:00+00:00,4115,4.0,1003.6,45.0,0.0,1.0,7.1,296
2024-11-23T14:00+00:00,4115,5.1,1003.8,46.0,0.0,1.0,6.6,175
2024-11-23T15:00+00:00,4115,3.5,1004.1,54.0,0.0,0.7,5.2,49
2024-11-23T16:00+00:00,4115,1.3,1004.3,64.0,0.0,0.0,2.7,1
2024-11-23T17:00+00:00,4115,0.9,1004.5,67.0,0.0,0.0,2.7,0
2024-11-23T18:00+00:00,4115,0.3,1004.4,71.0,0.0,0.0,1.8,0
2024-11-23T19:00+00:00,4115,1.0,1003.8,65.0,0.0,0.0,2.7,0
2024-11-23T20:00+00:00,4115,1.7,1002.9,67.0,0.0,0.0,1.8,0
2024-11-23T21:00+00:00,4115,1.0,1002.6,67.0,0.0,0.0,1.8,0
2024-11-23T22:00+00:00,4115,1.5,1002.4,74.0,0.0,0.0,0.8,0
2024-11-23T23:00+00:00,4115,1.3,1002.1,81.0,0.0,0.0,-0.7,0
2024-11-24T00:00+00:00,4115,1.4,1001.9,80.0,0.0,0.0,0.0,0
2024-11-24T01:00+00:00,4115,1.4,1001.5,81.0,0.0,0.0,0.1,0
2024-11-24T02:00+00:00,4115,1.4,1001.4,84.0,0.0,0.0,-0.7,0
2024-11-24T03:00+00:00,4115,1.1,1001.3,88.0,0.0,0.0,-1.5,0
2024-11-24T04:00+00:00,4115,1.1,1001.3,86.0,0.0,0.0,-1.1,0
2024-11-24T05:00+00:00,4115,1.3,1001.9,84.0,0.0,0.0,-0.2,0
2024-11-24T06:00+00:00,4115,1.0,1002.1,83.0,0.0,0.0,0.1,0
2024-11-24T07:00+00:00,4115,1.1,1002.6,78.0,0.0,0.0,0.9,7
2024-11-24T08:00+00:00,4115,1.0,1002.9,76.0,0.0,0.0,1.7,22
2024-11-24T09:00+00:00,4115,1.6,1003.4,73.0,0.0,0.0,2.6,36
2024-11-24T10:00+00:00,4115,1.8,1003.5,77.0,0.0,0.0,3.1,58
2024-11-24T11:00+00:00,4115,1.7,1003.5,75.0,0.1,0.0,4.1,76
2024-11-24T12:00+00:00,4115,2.7,1002.7,67.0,0.0,0.4,5.5,214
2024-11-24T13:00+00:00,4115,2.8,1002.7,66.0,0.0,0.4,5.7,169
2024-11-24T14:00+00:00,4115,2.7,1002.9,64.0,0.0,0.9,6.6,136
2024-11-24T15:00+00:00,4115,2.2,1002.9,67.0,0.0,0.0,5.7,23
2024-11-24T16:00+00:00,4115,1.9,1003.2,69.0,0.0,0.0,5.2,0
2024-11-24T17:00+00:00,4115,1.8,1003.0,74.0,0.0,0.0,4.5,0
2024-11-24T18:00+00:00,4115,1.6,1002.7,77.0,0.0,0.0,3.8,0
2024-11-24T19:00+00:00,4115,1.7,1003.0,80.0,0.0,0.0,2.7,0
2024-11-24T20:00+00:00,4115,1.8,1002.9,81.0,0.0,0.0,2.2,0
2024-11-24T21:00+00:00,4115,1.1,1002.9,82.0,0.0,0.0,1.7,0
2024-11-24T22:00+00:00,4115,1.2,1002.6,81.0,0.0,0.0,1.9,0
2024-11-24T23:00+00:00,4115,1.6,1002.5,80.0,0.0,0.0,2.2,0
2024-11-25T00:00+00:00,4115,1.8,1002.2,81.0,0.0,0.0,1.8,0
2024-11-25T01:00+00:00,4115,1.9,1002.0,82.0,0.0,0.0,1.5,0
2024-11-25T02:00+00:00,4115,2.2,1001.6,81.0,0.0,0.0,1.6,0
2024-11-25T03:00+00:00,4115,2.1,1001.4,84.0,0.0,0.0,1.0,0
2024-11-25T04:00+00:00,4115,1.9,1000.9,87.0,0.0,0.0,0.4,0
2024-11-25T05:00+00:00,4115,1.7,1000.8,87.0,0.0,0.0,0.6,0
2024-11-25T06:00+00:00,4115,2.1,1000.5,88.0,0.0,0.0,0.7,0
2024-11-25T07:00+00:00,4115,2.8,1000.7,87.0,0.0,0.1,1.3,18
2024-11-25T08:00+00:00,4115,2.7,1000.8,84.0,0.0,0.9,2.2,104
2024-11-25T09:00+00:00,4115,3.2,1000.5,84.0,0.0,0.2,2.9,134
2024-11-25T10:00+00:00,4115,3.4,1000.0,82.0,0.0,0.0,4.1,112
2024-11-25T11:00+00:00,4115,3.2,999.3,80.0,0.0,0.0,5.3,111
2024-11-25T12:00+00:00,4115,3.3,998.4,77.0,0.0,0.0,6.6,127
2024-11-25T13:00+00:00,4115,3.6,997.5,74.0,0.0,0.6,8.2,184
2024-11-25T14:00+00:00,4115,3.6,996.9,76.0,0.0,1.0,7.9,131
2024-11-25T15:00+00:00,4115,3.2,996.3,80.0,0.0,0.6,7.1,40
2024-11-25T16:00+00:00,4115,1.9,995.6,87.0,0.0,0.0,5.0,1
2024-11-25T17:00+00:00,4115,2.4,994.9,87.0,0.0,0.0,6.1,0
2024-11-25T18:00+00:00,4115,3.3,994.5,89.0,0.0,0.0,5.6,0
2024-11-25T19:00+00:00,4115,3.3,994.3,91.0,0.0,0.0,4.9,0
2024-11-25T20:00+00:00,4115,2.8,993.8,91.0,0.0,0.0,4.7,0
2024-11-25T21:00+00:00,4115,2.4,993.8,93.0,0.0,0.0,4.2,0
2024-11-25T22:00+00:00,4115,2.3,993.7,93.0,0.0,0.0,4.1,0
2024-11-25T23:00+00:00,4115,1.3,993.6,95.0,0.0,0.0,3.2,0
2024-11-26T00:00+00:00,4115,1.8,993.4,96.0,0.0,0.0,2.6,0
2024-11-26T01:00+00:00,4115,1.3,993.8,95.0,0.0,0.0,1.2,0
2024-11-26T02:00+00:00,4115,1.0,994.6,98.0,0.0,0.0,2.1,0
2024-11-26T03:00+00:00,4115,1.0,994.9,96.0,0.0,0.0,3.5,0
2024-11-26T04:00+00:00,4115,0.6,995.1,95.0,0.0,0.0,4.0,0
2024-11-26T05:00+00:00,4115,2.2,995.5,95.0,0.0,0.0,4.2,0
2024-11-26T06:00+00:00,4115,2.1,996.0,96.0,0.0,0.0,3.9,0
2024-11-26T07:00+00:00,4115,1.0,996.4,95.0,0.0,0.0,4.0,4
2024-11-26T08:00+00:00,4115,0.4,997.4,91.0,0.0,0.0,4.9,27
2024-11-26T09:00+00:00,4115,1.9,998.1,86.0,0.0,0.0,5.7,92
2024-11-26T10:00+00:00,4115,2.9,998.1,80.0,0.0,0.1,7.2,141
2024-11-26T11:00+00:00,4115,3.5,998.4,82.0,0.0,0.0,7.9,92
2024-11-26T12:00+00:00,4115,3.7,998.4,82.0,0.0,0.0,8.8,106
2024-11-26T13:00+00:00,4115,2.8,998.6,80.0,0.0,0.0,10.0,90
2024-11-26T14:00+00:00,4115,3.0,998.9,76.0,0.0,0.3,10.7,104
2024-11-26T15:00+00:00,4115,3.3,999.3,78.0,0.0,0.0,10.2,26
2024-11-26T16:00+00:00,4115,2.8,999.9,77.0,0.0,0.0,9.9,0
2024-11-26T17:00+00:00,4115,2.6,1000.7,76.0,0.0,0.0,9.5,0
2024-11-26T18:00+00:00,4115,1.6,1001.1,78.0,0.0,0.0,8.7,0
2024-11-26T19:00+00:00,4115,1.9,1001.5,78.0,0.0,0.0,7.7,0
2024-11-26T20:00+00:00,4115,1.8,1001.6,85.0,0.0,0.0,6.5,0
2024-11-26T21:00+00:00,4115,1.7,1001.9,84.0,0.0,0.0,6.4,0
2024-11-26T22:00+00:00,4115,1.0,1002.0,92.0,0.0,0.0,3.6,0
2024-11-26T23:00+00:00,4115,0.2,1001.9,91.0,0.0,0.0,3.5,0
2024-11-27T00:00+00:00,4115,0.8,1002.0,97.0,0.0,0.0,1.7,0
2024-11-27T01:00+00:00,4115,0.7,1002.3,98.0,0.0,0.0,1.7,0
2024-11-27T02:00+00:00,4115,0.6,1002.0,98.0,0.0,0.0,1.7,0
2024-11-27T03:00+00:00,4115,0.7,1002.2,98.0,0.0,0.0,1.8,0
2024-11-27T04:00+00:00,4115,0.8,1002.4,98.0,0.0,0.0,2.0,0
2024-11-27T05:00+00:00,4115,0.5,1002.5,100.0,0.0,0.0,2.3,0
2024-11-27T06:00+00:00,4115,0.7,1002.9,99.0,0.0,0.0,1.6,0
2024-11-27T07:00+00:00,4115,0.3,1003.3,99.0,0.0,0.0,1.5,7
2024-11-27T08:00+00:00,4115,0.2,1003.5,99.0,0.0,0.0,2.1,58
2024-11-27T09:00+00:00,4115,0.4,1003.6,98.0,0.0,0.0,3.5,117
2024-11-27T10:00+00:00,4115,0.8,1003.5,96.0,0.0,0.0,4.6,138
2024-11-27T11:00+00:00,4115,1.5,1003.2,94.0,0.0,0.0,5.8,153
2024-11-27T12:00+00:00,4115,1.5,1002.6,91.0,0.0,0.0,5.8,139
2024-11-27T13:00+00:00,4115,1.4,1002.3,87.0,0.0,0.0,6.4,103
2024-11-27T14:00+00:00,4115,1.1,1002.1,90.0,0.0,0.0,6.4,56
2024-11-27T15:00+00:00,4115,1.1,1001.8,93.0,0.0,0.0,5.3,24
2024-11-27T16:00+00:00,4115,1.8,1001.6,95.0,0.0,0.0,4.6,0
2024-11-27T17:00+00:00,4115,2.0,1001.4,96.0,0.0,0.0,4.0,0
2024-11-27T18:00+00:00,4115,2.1,1001.1,97.0,0.0,0.0,3.9,0
2024-11-27T19:00+00:00,4115,1.8,1000.8,99.0,0.0,0.0,3.5,0
2024-11-27T20:00+00:00,4115,1.8,1000.7,100.0,0.0,0.0,3.0,0
2024-11-27T21:00+00:00,4115,2.2,1000.3,100.0,0.0,0.0,3.1,0
2024-11-27T22:00+00:00,4115,1.2,999.8,100.0,0.0,0.0,2.2,0
2024-11-27T23:00+00:00,4115,0.5,999.1,100.0,0.0,0.0,1.1,0
2024-11-28T00:00+00:00,4115,0.9,998.4,100.0,0.0,0.0,1.0,0
2024-11-28T01:00+00:00,4115,0.7,998.0,100.0,0.0,0.0,1.4,0
2024-11-28T02:00+00:00,4115,1.1,997.1,100.0,0.0,0.0,1.5,0
2024-11-28T03:00+00:00,4115,0.4,997.9,100.0,0.0,0.0,2.9,0
2024-11-28T04:00+00:00,4115,0.8,996.8,100.0,0.5,0.0,3.2,0
2024-11-28T05:00+00:00,4115,0.9,996.6,100.0,0.2,0.0,3.8,0
2024-11-28T06:00+00:00,4115,1.3,996.6,100.0,0.2,0.0,4.3,0
2024-11-28T07:00+00:00,4115,0.7,996.6,99.0,0.0,0.0,4.6,1
2024-11-28T08:00+00:00,4115,0.3,996.4,99.0,0.0,0.0,4.7,5
2024-11-28T09:00+00:00,4115,0.1,996.7,99.0,0.1,0.0,5.4,13
2024-11-28T10:00+00:00,4115,0.3,996.9,98.0,0.1,0.0,5.7,34
2024-11-28T11:00+00:00,4115,3.0,997.1,87.0,0.5,0.0,7.5,42
2024-11-28T12:00+00:00,4115,4.1,996.5,73.0,0.1,0.0,8.0,36
2024-11-28T13:00+00:00,4115,4.2,997.0,74.0,0.0,0.0,7.7,61
2024-11-28T14:00+00:00,4115,6.3,997.7,76.0,0.0,0.0,7.1,55
2024-11-28T15:00+00:00,4115,5.7,998.4,77.0,0.0,0.0,6.2,19
2024-11-28T16:00+00:00,4115,5.5,998.6,73.0,0.0,0.0,6.4,0
2024-11-28T17:00+00:00,4115,5.8,998.9,77.0,0.0,0.0,5.8,0
2024-11-28T18:00+00:00,4115,5.9,999.0,76.0,0.0,0.0,5.9,0
2024-11-28T19:00+00:00,4115,5.5,999.9,74.0,0.0,0.0,6.2,0
2024-11-28T20:00+00:00,4115,4.8,999.9,73.0,0.0,0.0,6.3,0
2024-11-28T21:00+00:00,4115,5.3,999.6,75.0,0.0,0.0,6.0,0
2024-11-28T22:00+00:00,4115,4.7,1000.2,74.0,0.0,0.0,6.2,0
2024-11-28T23:00+00:00,4115,5.1,1000.5,75.0,0.0,0.0,5.9,0
2024-11-29T00:00+00:00,4115,4.3,1000.5,72.0,0.0,0.0,6.4,0
2024-11-29T01:00+00:00,4115,4.6,1001.1,77.0,0.0,0.0,6.1,0
2024-11-29T02:00+00:00,4115,4.6,1001.4,75.0,0.0,0.0,6.3,0
2024-11-29T03:00+00:00,4115,4.7,1001.6,77.0,0.0,0.0,6.1,0
2024-11-29T04:00+00:00,4115,4.5,1002.2,76.0,0.0,0.0,6.2,0
2024-11-29T05:00+00:00,4115,4.1,1002.3,76.0,0.0,0.0,6.1,0
2024-11-29T06:00+00:00,4115,4.8,1002.9,76.0,0.0,0.0,6.2,0
2024-11-29T07:00+00:00,4115,4.2,1003.5,81.0,0.3,0.0,5.9,0
2024-11-29T08:00+00:00,4115,4.2,1004.2,78.0,0.0,0.0,6.1,19
2024-11-29T09:00+00:00,4115,4.2,1004.8,80.0,0.1,0.0,6.1,30
2024-11-29T10:00+00:00,4115,3.4,1005.3,80.0,0.0,0.0,6.4,58
2024-11-29T11:00+00:00,4115,4.4,1005.3,78.0,0.1,0.0,6.6,102
2024-11-29T12:00+00:00,4115,5.4,1005.3,75.0,0.0,0.0,6.5,73
2024-11-29T13:00+00:00,4115,4.9,1005.5,76.0,0.0,0.0,6.5,73
2024-11-29T14:00+00:00,4115,4.5,1006.0,78.0,0.0,0.0,6.0,23
2024-11-29T15:00+00:00,4115,4.8,1006.5,78.0,0.0,0.0,5.8,9
2024-11-29T16:00+00:00,4115,4.8,1007.1,78.0,0.0,0.0,5.6,0
2024-11-29T17:00+00:00,4115,4.8,1007.8,77.0,0.0,0.0,5.5,0
2024-11-29T18:00+00:00,4115,5.5,1008.2,77.0,0.0,0.0,5.3,0
2024-11-29T19:00+00:00,4115,6.1,1008.7,78.0,0.0,0.0,5.0,0
2024-11-29T20:00+00:00,4115,4.5,1009.7,79.0,0.0,0.0,4.7,0
2024-11-29T21:00+00:00,4115,4.2,1009.8,79.0,0.0,0.0,4.3,0
2024-11-29T22:00+00:00,4115,4.5,1010.3,79.0,0.0,0.0,4.0,0
2024-11-29T23:00+00:00,4115,4.4,1010.3,80.0,0.0,0.0,3.7,0
2024-11-30T00:00+00:00,4115,4.0,1010.4,80.0,0.0,0.0,3.9,0
2024-11-30T01:00+00:00,4115,3.8,1010.8,81.0,0.0,0.0,3.8,0
2024-11-30T02:00+00:00,4115,4.0,1011.0,82.0,0.0,0.0,3.4,0
2024-11-30T03:00+00:00,4115,3.9,1010.7,83.0,0.0,0.0,3.0,0
2024-11-30T04:00+00:00,4115,3.9,1011.0,84.0,0.0,0.0,3.0,0
2024-11-30T05:00+00:00,4115,3.5,1011.1,84.0,0.0,0.0,3.1,0
2024-11-30T06:00+00:00,4115,3.2,1011.3,82.0,0.0,0.0,3.5,0
2024-11-30T07:00+00:00,4115,2.8,1011.6,84.0,0.0,0.0,3.4,4
2024-11-30T08:00+00:00,4115,3.0,1011.9,83.0,0.0,0.0,3.6,18
2024-11-30T09:00+00:00,4115,3.2,1012.0,82.0,0.0,0.0,4.1,49
2024-11-30T10:00+00:00,4115,3.4,1011.8,81.0,0.0,0.0,4.6,89
2024-11-30T11:00+00:00,4115,4.0,1011.1,79.0,0.0,0.0,4.9,161
2024-11-30T12:00+00:00,4115,3.0,1011.0,77.0,0.0,0.0,5.3,144
2024-11-30T13:00+00:00,4115,2.3,1010.9,80.0,0.0,0.0,5.2,72
2024-11-30T14:00+00:00,4115,2.5,1010.9,77.0,0.0,0.0,4.9,35
2024-11-30T15:00+00:00,4115,1.1,1010.9,79.0,0.0,0.0,4.7,10
2024-11-30T16:00+00:00,4115,1.2,1010.8,79.0,0.0,0.0,4.5,0
2024-11-30T17:00+00:00,4115,1.3,1010.2,83.0,0.0,0.0,2.9,0
2024-11-30T18:00+00:00,4115,1.2,1010.3,84.0,0.0,0.0,2.5,0
2024-11-30T19:00+00:00,4115,0.4,1010.4,90.0,0.0,0.0,1.1,0
2024-11-30T20:00+00:00,4115,0.4,1010.3,94.0,0.0,0.0,0.3,0
2024-11-30T21:00+00:00,4115,0.4,1010.3,96.0,0.0,0.0,-0.9,0
2024-11-30T22:00+00:00,4115,0.3,1009.8,97.0,0.0,0.0,-1.4,0
2024-11-30T23:00+00:00,4115,0.1,1009.6,97.0,0.0,0.0,-1.9,0
2024-12-01T00:00+00:00,4115,0.5,1009.3,96.0,0.0,0.0,-1.9,0
2024-12-01T01:00+00:00,4115,1.5,1008.8,97.0,0.0,0.0,-1.9,0
2024-12-01T02:00+00:00,4115,1.4,1008.6,98.0,0.0,0.0,-1.5,0
2024-12-01T03:00+00:00,4115,1.6,1008.5,100.0,0.0,0.0,-1.6,0
2024-12-01T04:00+00:00,4115,1.9,1007.8,100.0,0.0,0.0,-2.4,0
2024-12-01T05:00+00:00,4115,1.8,1007.4,100.0,0.0,0.0,-2.4,0
2024-12-01T06:00+00:00,4115,1.4,1007.1,100.0,0.0,0.0,-2.9,0
2024-12-01T07:00+00:00,4115,1.0,1007.6,99.0,0.0,0.0,-3.2,7
2024-12-01T08:00+00:00,4115,1.2,1007.5,100.0,0.0,0.0,-2.5,60
2024-12-01T09:00+00:00,4115,1.2,1007.4,100.0,0.0,0.4,-1.3,147
2024-12-01T10:00+00:00,4115,0.9,1006.8,100.0,0.0,1.0,0.7,258
2024-12-01T11:00+00:00,4115,1.4,1005.9,100.0,0.0,1.0,2.6,287
2024-12-01T12:00+00:00,4115,1.6,1005.2,79.0,0.0,1.0,5.0,277
2024-12-01T13:00+00:00,4115,2.7,1004.5,70.0,0.0,1.0,7.6,218
2024-12-01T14:00+00:00,4115,2.9,1004.2,71.0,0.0,1.0,7.3,130
2024-12-01T15:00+00:00,4115,1.6,1004.3,80.0,0.0,0.6,5.2,32
2024-12-01T16:00+00:00,4115,1.4,1004.2,87.0,0.0,0.0,3.6,0
2024-12-01T17:00+00:00,4115,2.0,1004.0,90.0,0.0,0.0,2.7,0
2024-12-01T18:00+00:00,4115,2.1,1003.6,93.0,0.0,0.0,1.3,0
2024-12-01T19:00+00:00,4115,2.6,1003.5,95.0,0.0,0.0,1.0,0
2024-12-01T20:00+00:00,4115,2.0,1003.5,95.0,0.0,0.0,0.7,0
2024-12-01T21:00+00:00,4115,1.2,1003.6,96.0,0.0,0.0,0.5,0
2024-12-01T22:00+00:00,4115,0.8,1003.5,97.0,0.0,0.0,0.3,0
2024-12-01T23:00+00:00,4115,0.3,1003.3,99.0,0.0,0.0,-0.5,0
2024-12-02T00:00+00:00,4115,0.3,1002.7,99.0,0.0,0.0,-0.8,0
2024-12-02T01:00+00:00,4115,0.4,1002.6,98.0,0.0,0.0,-1.6,0
2024-12-02T02:00+00:00,4115,0.7,1002.4,100.0,0.0,0.0,-2.3,0
2024-12-02T03:00+00:00,4115,0.3,1002.0,99.0,0.0,0.0,-1.4,0
2024-12-02T04:00+00:00,4115,0.4,1001.8,100.0,0.0,0.0,-0.1,0
2024-12-02T05:00+00:00,4115,0.7,1001.6,100.0,0.0,0.0,0.2,0
2024-12-02T06:00+00:00,4115,0.5,1001.8,100.0,0.0,0.0,0.7,0
2024-12-02T07:00+00:00,4115,0.8,1001.9,100.0,0.0,0.0,0.7,2
2024-12-02T08:00+00:00,4115,0.9,1001.9,100.0,0.0,0.0,0.9,20
2024-12-02T09:00+00:00,4115,1.0,1001.9,100.0,0.0,0.0,1.1,53
2024-12-02T10:00+00:00,4115,1.1,1001.6,98.0,0.0,0.0,1.6,72
2024-12-02T11:00+00:00,4115,1.2,1001.0,98.0,0.0,0.0,2.1,96
2024-12-02T12:00+00:00,4115,1.1,1000.4,95.0,0.0,0.0,2.8,125
2024-12-02T13:00+00:00,4115,1.7,999.9,93.0,0.0,0.1,3.2,128
2024-12-02T14:00+00:00,4115,0.7,999.6,89.0,0.0,1.0,3.3,131
2024-12-02T15:00+00:00,4115,0.3,999.3,94.0,0.0,0.5,0.6,32
2024-12-02T16:00+00:00,4115,0.1,999.1,97.0,0.0,0.0,-0.5,0
2024-12-02T17:00+00:00,4115,0.3,998.8,97.0,0.0,0.0,-1.1,0
2024-12-02T18:00+00:00,4115,0.5,998.2,99.0,0.0,0.0,-1.2,0
2024-12-02T19:00+00:00,4115,0.5,998.1,98.0,0.0,0.0,-1.6,0
2024-12-02T20:00+00:00,4115,0.7,997.7,97.0,0.0,0.0,-2.8,0
2024-12-02T21:00+00:00,4115,0.3,997.4,98.0,0.0,0.0,-2.4,0
2024-12-02T22:00+00:00,4115,0.9,996.9,98.0,0.0,0.0,-1.4,0
2024-12-02T23:00+00:00,4115,0.9,996.5,97.0,0.0,0.0,-1.5,0
2024-12-03T00:00+00:00,4115,1.4,996.0,97.0,0.0,0.0,-1.4,0
2024-12-03T01:00+00:00,4115,1.4,995.8,97.0,0.0,0.0,-1.4,0
2024-12-03T02:00+00:00,4115,1.3,995.5,97.0,0.0,0.0,-1.1,0
2024-12-03T03:00+00:00,4115,1.0,995.4,97.0,0.0,0.0,-1.2,0
2024-12-03T04:00+00:00,4115,0.8,996.3,98.0,0.0,0.0,-0.8,0
2024-12-03T05:00+00:00,4115,1.3,996.2,96.0,0.0,0.0,-0.7,0
2024-12-03T06:00+00:00,4115,0.4,996.4,97.0,0.0,0.0,-0.5,0
2024-12-03T07:00+00:00,4115,0.4,996.7,97.0,0.0,0.0,0.2,7
2024-12-03T08:00+00:00,4115,0.2,997.1,98.0,0.0,0.0,0.5,49
2024-12-03T09:00+00:00,4115,0.6,997.6,96.0,0.0,0.0,1.5,35
2024-12-03T10:00+00:00,4115,0.9,997.4,97.0,0.2,0.0,2.1,59
2024-12-03T11:00+00:00,4115,0.8,997.1,94.0,0.0,0.0,2.6,90
2024-12-03T12:00+00:00,4115,1.0,996.7,92.0,0.0,0.0,3.4,88
2024-12-03T13:00+00:00,4115,0.4,996.8,88.0,0.0,0.0,3.6,76
2024-12-03T14:00+00:00,4115,0.5,997.0,89.0,0.0,0.0,3.8,34
2024-12-03T15:00+00:00,4115,0.8,997.1,92.0,0.0,0.0,3.2,9
2024-12-03T16:00+00:00,4115,0.6,997.4,94.0,0.0,0.0,3.1,0
2024-12-03T17:00+00:00,4115,1.1,997.7,95.0,0.0,0.0,3.2,0
2024-12-03T18:00+00:00,4115,1.1,997.8,96.0,0.0,0.0,3.2,0
2024-12-03T19:00+00:00,4115,1.0,997.8,96.0,0.0,0.0,3.2,0
2024-12-03T20:00+00:00,4115,0.9,998.2,96.0,0.0,0.0,3.1,0
2024-12-03T21:00+00:00,4115,0.4,998.5,98.0,0.0,0.0,2.1,0
2024-12-03T22:00+00:00,4115,1.7,998.4,95.0,0.0,0.0,3.1,0
2024-12-03T23:00+00:00,4115,2.0,998.4,90.0,0.0,0.0,4.1,0
2024-12-04T00:00+00:00,4115,2.7,998.4,91.0,0.0,0.0,3.8,0
2024-12-04T01:00+00:00,4115,2.8,998.2,89.0,0.0,0.0,4.1,0
2024-12-04T02:00+00:00,4115,2.5,998.8,89.0,0.0,0.0,4.1,0
2024-12-04T03:00+00:00,4115,1.8,998.8,89.0,0.0,0.0,3.6,0
2024-12-04T04:00+00:00,4115,1.1,998.8,91.0,0.0,0.0,3.4,0
2024-12-04T05:00+00:00,4115,0.8,998.8,93.0,0.0,0.0,2.5,0
2024-12-04T06:00+00:00,4115,1.9,999.3,93.0,0.0,0.0,3.1,0
2024-12-04T07:00+00:00,4115,1.4,999.6,87.0,0.0,0.0,3.6,4
2024-12-04T08:00+00:00,4115,3.3,1000.4,82.0,0.0,0.1,4.3,75
2024-12-04T09:00+00:00,4115,3.3,1001.0,81.0,0.0,0.0,4.4,119
2024-12-04T10:00+00:00,4115,3.5,1001.3,77.0,0.0,0.5,5.2,192
2024-12-04T11:00+00:00,4115,3.0,1001.2,77.0,0.0,0.5,5.6,223
2024-12-04T12:00+00:00,4115,2.7,1001.3,73.0,0.0,0.0,5.8,153
2024-12-04T13:00+00:00,4115,2.5,1001.6,68.0,0.0,0.2,6.1,146
2024-12-04T14:00+00:00,4115,2.3,1002.1,66.0,0.0,0.0,5.4,80
2024-12-04T15:00+00:00,4115,2.2,1002.5,69.0,0.0,0.0,4.6,21
2024-12-04T16:00+00:00,4115,1.6,1003.1,69.0,0.0,0.0,4.0,0
2024-12-04T17:00+00:00,4115,1.4,1003.4,73.0,0.0,0.0,3.3,0
2024-12-04T18:00+00:00,4115,1.5,1003.8,73.0,0.0,0.0,2.8,0
2024-12-04T19:00+00:00,4115,2.2,1004.2,71.0,0.0,0.0,2.7,0
2024-12-04T20:00+00:00,4115,1.8,1004.7,67.0,0.0,0.0,2.5,0
2024-12-04T21:00+00:00,4115,1.7,1005.1,70.0,0.0,0.0,1.7,0
2024-12-04T22:00+00:00,4115,1.7,1005.2,75.0,0.0,0.0,1.2,0
2024-12-04T23:00+00:00,4115,1.9,1005.3,83.0,0.0,0.0,1.1,0
2024-12-05T00:00+00:00,4115,2.1,1005.3,80.0,0.0,0.0,1.4,0
2024-12-05T01:00+00:00,4115,2.2,1005.6,81.0,0.0,0.0,0.9,0
2024-12-05T02:00+00:00,4115,2.4,1005.4,81.0,0.0,0.0,1.0,0
2024-12-05T03:00+00:00,4115,2.4,1005.3,81.0,0.0,0.0,1.1,0
2024-12-05T04:00+00:00,4115,2.4,1005.3,78.0,0.0,0.0,1.1,0
2024-12-05T05:00+00:00,4115,2.4,1005.6,80.0,0.0,0.0,1.4,0
2024-12-05T06:00+00:00,4115,2.0,1005.7,82.0,0.0,0.0,0.8,0
2024-12-05T07:00+00:00,4115,1.5,1005.9,81.0,0.0,0.1,0.8,11
2024-12-05T08:00+00:00,4115,0.4,1005.9,81.0,0.0,1.0,1.5,108
2024-12-05T09:00+00:00,4115,2.1,1005.6,75.0,0.0,1.0,3.3,205
2024-12-05T10:00+00:00,4115,2.6,1005.1,67.0,0.0,1.0,4.7,259
2024-12-05T11:00+00:00,4115,2.6,1004.5,62.0,0.0,1.0,5.2,292
2024-12-05T12:00+00:00,4115,2.6,1004.2,61.0,0.0,1.0,5.5,285
2024-12-05T13:00+00:00,4115,2.4,1004.0,62.0,0.0,1.0,5.8,219
2024-12-05T14:00+00:00,4115,1.9,1003.5,61.0,0.0,1.0,5.4,134
2024-12-05T15:00+00:00,4115,0.9,1003.3,69.0,0.0,0.7,3.4,35
2024-12-05T16:00+00:00,4115,0.9,1002.6,83.0,0.0,0.0,-0.9,0
2024-12-05T17:00+00:00,4115,1.0,1002.3,85.0,0.0,0.0,-0.7,0
2024-12-05T18:00+00:00,4115,0.2,1002.2,86.0,0.0,0.0,-0.9,0
2024-12-05T19:00+00:00,4115,0.6,1001.4,85.0,0.0,0.0,-0.6,0
2024-12-05T20:00+00:00,4115,1.0,1000.5,89.0,0.0,0.0,-1.4,0
2024-12-05T21:00+00:00,4115,1.7,999.8,91.0,0.0,0.0,-2.0,0
2024-12-05T22:00+00:00,4115,1.6,998.8,91.0,0.0,0.0,-1.8,0
2024-12-05T23:00+00:00,4115,1.4,998.1,91.0,0.0,0.0,-1.8,0
2024-12-06T00:00+00:00,4115,1.3,996.9,90.0,0.0,0.0,-2.1,0
2024-12-06T01:00+00:00,4115,1.3,995.9,90.0,0.0,0.0,-2.5,0
2024-12-06T02:00+00:00,4115,0.9,994.5,90.0,0.0,0.0,-2.5,0
2024-12-06T03:00+00:00,4115,1.2,992.6,89.0,0.0,0.0,-2.3,0
2024-12-06T04:00+00:00,4115,1.3,991.2,85.0,0.0,0.0,-0.9,0
2024-12-06T05:00+00:00,4115,1.5,989.6,75.0,0.0,0.0,0.8,0
2024-12-06T06:00+00:00,4115,2.6,988.4,71.0,0.0,0.0,1.7,0
2024-12-06T07:00+00:00,4115,3.2,988.4,73.0,0.0,0.0,1.7,0
2024-12-06T08:00+00:00,4115,3.1,987.1,85.0,0.6,0.0,1.2,3
2024-12-06T09:00+00:00,4115,3.2,986.4,92.0,1.0,0.0,0.9,11
2024-12-06T10:00+00:00,4115,2.5,988.1,92.0,0.5,0.0,1.0,31
2024-12-06T11:00+00:00,4115,1.7,987.7,95.0,0.5,0.0,1.1,42
2024-12-06T12:00+00:00,4115,1.2,987.6,94.0,0.1,0.0,1.8,84
2024-12-06T13:00+00:00,4115,0.7,987.7,95.0,0.0,0.0,1.8,58
2024-12-06T14:00+00:00,4115,2.4,988.0,96.0,0.0,0.0,1.5,39
2024-12-06T15:00+00:00,4115,2.6,988.7,97.0,0.0,0.2,1.2,20
2024-12-06T16:00+00:00,4115,2.8,989.2,98.0,0.0,0.0,0.6,0
2024-12-06T17:00+00:00,4115,2.8,990.1,98.0,0.0,0.0,1.0,0
2024-12-06T18:00+00:00,4115,2.1,990.5,96.0,0.0,0.0,1.8,0
2024-12-06T19:00+00:00,4115,3.2,990.9,84.0,0.1,0.0,5.8,0
2024-12-06T20:00+00:00,4115,4.4,990.8,83.0,0.3,0.0,5.4,0
2024-12-06T21:00+00:00,4115,4.6,990.9,85.0,0.1,0.0,4.7,0
2024-12-06T22:00+00:00,4115,5.0,991.1,83.0,0.1,0.0,4.8,0
2024-12-06T23:00+00:00,4115,5.1,991.1,80.0,0.0,0.0,5.1,0
2024-12-07T00:00+00:00,4115,6.0,991.6,87.0,0.1,0.0,4.4,0
2024-12-07T01:00+00:00,4115,4.3,992.1,91.0,0.6,0.0,4.2,0
2024-12-07T02:00+00:00,4115,4.0,992.2,90.0,0.1,0.0,4.6,0
2024-12-07T03:00+00:00,4115,3.4,992.2,88.0,0.2,0.0,4.9,0
2024-12-07T04:00+00:00,4115,3.9,992.5,86.0,0.2,0.0,5.1,0
2024-12-07T05:00+00:00,4115,4.0,992.7,85.0,0.0,0.0,5.1,0
2024-12-07T06:00+00:00,4115,3.9,992.6,87.0,0.1,0.0,4.9,0
2024-12-07T07:00+00:00,4115,3.1,992.3,84.0,0.1,0.0,5.1,2
2024-12-07T08:00+00:00,4115,2.8,992.1,80.0,0.0,0.0,5.6,37
2024-12-07T09:00+00:00,4115,1.8,991.5,72.0,0.0,0.2,6.9,124
2024-12-07T10:00+00:00,4115,2.8,990.7,63.0,0.0,0.5,7.8,196
2024-12-07T11:00+00:00,4115,1.6,989.5,59.0,0.0,0.9,8.7,301
2024-12-07T12:00+00:00,4115,2.2,988.6,57.0,0.0,1.0,9.4,284
2024-12-07T13:00+00:00,4115,2.4,986.9,54.0,0.0,1.0,9.4,230
2024-12-07T14:00+00:00,4115,3.0,986.0,75.0,0.0,0.9,7.3,124
2024-12-07T15:00+00:00,4115,2.5,985.6,83.0,0.0,0.0,5.8,17
2024-12-07T16:00+00:00,4115,3.2,985.7,93.0,0.0,0.0,3.8,0
2024-12-07T17:00+00:00,4115,3.1,985.2,95.0,0.0,0.0,2.8,0
2024-12-07T18:00+00:00,4115,3.1,985.1,98.0,0.0,0.0,3.4,0
2024-12-07T19:00+00:00,4115,3.1,984.9,96.0,0.0,0.0,3.6,0
2024-12-07T20:00+00:00,4115,2.5,984.8,90.0,0.0,0.0,3.6,0
2024-12-07T21:00+00:00,4115,2.9,984.9,91.0,0.0,0.0,3.9,0
2024-12-07T22:00+00:00,4115,3.2,984.7,91.0,0.0,0.0,3.9,0
2024-12-07T23:00+00:00,4115,2.5,984.6,91.0,0.0,0.0,3.8,0
2024-12-08T00:00+00:00,4115,2.0,984.4,91.0,0.0,0.0,3.6,0
2024-12-08T01:00+00:00,4115,2.3,984.5,91.0,0.0,0.0,3.6,0
2024-12-08T02:00+00:00,4115,2.7,984.4,91.0,0.0,0.0,3.7,0
2024-12-08T03:00+00:00,4115,2.4,984.6,91.0,0.0,0.0,3.8,0
2024-12-08T04:00+00:00,4115,2.3,984.6,93.0,0.0,0.0,3.6,0
2024-12-08T05:00+00:00,4115,3.0,985.1,93.0,0.0,0.0,3.5,0
2024-12-08T06:00+00:00,4115,2.7,985.3,92.0,0.0,0.0,3.5,0
2024-12-08T07:00+00:00,4115,2.9,985.6,92.0,0.0,0.0,3.3,0
2024-12-08T08:00+00:00,4115,2.8,986.2,92.0,0.0,0.0,3.3,4
2024-12-08T09:00+00:00,4115,2.7,987.0,91.0,0.0,0.0,3.3,16
2024-12-08T10:00+00:00,4115,2.6,986.9,91.0,0.0,0.0,3.3,26
2024-12-08T11:00+00:00,4115,3.4,987.1,88.0,0.0,0.0,3.5,35
2024-12-08T12:00+00:00,4115,2.8,987.3,89.0,0.0,0.0,3.7,34
2024-12-08T13:00+00:00,4115,2.5,987.5,87.0,0.0,0.0,3.9,27
2024-12-08T14:00+00:00,4115,2.0,987.7,87.0,0.0,0.0,4.1,32
2024-12-08T15:00+00:00,4115,1.7,988.0,88.0,0.0,0.0,3.9,8
2024-12-08T16:00+00:00,4115,1.3,988.0,88.0,0.0,0.0,2.8,0
2024-12-08T17:00+00:00,4115,2.1,988.0,89.0,0.0,0.0,2.5,0
2024-12-08T18:00+00:00,4115,2.5,988.5,89.0,0.0,0.0,1.8,0
2024-12-08T19:00+00:00,4115,2.6,988.9,90.0,0.0,0.0,1.7,0
2024-12-08T20:00+00:00,4115,2.4,989.1,88.0,0.0,0.0,1.5,0
2024-12-08T21:00+00:00,4115,1.7,989.5,90.0,0.0,0.0,1.3,0
2024-12-08T22:00+00:00,4115,2.2,989.6,89.0,0.0,0.0,1.3,0
2024-12-08T23:00+00:00,4115,3.5,989.8,87.0,0.0,0.0,1.7,0
2024-12-09T00:00+00:00,4115,4.8,990.0,86.0,0.0,0.0,1.6,0
2024-12-09T01:00+00:00,4115,3.9,990.1,86.0,0.0,0.0,1.6,0
2024-12-09T02:00+00:00,4115,3.7,990.4,84.0,0.0,0.0,1.6,0
2024-12-09T03:00+00:00,4115,2.5,990.8,86.0,0.0,0.0,1.4,0
2024-12-09T04:00+00:00,4115,2.0,991.0,86.0,0.0,0.0,1.1,0
2024-12-09T05:00+00:00,4115,1.9,991.4,84.0,0.0,0.0,1.5,0
2024-12-09T06:00+00:00,4115,2.4,991.6,84.0,0.0,0.0,1.8,0
2024-12-09T07:00+00:00,4115,2.8,992.2,88.0,0.0,0.0,1.8,1
2024-12-09T08:00+00:00,4115,3.1,992.4,91.0,0.0,0.0,1.8,11
2024-12-09T09:00+00:00,4115,3.4,993.0,86.0,0.0,0.0,2.5,24
2024-12-09T10:00+00:00,4115,3.0,993.0,87.0,0.0,0.0,2.9,36
2024-12-09T11:00+00:00,4115,2.9,993.1,84.0,0.0,0.0,3.3,26
2024-12-09T12:00+00:00,4115,2.4,993.3,85.0,0.0,0.0,3.4,29
2024-12-09T13:00+00:00,4115,2.7,993.5,84.0,0.0,0.0,3.6,14
2024-12-09T14:00+00:00,4115,3.0,993.8,85.0,0.0,0.0,3.8,9
2024-12-09T15:00+00:00,4115,2.9,994.4,85.0,0.0,0.0,3.8,2
2024-12-09T16:00+00:00,4115,2.4,994.9,90.0,0.1,0.0,3.5,0
2024-12-09T17:00+00:00,4115,2.2,995.2,94.0,0.7,0.0,3.3,0
2024-12-09T18:00+00:00,4115,2.2,995.6,94.0,0.5,0.0,3.4,0
2024-12-09T19:00+00:00,4115,2.4,996.2,94.0,0.5,0.0,3.3,0
2024-12-09T20:00+00:00,4115,2.4,996.6,94.0,0.1,0.0,3.3,0
2024-12-09T21:00+00:00,4115,2.2,997.1,94.0,0.0,0.0,3.2,0
2024-12-09T22:00+00:00,4115,2.2,997.7,93.0,0.0,0.0,3.1,0
2024-12-09T23:00+00:00,4115,2.2,997.7,91.0,0.0,0.0,3.1,0
2024-12-10T00:00+00:00,4115,2.1,998.2,91.0,0.0,0.0,2.9,0
2024-12-10T01:00+00:00,4115,2.4,998.5,92.0,0.0,0.0,2.9,0
2024-12-10T02:00+00:00,4115,1.3,998.8,92.0,0.0,0.0,2.9,0
2024-12-10T03:00+00:00,4115,1.9,999.1,92.0,0.0,0.0,3.0,0
2024-12-10T04:00+00:00,4115,1.9,999.1,91.0,0.0,0.0,2.7,0
2024-12-10T05:00+00:00,4115,2.2,999.7,92.0,0.0,0.0,2.4,0
2024-12-10T06:00+00:00,4115,2.8,999.9,92.0,0.0,0.0,2.0,0
2024-12-10T07:00+00:00,4115,2.5,1000.3,92.0,0.0,0.0,2.0,0
2024-12-10T08:00+00:00,4115,2.6,1001.0,93.0,0.0,0.0,2.0,11
2024-12-10T09:00+00:00,4115,2.5,1001.4,92.0,0.0,0.0,2.4,34
2024-12-10T10:00+00:00,4115,2.5,1001.5,89.0,0.0,0.0,3.0,58
2024-12-10T11:00+00:00,4115,2.5,1001.6,86.0,0.0,0.0,3.5,82
2024-12-10T12:00+00:00,4115,2.9,1001.6,84.0,0.0,0.0,4.0,108
2024-12-10T13:00+00:00,4115,3.0,1001.5,84.0,0.0,0.0,3.8,105
2024-12-10T14:00+00:00,4115,2.9,1001.9,84.0,0.0,0.0,3.4,40
2024-12-10T15:00+00:00,4115,3.1,1002.0,85.0,0.0,0.0,3.0,12
2024-12-10T16:00+00:00,4115,3.5,1002.3,87.0,0.0,0.0,2.8,0
2024-12-10T17:00+00:00,4115,3.2,1002.5,87.0,0.0,0.0,2.6,0
2024-12-10T18:00+00:00,4115,2.6,1002.9,86.0,0.0,0.0,2.6,0
2024-12-10T19:00+00:00,4115,3.0,1002.9,86.0,0.0,0.0,2.6,0
2024-12-10T20:00+00:00,4115,2.9,1003.0,90.0,0.0,0.0,2.2,0
2024-12-10T21:00+00:00,4115,2.9,1002.9,91.0,0.3,0.0,2.0,0
2024-12-10T22:00+00:00,4115,2.9,1003.3,87.0,0.1,0.0,2.1,0
2024-12-10T23:00+00:00,4115,3.6,1003.3,86.0,0.0,0.0,2.1,0
2024-12-11T00:00+00:00,4115,3.6,1003.1,82.0,0.0,0.0,1.9,0
2024-12-11T01:00+00:00,4115,3.4,1003.1,84.0,0.0,0.0,1.8,0
2024-12-11T02:00+00:00,4115,2.9,1002.9,84.0,0.0,0.0,1.9,0
2024-12-11T03:00+00:00,4115,2.5,1002.9,84.0,0.0,0.0,1.8,0
2024-12-11T04:00+00:00,4115,3.2,1002.6,86.0,0.0,0.0,1.7,0
2024-12-11T05:00+00:00,4115,3.6,1003.0,86.0,0.0,0.0,1.4,0
2024-12-11T06:00+00:00,4115,3.2,1003.4,85.0,0.0,0.0,1.4,0
2024-12-11T07:00+00:00,4115,3.7,1003.8,85.0,0.0,0.0,1.1,0
2024-12-11T08:00+00:00,4115,3.5,1004.6,86.0,0.0,0.0,1.2,4
2024-12-11T09:00+00:00,4115,3.3,1005.2,85.0,0.0,0.0,1.2,16
2024-12-11T10:00+00:00,4115,3.4,1005.2,80.0,0.0,0.0,1.6,35
2024-12-11T11:00+00:00,4115,2.8,1004.9,79.0,0.0,0.0,1.8,37
2024-12-11T12:00+00:00,4115,2.6,1004.9,79.0,0.0,0.0,1.9,27
2024-12-11T13:00+00:00,4115,2.8,1004.7,79.0,0.0,0.0,1.9,23
2024-12-11T14:00+00:00,4115,2.6,1005.2,77.0,0.0,0.0,1.9,27
2024-12-11T15:00+00:00,4115,2.7,1005.4,76.0,0.0,0.0,1.7,4
2024-12-11T16:00+00:00,4115,2.3,1005.6,79.0,0.0,0.0,1.5,0
2024-12-11T17:00+00:00,4115,2.7,1005.9,79.0,0.0,0.0,1.4,0
2024-12-11T18:00+00:00,4115,2.3,1005.9,76.0,0.0,0.0,1.4,0
2024-12-11T19:00+00:00,4115,3.0,1006.6,73.0,0.0,0.0,1.4,0
2024-12-11T20:00+00:00,4115,2.5,1006.8,74.0,0.0,0.0,1.3,0
2024-12-11T21:00+00:00,4115,2.3,1007.1,70.0,0.0,0.0,1.6,0
2024-12-11T22:00+00:00,4115,2.2,1007.4,71.0,0.0,0.0,1.5,0
2024-12-11T23:00+00:00,4115,2.3,1007.1,68.0,0.0,0.0,1.7,0
2024-12-12T00:00+00:00,4115,2.2,1007.3,72.0,0.0,0.0,1.5,0
2024-12-12T01:00+00:00,4115,1.9,1007.1,76.0,0.0,0.0,1.3,0
2024-12-12T02:00+00:00,4115,2.4,1007.1,74.0,0.0,0.0,1.7,0
2024-12-12T03:00+00:00,4115,2.9,1007.0,74.0,0.0,0.0,1.7,0
2024-12-12T04:00+00:00,4115,3.1,1007.1,74.0,0.0,0.0,1.8,0
2024-12-12T05:00+00:00,4115,2.6,1007.3,75.0,0.0,0.0,1.7,0
2024-12-12T06:00+00:00,4115,0.8,1007.7,78.0,0.0,0.0,1.4,0
2024-12-12T07:00+00:00,4115,0.5,1007.9,79.0,0.0,0.0,1.3,4
2024-12-12T08:00+00:00,4115,0.2,1008.2,78.0,0.0,0.0,1.9,60
2024-12-12T09:00+00:00,4115,0.4,1008.4,79.0,0.0,0.0,2.0,91
2024-12-12T10:00+00:00,4115,1.5,1008.4,78.0,0.0,0.3,3.0,139
2024-12-12T11:00+00:00,4115,2.5,1008.0,77.0,0.0,0.8,3.1,255
2024-12-12T12:00+00:00,4115,2.3,1007.8,79.0,0.0,0.1,3.6,162
2024-12-12T13:00+00:00,4115,2.7,1007.7,77.0,0.0,0.0,3.4,123
2024-12-12T14:00+00:00,4115,2.3,1007.6,77.0,0.0,0.0,3.4,72
2024-12-12T15:00+00:00,4115,2.6,1007.8,81.0,0.0,0.0,2.5,33
2024-12-12T16:00+00:00,4115,1.9,1007.8,83.0,0.0,0.0,2.2,0
2024-12-12T17:00+00:00,4115,2.0,1007.9,85.0,0.0,0.0,1.8,0
2024-12-12T18:00+00:00,4115,1.5,1008.5,85.0,0.0,0.0,1.7,0
2024-12-12T19:00+00:00,4115,1.6,1008.9,86.0,0.0,0.0,1.8,0
2024-12-12T20:00+00:00,4115,1.6,1008.8,85.0,0.0,0.0,1.5,0
2024-12-12T21:00+00:00,4115,1.3,1009.1,85.0,0.0,0.0,1.4,0
2024-12-12T22:00+00:00,4115,1.5,1009.3,83.0,0.0,0.0,1.3,0
2024-12-12T23:00+00:00,4115,1.7,1009.7,80.0,0.0,0.0,1.2,0
2024-12-13T00:00+00:00,4115,1.9,1009.7,78.0,0.0,0.0,1.0,0
2024-12-13T01:00+00:00,4115,1.3,1009.8,77.0,0.0,0.0,1.1,0
2024-12-13T02:00+00:00,4115,1.3,1010.1,78.0,0.0,0.0,1.1,0
2024-12-13T03:00+00:00,4115,2.2,1010.1,85.0,0.0,0.0,1.1,0
2024-12-13T04:00+00:00,4115,2.4,1010.1,82.0,0.0,0.0,0.8,0
2024-12-13T05:00+00:00,4115,1.7,1010.3,83.0,0.0,0.0,0.6,0
2024-12-13T06:00+00:00,4115,1.4,1010.8,82.0,0.0,0.0,0.6,0
2024-12-13T07:00+00:00,4115,1.5,1011.0,82.0,0.0,0.0,0.7,0
2024-12-13T08:00+00:00,4115,1.5,1011.3,81.0,0.0,0.0,0.7,7
2024-12-13T09:00+00:00,4115,1.1,1011.6,81.0,0.0,0.0,0.9,21
2024-12-13T10:00+00:00,4115,1.5,1011.4,78.0,0.0,0.0,1.3,46
2024-12-13T11:00+00:00,4115,2.2,1010.9,80.0,0.0,0.0,1.2,41
2024-12-13T12:00+00:00,4115,2.5,1010.3,80.0,0.0,0.0,1.2,34
2024-12-13T13:00+00:00,4115,2.9,1009.7,79.0,0.0,0.0,1.1,26
2024-12-13T14:00+00:00,4115,2.8,1009.3,86.0,0.0,0.0,0.8,14
2024-12-13T15:00+00:00,4115,2.8,1008.8,85.0,0.0,0.0,0.8,2
2024-12-13T16:00+00:00,4115,3.4,1008.5,84.0,0.0,0.0,1.0,0
2024-12-13T17:00+00:00,4115,3.5,1007.9,83.0,0.0,0.0,1.1,0
2024-12-13T18:00+00:00,4115,3.9,1007.4,80.0,0.0,0.0,1.2,0
2024-12-13T19:00+00:00,4115,4.1,1006.7,80.0,0.0,0.0,1.2,0
2024-12-13T20:00+00:00,4115,4.7,1005.9,80.0,0.0,0.0,1.2,0
2024-12-13T21:00+00:00,4115,4.4,1005.3,80.0,0.0,0.0,1.2,0
2024-12-13T22:00+00:00,4115,4.5,1004.6,81.0,0.0,0.0,1.1,0
2024-12-13T23:00+00:00,4115,4.3,1004.0,80.0,0.0,0.0,1.3,0
2024-12-14T00:00+00:00,4115,4.7,1003.0,79.0,0.0,0.0,1.3,0
2024-12-14T01:00+00:00,4115,5.0,1002.4,80.0,0.0,0.0,1.2,0
2024-12-14T02:00+00:00,4115,4.5,1001.8,80.0,0.0,0.0,1.1,0
2024-12-14T03:00+00:00,4115,4.7,1001.1,81.0,0.0,0.0,1.0,0
2024-12-14T04:00+00:00,4115,4.2,1000.5,82.0,0.0,0.0,0.9,0
2024-12-14T05:00+00:00,4115,4.0,999.8,83.0,0.0,0.0,0.9,0
2024-12-14T06:00+00:00,4115,3.3,999.5,83.0,0.0,0.0,1.0,0
2024-12-14T07:00+00:00,4115,2.8,999.1,84.0,0.0,0.0,1.1,0
2024-12-14T08:00+00:00,4115,2.9,998.8,84.0,0.0,0.0,1.2,12
2024-12-14T09:00+00:00,4115,2.9,998.7,84.0,0.0,0.0,1.7,59
2024-12-14T10:00+00:00,4115,2.8,998.2,81.0,0.0,0.0,1.8,75
2024-12-14T11:00+00:00,4115,2.1,997.3,77.0,0.0,0.0,2.6,90
2024-12-14T12:00+00:00,4115,1.9,996.6,74.0,0.0,0.1,3.3,122
2024-12-14T13:00+00:00,4115,3.4,996.0,69.0,0.0,0.8,4.6,200
2024-12-14T14:00+00:00,4115,1.8,995.9,75.0,0.0,0.0,3.2,73
2024-12-14T15:00+00:00,4115,1.9,996.3,76.0,0.0,0.0,2.7,11
2024-12-14T16:00+00:00,4115,1.9,995.7,78.0,0.0,0.0,2.3,0
2024-12-14T17:00+00:00,4115,1.8,995.5,75.0,0.0,0.0,3.1,0
2024-12-14T18:00+00:00,4115,3.0,995.3,69.0,0.0,0.0,4.0,0
2024-12-14T19:00+00:00,4115,5.8,995.4,73.0,0.0,0.0,3.8,0
2024-12-14T20:00+00:00,4115,4.0,995.6,72.0,0.0,0.0,4.0,0
2024-12-14T21:00+00:00,4115,2.5,995.5,71.0,0.0,0.0,4.4,0
2024-12-14T22:00+00:00,4115,3.6,995.6,70.0,0.0,0.0,4.9,0
2024-12-14T23:00+00:00,4115,4.2,996.0,70.0,0.0,0.0,4.9,0
2024-12-15T00:00+00:00,4115,4.7,996.0,70.0,0.0,0.0,5.1,0
2024-12-15T01:00+00:00,4115,3.1,996.6,74.0,0.0,0.0,4.6,0
2024-12-15T02:00+00:00,4115,3.3,997.3,69.0,0.0,0.0,4.1,0
2024-12-15T03:00+00:00,4115,3.3,997.1,67.0,0.0,0.0,4.3,0
2024-12-15T04:00+00:00,4115,3.7,997.0,64.0,0.0,0.0,4.7,0
2024-12-15T05:00+00:00,4115,5.1,997.7,70.0,0.0,0.0,3.8,0
2024-12-15T06:00+00:00,4115,4.7,998.5,70.0,0.0,0.0,4.0,0
2024-12-15T07:00+00:00,4115,3.9,999.6,75.0,0.0,0.0,3.7,0
2024-12-15T08:00+00:00,4115,3.6,1000.5,75.0,0.1,0.0,4.0,17
2024-12-15T09:00+00:00,4115,4.0,1001.4,76.0,0.0,0.0,4.5,85
2024-12-15T10:00+00:00,4115,3.7,1002.1,75.0,0.0,0.0,5.2,95
2024-12-15T11:00+00:00,4115,3.7,1002.1,72.0,0.0,0.0,5.8,120
2024-12-15T12:00+00:00,4115,4.5,1002.5,66.0,0.0,0.0,5.7,69
2024-12-15T13:00+00:00,4115,4.3,1002.9,67.0,0.0,0.0,5.6,80
2024-12-15T14:00+00:00,4115,3.6,1003.3,69.0,0.0,0.0,5.4,47
2024-12-15T15:00+00:00,4115,3.1,1004.0,63.0,0.0,0.0,5.6,4
2024-12-15T16:00+00:00,4115,4.4,1004.8,61.0,0.0,0.0,5.6,0
2024-12-15T17:00+00:00,4115,4.6,1004.9,60.0,0.0,0.0,5.0,0
2024-12-15T18:00+00:00,4115,4.5,1005.2,63.0,0.0,0.0,4.9,0
2024-12-15T19:00+00:00,4115,3.7,1005.2,67.0,0.0,0.0,5.0,0
2024-12-15T20:00+00:00,4115,4.0,1005.4,66.0,0.0,0.0,5.5,0
2024-12-15T21:00+00:00,4115,5.0,1005.2,67.0,0.0,0.0,5.7,0
2024-12-15T22:00+00:00,4115,6.2,1005.2,69.0,0.1,0.0,5.8,0
2024-12-15T23:00+00:00,4115,6.5,1004.7,69.0,0.0,0.0,6.0,0
2024-12-16T00:00+00:00,4115,7.3,1005.1,71.0,0.0,0.0,6.0,0
2024-12-16T01:00+00:00,4115,7.4,1005.3,73.0,0.0,0.0,5.9,0
2024-12-16T02:00+00:00,4115,7.7,1004.5,73.0,0.1,0.0,6.1,0
2024-12-16T03:00+00:00,4115,7.4,1004.7,72.0,0.0,0.0,6.4,0
2024-12-16T04:00+00:00,4115,7.3,1004.9,73.0,0.0,0.0,6.6,0
2024-12-16T05:00+00:00,4115,6.7,1004.7,73.0,0.0,0.0,6.8,0
2024-12-16T06:00+00:00,4115,6.0,1004.7,75.0,0.1,0.0,7.1,0
2024-12-16T07:00+00:00,4115,5.9,1004.9,75.0,0.0,0.0,7.3,1
2024-12-16T08:00+00:00,4115,6.4,1005.1,74.0,0.0,0.4,8.0,54
2024-12-16T09:00+00:00,4115,7.6,1006.5,73.0,0.0,0.2,8.7,93
2024-12-16T10:00+00:00,4115,8.2,1006.8,69.0,0.0,0.7,9.8,198
2024-12-16T11:00+00:00,4115,7.4,1006.3,66.0,0.0,0.5,10.4,208
2024-12-16T12:00+00:00,4115,6.9,1006.5,66.0,0.0,0.8,10.9,217
2024-12-16T13:00+00:00,4115,5.1,1006.9,66.0,0.0,0.0,10.8,103
2024-12-16T14:00+00:00,4115,5.9,1007.4,67.0,0.0,0.7,10.8,78
2024-12-16T15:00+00:00,4115,5.8,1007.6,73.0,0.0,0.2,10.1,26
2024-12-16T16:00+00:00,4115,4.8,1007.3,77.0,0.0,0.0,9.7,0
2024-12-16T17:00+00:00,4115,4.3,1006.7,76.0,0.0,0.0,9.9,0
2024-12-16T18:00+00:00,4115,3.9,1006.6,74.0,0.0,0.0,10.5,0
2024-12-16T19:00+00:00,4115,5.1,1006.6,74.0,0.0,0.0,10.8,0
2024-12-16T20:00+00:00,4115,4.6,1006.4,70.0,0.0,0.0,11.2,0
2024-12-16T21:00+00:00,4115,4.1,1006.3,72.0,0.0,0.0,10.7,0
2024-12-16T22:00+00:00,4115,2.9,1005.9,73.0,0.0,0.0,10.3,0
2024-12-16T23:00+00:00,4115,4.6,1005.6,69.0,0.0,0.0,11.0,0
2024-12-17T00:00+00:00,4115,5.2,1005.3,71.0,0.0,0.0,10.4,0
2024-12-17T01:00+00:00,4115,5.7,1004.7,71.0,0.0,0.0,10.6,0
2024-12-17T02:00+00:00,4115,5.4,1005.1,72.0,0.0,0.0,10.4,0
2024-12-17T03:00+00:00,4115,4.2,1004.8,74.0,0.0,0.0,9.8,0
2024-12-17T04:00+00:00,4115,4.7,1004.8,75.0,0.0,0.0,9.5,0
2024-12-17T05:00+00:00,4115,4.3,1004.8,76.0,0.0,0.0,9.1,0
2024-12-17T06:00+00:00,4115,3.8,1005.8,77.0,0.0,0.0,8.9,0
2024-12-17T07:00+00:00,4115,2.6,1006.4,78.0,0.0,0.0,8.7,0
2024-12-17T08:00+00:00,4115,2.9,1006.4,84.0,0.1,0.0,8.4,9
2024-12-17T09:00+00:00,4115,2.5,1006.5,83.0,0.0,0.0,8.6,35
2024-12-17T10:00+00:00,4115,3.7,1006.6,81.0,0.0,0.0,8.9,91
2024-12-17T11:00+00:00,4115,3.6,1005.9,79.0,0.0,0.0,9.1,109
2024-12-17T12:00+00:00,4115,5.0,1005.7,73.0,0.0,1.0,10.4,262
2024-12-17T13:00+00:00,4115,4.5,1005.8,77.0,0.0,0.2,9.2,112
2024-12-17T14:00+00:00,4115,3.3,1006.2,79.0,0.0,0.0,8.9,35
2024-12-17T15:00+00:00,4115,2.7,1006.5,78.0,0.0,0.0,8.7,5
2024-12-17T16:00+00:00,4115,3.0,1006.6,78.0,0.0,0.0,8.4,0
2024-12-17T17:00+00:00,4115,3.1,1006.9,78.0,0.0,0.0,8.3,0
2024-12-17T18:00+00:00,4115,3.0,1007.1,81.0,0.0,0.0,7.9,0
2024-12-17T19:00+00:00,4115,2.5,1006.7,81.0,0.0,0.0,7.7,0
2024-12-17T20:00+00:00,4115,2.4,1006.5,80.0,0.0,0.0,7.8,0
2024-12-17T21:00+00:00,4115,2.1,1005.9,81.0,0.0,0.0,7.6,0
2024-12-17T22:00+00:00,4115,1.9,1005.7,83.0,0.0,0.0,7.4,0
2024-12-17T23:00+00:00,4115,1.3,1005.4,84.0,0.0,0.0,6.9,0
2024-12-18T00:00+00:00,4115,1.2,1004.8,84.0,0.0,0.0,6.2,0
2024-12-18T01:00+00:00,4115,1.2,1004.6,87.0,0.0,0.0,5.4,0
2024-12-18T02:00+00:00,4115,0.4,1004.2,93.0,0.0,0.0,4.2,0
2024-12-18T03:00+00:00,4115,0.4,1003.5,94.0,0.0,0.0,3.0,0
2024-12-18T04:00+00:00,4115,0.5,1002.6,96.0,0.0,0.0,3.3,0
2024-12-18T05:00+00:00,4115,0.7,1002.3,98.0,0.0,0.0,2.8,0
2024-12-18T06:00+00:00,4115,2.1,1002.2,99.0,0.0,0.0,2.1,0
2024-12-18T07:00+00:00,4115,1.5,1002.3,99.0,0.0,0.0,1.6,1
2024-12-18T08:00+00:00,4115,1.3,1002.0,96.0,0.0,0.6,3.8,76
2024-12-18T09:00+00:00,4115,0.4,1001.6,92.0,0.0,0.8,5.8,169
2024-12-18T10:00+00:00,4115,0.7,1001.1,87.0,0.0,0.1,6.6,161
2024-12-18T11:00+00:00,4115,0.4,1000.5,85.0,0.0,0.0,7.4,133
2024-12-18T12:00+00:00,4115,0.6,999.8,83.0,0.0,0.2,7.7,179
2024-12-18T13:00+00:00,4115,1.0,999.5,84.0,0.0,0.2,7.6,114
2024-12-18T14:00+00:00,4115,0.9,999.1,84.0,0.0,0.0,7.2,60
2024-12-18T15:00+00:00,4115,0.4,999.0,90.0,0.0,0.0,6.1,26
2024-12-18T16:00+00:00,4115,0.8,999.0,93.0,0.0,0.0,4.8,1
2024-12-18T17:00+00:00,4115,1.6,998.8,94.0,0.0,0.0,4.3,0
2024-12-18T18:00+00:00,4115,1.8,998.6,96.0,0.0,0.0,4.0,0
2024-12-18T19:00+00:00,4115,1.8,998.1,94.0,0.0,0.0,4.4,0
2024-12-18T20:00+00:00,4115,1.5,997.7,95.0,0.0,0.0,5.2,0
2024-12-18T21:00+00:00,4115,0.4,996.9,93.0,0.1,0.0,5.8,0
2024-12-18T22:00+00:00,4115,1.2,996.3,94.0,0.0,0.0,5.4,0
2024-12-18T23:00+00:00,4115,1.7,995.8,97.0,0.0,0.0,4.7,0
2024-12-19T00:00+00:00,4115,2.1,995.5,98.0,0.0,0.0,3.9,0
2024-12-19T01:00+00:00,4115,1.5,994.9,99.0,0.0,0.0,2.6,0
2024-12-19T02:00+00:00,4115,1.5,994.3,99.0,0.0,0.0,2.9,0
2024-12-19T03:00+00:00,4115,0.7,993.3,99.0,0.0,0.0,2.3,0
2024-12-19T04:00+00:00,4115,0.8,992.7,100.0,0.0,0.0,2.3,0
2024-12-19T05:00+00:00,4115,0.9,991.6,100.0,0.0,0.0,2.3,0
2024-12-19T06:00+00:00,4115,0.6,991.2,100.0,0.0,0.0,2.0,0
2024-12-19T07:00+00:00,4115,1.4,990.7,100.0,0.0,0.0,2.9,0
2024-12-19T08:00+00:00,4115,2.1,989.5,100.0,0.0,0.0,2.9,11
2024-12-19T09:00+00:00,4115,3.0,988.2,100.0,0.0,0.0,3.0,33
2024-12-19T10:00+00:00,4115,3.1,986.9,99.0,0.0,0.0,3.1,49
2024-12-19T11:00+00:00,4115,3.0,985.3,95.0,0.0,0.0,3.2,55
2024-12-19T12:00+00:00,4115,2.6,983.8,93.0,0.0,0.0,4.1,52
2024-12-19T13:00+00:00,4115,1.8,982.7,91.0,0.0,0.0,5.0,65
2024-12-19T14:00+00:00,4115,0.9,982.3,92.0,0.0,0.0,5.1,45
2024-12-19T15:00+00:00,4115,1.0,982.2,91.0,0.0,0.0,4.8,7
2024-12-19T16:00+00:00,4115,2.7,981.6,92.0,0.0,0.0,3.9,0
2024-12-19T17:00+00:00,4115,1.0,981.1,93.0,0.0,0.0,3.7,0
2024-12-19T18:00+00:00,4115,0.4,980.2,94.0,0.0,0.0,3.8,0
2024-12-19T19:00+00:00,4115,0.4,980.3,95.0,0.0,0.0,3.5,0
2024-12-19T20:00+00:00,4115,1.0,980.4,93.0,0.5,0.0,4.5,0
2024-12-19T21:00+00:00,4115,0.1,980.3,97.0,0.3,0.0,4.3,0
2024-12-19T22:00+00:00,4115,0.3,980.8,98.0,1.5,0.0,4.2,0
2024-12-19T23:00+00:00,4115,0.0,981.2,99.0,1.0,0.0,4.2,0
2024-12-20T00:00+00:00,4115,4.9,982.4,90.0,2.6,0.0,6.1,0
2024-12-20T01:00+00:00,4115,5.5,983.1,89.0,0.9,0.0,6.6,0
2024-12-20T02:00+00:00,4115,4.6,984.0,87.0,0.0,0.0,6.1,0
2024-12-20T03:00+00:00,4115,4.9,985.1,84.0,0.0,0.0,6.3,0
2024-12-20T04:00+00:00,4115,4.7,985.8,83.0,0.0,0.0,6.2,0
2024-12-20T05:00+00:00,4115,4.5,987.4,81.0,0.0,0.0,5.7,0
2024-12-20T06:00+00:00,4115,3.6,988.6,73.0,0.0,0.0,5.5,0
2024-12-20T07:00+00:00,4115,3.9,989.8,74.0,0.0,0.0,5.0,3
2024-12-20T08:00+00:00,4115,4.3,990.8,70.0,0.0,0.0,5.2,38
2024-12-20T09:00+00:00,4115,4.4,991.6,63.0,0.0,0.0,5.9,65
2024-12-20T10:00+00:00,4115,4.5,991.6,62.0,0.0,0.1,6.7,159
2024-12-20T11:00+00:00,4115,5.2,991.9,60.0,0.0,0.0,6.8,135
2024-12-20T12:00+00:00,4115,5.4,992.3,62.0,0.0,0.0,6.8,136
2024-12-20T13:00+00:00,4115,4.8,992.9,58.0,0.0,0.0,6.8,112
2024-12-20T14:00+00:00,4115,5.0,993.8,57.0,0.0,0.0,6.5,57
2024-12-20T15:00+00:00,4115,4.1,994.6,58.0,0.0,0.0,6.3,12
2024-12-20T16:00+00:00,4115,3.6,995.5,62.0,0.0,0.0,5.7,0
2024-12-20T17:00+00:00,4115,3.7,996.0,66.0,0.0,0.0,4.9,0
2024-12-20T18:00+00:00,4115,3.7,996.6,71.0,0.0,0.0,4.4,0
2024-12-20T19:00+00:00,4115,3.3,997.1,71.0,0.0,0.0,4.3,0
2024-12-20T20:00+00:00,4115,3.8,997.7,69.0,0.0,0.0,4.3,0
2024-12-20T21:00+00:00,4115,3.9,998.2,69.0,0.0,0.0,3.9,0
2024-12-20T22:00+00:00,4115,3.4,998.6,69.0,0.0,0.0,3.7,0
2024-12-20T23:00+00:00,4115,3.9,998.9,71.0,0.0,0.0,3.1,0
2024-12-21T00:00+00:00,4115,2.6,999.1,73.0,0.0,0.0,3.1,0
2024-12-21T01:00+00:00,4115,2.4,999.3,77.0,0.0,0.0,2.7,0
2024-12-21T02:00+00:00,4115,2.3,999.2,75.0,0.0,0.0,2.8,0
2024-12-21T03:00+00:00,4115,3.1,999.3,76.0,0.0,0.0,3.1,0
2024-12-21T04:00+00:00,4115,3.6,999.3,79.0,0.0,0.0,3.0,0
2024-12-21T05:00+00:00,4115,3.9,999.9,76.0,0.0,0.0,2.6,0
2024-12-21T06:00+00:00,4115,2.9,1000.2,78.0,0.0,0.0,1.8,0
2024-12-21T07:00+00:00,4115,2.5,1000.4,75.0,0.0,0.0,2.3,3
2024-12-21T08:00+00:00,4115,3.1,1000.7,73.0,0.0,0.9,3.0,77
2024-12-21T09:00+00:00,4115,4.0,1000.5,68.0,0.0,1.0,3.8,184
2024-12-21T10:00+00:00,4115,4.2,1000.3,62.0,0.0,1.0,4.9,246
2024-12-21T11:00+00:00,4115,3.9,999.5,58.0,0.0,1.0,5.6,282
2024-12-21T12:00+00:00,4115,4.4,998.9,56.0,0.0,1.0,6.2,275
2024-12-21T13:00+00:00,4115,4.5,998.5,55.0,0.0,1.0,6.3,216
2024-12-21T14:00+00:00,4115,3.9,998.4,54.0,0.0,1.0,6.2,130
2024-12-21T15:00+00:00,4115,3.8,998.2,55.0,0.0,0.8,5.4,35
2024-12-21T16:00+00:00,4115,3.3,997.8,57.0,0.0,0.0,4.8,0
2024-12-21T17:00+00:00,4115,2.8,997.4,61.0,0.0,0.0,4.2,0
2024-12-21T18:00+00:00,4115,1.5,996.7,68.0,0.0,0.0,2.6,0
2024-12-21T19:00+00:00,4115,1.0,996.4,76.0,0.0,0.0,0.7,0
2024-12-21T20:00+00:00,4115,1.0,995.6,80.0,0.0,0.0,1.1,0
2024-12-21T21:00+00:00,4115,0.7,994.9,76.0,0.0,0.0,1.6,0
2024-12-21T22:00+00:00,4115,0.4,994.1,72.0,0.0,0.0,2.0,0
2024-12-21T23:00+00:00,4115,0.9,993.1,73.0,0.0,0.0,1.8,0
2024-12-22T00:00+00:00,4115,0.3,992.2,73.0,0.0,0.0,1.8,0
2024-12-22T01:00+00:00,4115,0.3,991.5,74.0,0.0,0.0,2.2,0
2024-12-22T02:00+00:00,4115,0.6,990.4,74.0,0.0,0.0,4.6,0
2024-12-22T03:00+00:00,4115,0.8,989.6,71.0,0.0,0.0,4.9,0
2024-12-22T04:00+00:00,4115,0.6,988.6,76.0,0.0,0.0,4.2,0
2024-12-22T05:00+00:00,4115,0.6,987.1,80.0,0.1,0.0,2.9,0
2024-12-22T06:00+00:00,4115,0.4,986.4,76.0,0.0,0.0,3.1,0
2024-12-22T07:00+00:00,4115,0.7,985.3,83.0,0.1,0.0,3.3,0
2024-12-22T08:00+00:00,4115,0.4,984.6,87.0,0.1,0.0,4.1,10
2024-12-22T09:00+00:00,4115,1.4,984.4,88.0,0.0,0.0,3.3,49
2024-12-22T10:00+00:00,4115,2.2,983.1,89.0,0.1,0.0,2.2,59
2024-12-22T11:00+00:00,4115,2.0,981.3,87.0,0.4,0.0,2.3,74
2024-12-22T12:00+00:00,4115,1.3,980.3,83.0,0.1,0.0,3.3,79
2024-12-22T13:00+00:00,4115,1.4,980.2,77.0,0.0,0.0,3.2,61
2024-12-22T14:00+00:00,4115,1.3,980.2,88.0,0.8,0.0,2.7,17
2024-12-22T15:00+00:00,4115,1.5,980.1,89.0,0.0,0.0,2.3,4
2024-12-22T16:00+00:00,4115,1.4,979.8,88.0,0.0,0.0,2.7,0
2024-12-22T17:00+00:00,4115,1.2,980.7,88.0,0.0,0.0,2.6,0
2024-12-22T18:00+00:00,4115,1.8,980.3,89.0,0.0,0.0,2.2,0
2024-12-22T19:00+00:00,4115,0.8,980.8,91.0,0.0,0.0,2.4,0
2024-12-22T20:00+00:00,4115,0.6,980.8,75.0,0.0,0.0,5.4,0
2024-12-22T21:00+00:00,4115,4.2,981.0,70.0,0.0,0.0,5.2,0
2024-12-22T22:00+00:00,4115,4.7,981.6,71.0,0.0,0.0,4.8,0
2024-12-22T23:00+00:00,4115,4.1,981.8,71.0,0.0,0.0,4.2,0
2024-12-23T00:00+00:00,4115,3.4,982.5,70.0,0.0,0.0,3.9,0
2024-12-23T01:00+00:00,4115,4.0,983.1,72.0,0.0,0.0,3.6,0
2024-12-23T02:00+00:00,4115,3.6,983.0,74.0,0.0,0.0,3.2,0
2024-12-23T03:00+00:00,4115,3.0,983.5,74.0,0.0,0.0,3.0,0
2024-12-23T04:00+00:00,4115,2.6,983.3,69.0,0.0,0.0,3.3,0
2024-12-23T05:00+00:00,4115,3.2,983.4,66.0,0.0,0.0,3.3,0
2024-12-23T06:00+00:00,4115,3.4,984.6,66.0,0.0,0.0,3.3,0
2024-12-23T07:00+00:00,4115,3.2,984.8,72.0,0.0,0.0,2.9,0
2024-12-23T08:00+00:00,4115,4.1,985.2,68.0,0.0,0.0,3.2,18
2024-12-23T09:00+00:00,4115,3.7,986.4,61.0,0.0,0.0,3.9,48
2024-12-23T10:00+00:00,4115,4.5,986.5,60.0,0.0,0.0,4.0,73
2024-12-23T11:00+00:00,4115,3.7,986.6,64.0,0.0,0.0,3.9,73
2024-12-23T12:00+00:00,4115,3.8,986.8,60.0,0.0,0.0,4.1,81
2024-12-23T13:00+00:00,4115,4.2,986.8,62.0,0.0,0.0,3.9,82
2024-12-23T14:00+00:00,4115,3.7,986.8,64.0,0.0,0.0,3.7,58
2024-12-23T15:00+00:00,4115,4.3,987.5,61.0,0.0,0.0,3.7,16
2024-12-23T16:00+00:00,4115,4.0,988.2,58.0,0.0,0.0,3.8,0
2024-12-23T17:00+00:00,4115,3.6,988.8,58.0,0.0,0.0,3.6,0
2024-12-23T18:00+00:00,4115,3.2,989.5,60.0,0.0,0.0,3.3,0
2024-12-23T19:00+00:00,4115,3.4,990.0,62.0,0.0,0.0,2.6,0
2024-12-23T20:00+00:00,4115,3.5,990.4,62.0,0.0,0.0,2.6,0
2024-12-23T21:00+00:00,4115,3.9,991.1,66.0,0.0,0.0,2.6,0
2024-12-23T22:00+00:00,4115,4.4,991.3,68.0,0.0,0.0,2.7,0
2024-12-23T23:00+00:00,4115,4.1,991.6,69.0,0.0,0.0,3.1,0
2024-12-24T00:00+00:00,4115,4.3,992.2,70.0,0.0,0.0,3.4,0
2024-12-24T01:00+00:00,4115,4.1,992.7,72.0,0.0,0.0,3.3,0
2024-12-24T02:00+00:00,4115,4.1,993.0,75.0,0.0,0.0,3.3,0
2024-12-24T03:00+00:00,4115,3.8,993.4,79.0,0.0,0.0,3.3,0
2024-12-24T04:00+00:00,4115,3.6,994.2,78.0,0.0,0.0,3.4,0
2024-12-24T05:00+00:00,4115,3.7,994.9,76.0,0.0,0.0,3.5,0
2024-12-24T06:00+00:00,4115,4.5,996.2,77.0,0.0,0.0,3.2,0
2024-12-24T07:00+00:00,4115,4.5,997.1,76.0,0.0,0.0,3.6,0
2024-12-24T08:00+00:00,4115,4.8,997.9,75.0,0.0,0.0,3.7,21
2024-12-24T09:00+00:00,4115,5.1,998.7,75.0,0.0,0.0,3.6,89
2024-12-24T10:00+00:00,4115,5.1,999.0,69.0,0.0,0.3,4.5,184
2024-12-24T11:00+00:00,4115,5.8,999.3,66.0,0.0,0.5,5.2,222
2024-12-24T12:00+00:00,4115,5.6,1000.1,66.0,0.0,0.0,4.8,98
2024-12-24T13:00+00:00,4115,5.3,1000.4,66.0,0.0,0.0,4.9,64
2024-12-24T14:00+00:00,4115,5.5,1001.3,67.0,0.0,0.0,4.8,37
2024-12-24T15:00+00:00,4115,5.7,1002.2,69.0,0.0,0.0,4.7,12
2024-12-24T16:00+00:00,4115,5.2,1003.5,70.0,0.0,0.0,4.6,0
2024-12-24T17:00+00:00,4115,4.8,1004.5,78.0,0.0,0.0,4.0,0
2024-12-24T18:00+00:00,4115,4.5,1004.8,76.0,0.0,0.0,4.1,0
2024-12-24T19:00+00:00,4115,4.1,1005.7,76.0,0.0,0.0,4.1,0
2024-12-24T20:00+00:00,4115,3.7,1006.6,77.0,0.0,0.0,4.1,0
2024-12-24T21:00+00:00,4115,4.5,1007.3,79.0,0.0,0.0,3.9,0
2024-12-24T22:00+00:00,4115,4.2,1008.0,80.0,0.0,0.0,3.7,0
2024-12-24T23:00+00:00,4115,4.6,1008.4,77.0,0.0,0.0,3.7,0
2024-12-25T00:00+00:00,4115,5.5,1008.7,75.0,0.0,0.0,3.5,0
2024-12-25T01:00+00:00,4115,4.2,1009.9,70.0,0.0,0.0,3.7,0
2024-12-25T02:00+00:00,4115,3.3,1010.3,69.0,0.0,0.0,3.7,0
2024-12-25T03:00+00:00,4115,3.7,1010.8,68.0,0.0,0.0,3.6,0
2024-12-25T04:00+00:00,4115,3.6,1011.2,72.0,0.0,0.0,3.5,0
2024-12-25T05:00+00:00,4115,4.0,1011.6,71.0,0.0,0.0,3.5,0
2024-12-25T06:00+00:00,4115,3.8,1012.1,74.0,0.0,0.0,3.1,0
2024-12-25T07:00+00:00,4115,3.7,1012.5,72.0,0.0,0.0,3.3,1
2024-12-25T08:00+00:00,4115,4.1,1013.1,74.0,0.0,0.0,3.3,18
2024-12-25T09:00+00:00,4115,3.3,1013.7,73.0,0.0,0.0,3.6,46
2024-12-25T10:00+00:00,4115,3.7,1013.6,70.0,0.0,0.0,4.0,85
2024-12-25T11:00+00:00,4115,4.3,1013.6,69.0,0.0,0.0,4.3,123
2024-12-25T12:00+00:00,4115,4.4,1013.4,68.0,0.0,0.0,4.4,129
2024-12-25T13:00+00:00,4115,3.9,1013.4,65.0,0.0,0.1,4.4,104
2024-12-25T14:00+00:00,4115,4.0,1013.4,65.0,0.0,0.2,4.6,67
2024-12-25T15:00+00:00,4115,3.9,1013.8,69.0,0.0,0.7,3.4,47
2024-12-25T16:00+00:00,4115,3.0,1014.1,74.0,0.0,0.0,2.2,0
2024-12-25T17:00+00:00,4115,2.1,1014.4,77.0,0.0,0.0,1.3,0
2024-12-25T18:00+00:00,4115,2.8,1014.4,81.0,0.0,0.0,0.4,0
2024-12-25T19:00+00:00,4115,1.9,1014.6,83.0,0.0,0.0,0.0,0
2024-12-25T20:00+00:00,4115,2.2,1014.7,84.0,0.0,0.0,-0.2,0
2024-12-25T21:00+00:00,4115,2.3,1014.8,84.0,0.0,0.0,-0.2,0
2024-12-25T22:00+00:00,4115,1.7,1015.1,86.0,0.0,0.0,-0.5,0
2024-12-25T23:00+00:00,4115,2.3,1014.9,87.0,0.0,0.0,-1.0,0
2024-12-26T00:00+00:00,4115,1.9,1014.7,88.0,0.0,0.0,-1.3,0
2024-12-26T01:00+00:00,4115,1.2,1014.6,89.0,0.0,0.0,-1.9,0
2024-12-26T02:00+00:00,4115,1.8,1014.5,89.0,0.0,0.0,-1.6,0
2024-12-26T03:00+00:00,4115,1.2,1014.6,89.0,0.0,0.0,-1.4,0
2024-12-26T04:00+00:00,4115,2.2,1014.5,89.0,0.0,0.0,-1.5,0
2024-12-26T05:00+00:00,4115,2.8,1014.8,88.0,0.0,0.0,-1.3,0
2024-12-26T06:00+00:00,4115,2.4,1014.9,88.0,0.0,0.0,-1.3,0
2024-12-26T07:00+00:00,4115,1.5,1015.6,92.0,0.0,0.0,-2.4,3
2024-12-26T08:00+00:00,4115,3.4,1015.8,92.0,0.0,0.9,-1.7,72
2024-12-26T09:00+00:00,4115,3.3,1016.0,93.0,0.0,1.0,-1.0,184
2024-12-26T10:00+00:00,4115,3.2,1015.7,85.0,0.0,1.0,0.8,254
2024-12-26T11:00+00:00,4115,2.5,1015.6,80.0,0.0,1.0,2.0,291
2024-12-26T12:00+00:00,4115,2.9,1015.2,75.0,0.0,1.0,2.8,277
2024-12-26T13:00+00:00,4115,2.4,1014.9,74.0,0.0,1.0,3.5,217
2024-12-26T14:00+00:00,4115,1.3,1014.9,77.0,0.0,1.0,3.2,132
2024-12-26T15:00+00:00,4115,0.7,1014.9,80.0,0.0,0.8,1.7,36
2024-12-26T16:00+00:00,4115,0.4,1014.9,90.0,0.0,0.0,-0.2,1
2024-12-26T17:00+00:00,4115,1.4,1015.3,89.0,0.0,0.0,0.1,0
2024-12-26T18:00+00:00,4115,1.9,1015.4,87.0,0.0,0.0,0.0,0
2024-12-26T19:00+00:00,4115,1.7,1015.2,88.0,0.0,0.0,-0.1,0
2024-12-26T20:00+00:00,4115,0.9,1015.2,87.0,0.0,0.0,-0.6,0
2024-12-26T21:00+00:00,4115,0.1,1015.1,88.0,0.0,0.0,-1.1,0
2024-12-26T22:00+00:00,4115,0.6,1014.8,92.0,0.0,0.0,-1.9,0
2024-12-26T23:00+00:00,4115,0.5,1014.7,93.0,0.0,0.0,-2.6,0
2024-12-27T00:00+00:00,4115,0.8,1014.5,94.0,0.0,0.0,-3.0,0
2024-12-27T01:00+00:00,4115,0.2,1014.6,93.0,0.0,0.0,-2.6,0
2024-12-27T02:00+00:00,4115,0.6,1014.5,95.0,0.0,0.0,-2.6,0
2024-12-27T03:00+00:00,4115,0.3,1014.1,96.0,0.0,0.0,-3.0,0
2024-12-27T04:00+00:00,4115,0.4,1013.5,95.0,0.0,0.0,-3.2,0
2024-12-27T05:00+00:00,4115,0.3,1013.4,95.0,0.0,0.0,-3.4,0
2024-12-27T06:00+00:00,4115,0.8,1013.4,95.0,0.0,0.0,-3.4,0
2024-12-27T07:00+00:00,4115,0.5,1013.7,94.0,0.0,0.0,-3.4,3
2024-12-27T08:00+00:00,4115,0.5,1013.7,93.0,0.0,0.9,-1.7,70
2024-12-27T09:00+00:00,4115,0.4,1013.5,86.0,0.0,1.0,0.2,176
2024-12-27T10:00+00:00,4115,0.6,1013.1,77.0,0.0,1.0,3.4,242
2024-12-27T11:00+00:00,4115,0.8,1012.0,58.0,0.0,1.0,4.6,283
2024-12-27T12:00+00:00,4115,2.5,1011.2,59.0,0.0,1.0,4.8,277
2024-12-27T13:00+00:00,4115,2.6,1010.5,60.0,0.0,1.0,4.9,222
2024-12-27T14:00+00:00,4115,3.4,1010.3,61.0,0.0,1.0,4.6,134
2024-12-27T15:00+00:00,4115,1.8,1010.0,61.0,0.0,0.8,3.6,36
2024-12-27T16:00+00:00,4115,1.1,1009.9,63.0,0.0,0.0,3.1,0
2024-12-27T17:00+00:00,4115,1.3,1009.8,57.0,0.0,0.0,3.5,0
2024-12-27T18:00+00:00,4115,0.9,1009.8,61.0,0.0,0.0,2.4,0
2024-12-27T19:00+00:00,4115,1.0,1009.7,69.0,0.0,0.0,1.8,0
2024-12-27T20:00+00:00,4115,1.1,1009.5,68.0,0.0,0.0,1.3,0
2024-12-27T21:00+00:00,4115,1.9,1009.6,58.0,0.0,0.0,2.6,0
2024-12-27T22:00+00:00,4115,1.9,1009.1,47.0,0.0,0.0,3.5,0
2024-12-27T23:00+00:00,4115,0.2,1008.9,47.0,0.0,0.0,3.2,0
2024-12-28T00:00+00:00,4115,1.9,1008.5,50.0,0.0,0.0,3.5,0
2024-12-28T01:00+00:00,4115,1.9,1008.5,58.0,0.0,0.0,2.5,0
2024-12-28T02:00+00:00,4115,2.5,1008.2,56.0,0.0,0.0,3.2,0
2024-12-28T03:00+00:00,4115,1.4,1007.9,63.0,0.0,0.0,2.2,0
2024-12-28T04:00+00:00,4115,1.6,1007.9,69.0,0.0,0.0,0.8,0
2024-12-28T05:00+00:00,4115,2.8,1007.8,63.0,0.0,0.0,2.5,0
2024-12-28T06:00+00:00,4115,3.1,1007.8,65.0,0.0,0.0,1.8,0
2024-12-28T07:00+00:00,4115,2.6,1008.5,82.0,0.0,0.0,-0.7,3
2024-12-28T08:00+00:00,4115,2.4,1008.4,72.0,0.0,0.5,1.2,52
2024-12-28T09:00+00:00,4115,1.1,1008.5,71.0,0.0,0.9,2.5,167
2024-12-28T10:00+00:00,4115,2.5,1008.5,58.0,0.0,1.0,5.4,277
2024-12-28T11:00+00:00,4115,2.6,1007.8,63.0,0.0,1.0,5.3,283
2024-12-28T12:00+00:00,4115,2.3,1007.1,51.0,0.0,1.0,6.5,280
2024-12-28T13:00+00:00,4115,2.1,1006.8,54.0,0.0,1.0,6.5,215
2024-12-28T14:00+00:00,4115,2.4,1007.0,57.0,0.0,1.0,6.6,137
2024-12-28T15:00+00:00,4115,2.4,1006.9,67.0,0.0,0.8,4.5,39
2024-12-28T16:00+00:00,4115,2.7,1006.9,71.0,0.0,0.0,3.5,1
2024-12-28T17:00+00:00,4115,2.4,1007.0,74.0,0.0,0.0,2.6,0
2024-12-28T18:00+00:00,4115,1.7,1007.0,78.0,0.0,0.0,1.3,0
2024-12-28T19:00+00:00,4115,0.2,1007.0,60.0,0.0,0.0,4.1,0
2024-12-28T20:00+00:00,4115,1.7,1007.3,59.0,0.0,0.0,4.4,0
2024-12-28T21:00+00:00,4115,0.7,1007.1,72.0,0.0,0.0,2.3,0
2024-12-28T22:00+00:00,4115,1.1,1007.1,78.0,0.0,0.0,1.0,0
2024-12-28T23:00+00:00,4115,0.3,1006.7,73.0,0.0,0.0,1.8,0
2024-12-29T00:00+00:00,4115,1.3,1006.4,69.0,0.0,0.0,3.2,0
2024-12-29T01:00+00:00,4115,0.6,1006.2,78.0,0.0,0.0,0.5,0
2024-12-29T02:00+00:00,4115,0.6,1006.2,82.0,0.0,0.0,-0.1,0
2024-12-29T03:00+00:00,4115,0.7,1005.8,88.0,0.0,0.0,-1.1,0
2024-12-29T04:00+00:00,4115,0.7,1005.9,92.0,0.0,0.0,-1.7,0
2024-12-29T05:00+00:00,4115,0.6,1006.0,92.0,0.0,0.0,-2.8,0
2024-12-29T06:00+00:00,4115,0.6,1006.3,93.0,0.0,0.0,-2.7,0
2024-12-29T07:00+00:00,4115,0.5,1006.4,93.0,0.0,0.0,-3.3,2
2024-12-29T08:00+00:00,4115,0.4,1006.7,90.0,0.0,0.9,-0.6,73
2024-12-29T09:00+00:00,4115,0.3,1007.1,83.0,0.0,1.0,0.9,172
2024-12-29T10:00+00:00,4115,0.5,1006.8,72.0,0.0,1.0,3.6,242
2024-12-29T11:00+00:00,4115,1.0,1005.9,69.0,0.0,1.0,4.9,284
2024-12-29T12:00+00:00,4115,1.1,1005.3,66.0,0.0,1.0,6.2,277
2024-12-29T13:00+00:00,4115,0.9,1005.2,65.0,0.0,1.0,6.2,223
2024-12-29T14:00+00:00,4115,1.1,1005.2,65.0,0.0,1.0,6.2,135
2024-12-29T15:00+00:00,4115,1.3,1005.5,72.0,0.0,0.9,3.8,40
2024-12-29T16:00+00:00,4115,1.4,1005.7,83.0,0.0,0.0,0.2,1
2024-12-29T17:00+00:00,4115,1.5,1005.9,83.0,0.0,0.0,0.4,0
2024-12-29T18:00+00:00,4115,1.1,1006.2,83.0,0.0,0.0,0.8,0
2024-12-29T19:00+00:00,4115,0.2,1006.2,85.0,0.0,0.0,0.2,0
2024-12-29T20:00+00:00,4115,0.8,1006.2,85.0,0.0,0.0,0.3,0
2024-12-29T21:00+00:00,4115,2.6,1006.3,67.0,0.0,0.0,5.5,0
2024-12-29T22:00+00:00,4115,3.7,1006.4,67.0,0.0,0.0,5.5,0
2024-12-29T23:00+00:00,4115,3.7,1006.8,68.0,0.0,0.0,5.0,0
2024-12-30T00:00+00:00,4115,3.3,1006.6,69.0,0.0,0.0,4.7,0
2024-12-30T01:00+00:00,4115,3.1,1006.6,68.0,0.0,0.0,4.7,0
2024-12-30T02:00+00:00,4115,2.8,1006.6,70.0,0.0,0.0,4.0,0
2024-12-30T03:00+00:00,4115,0.8,1006.6,82.0,0.0,0.0,0.8,0
2024-12-30T04:00+00:00,4115,0.7,1007.1,86.0,0.0,0.0,0.0,0
2024-12-30T05:00+00:00,4115,1.8,1007.1,76.0,0.0,0.0,2.7,0
2024-12-30T06:00+00:00,4115,0.1,1007.1,81.0,0.0,0.0,1.1,0
2024-12-30T07:00+00:00,4115,0.5,1007.8,91.0,0.0,0.0,-1.3,3
2024-12-30T08:00+00:00,4115,0.3,1008.4,87.0,0.0,0.9,-0.2,74
2024-12-30T09:00+00:00,4115,1.0,1008.5,81.0,0.0,1.0,2.0,177
2024-12-30T10:00+00:00,4115,1.2,1008.2,75.0,0.0,1.0,3.9,247
2024-12-30T11:00+00:00,4115,1.5,1007.8,70.0,0.0,1.0,5.7,284
2024-12-30T12:00+00:00,4115,1.4,1007.4,69.0,0.0,1.0,5.8,279
2024-12-30T13:00+00:00,4115,1.2,1007.1,69.0,0.0,1.0,6.0,224
2024-12-30T14:00+00:00,4115,1.2,1007.4,71.0,0.0,1.0,5.6,139
2024-12-30T15:00+00:00,4115,1.2,1007.6,80.0,0.0,0.8,2.6,42
2024-12-30T16:00+00:00,4115,1.2,1007.8,86.0,0.0,0.0,-0.4,1
2024-12-30T17:00+00:00,4115,1.3,1007.8,93.0,0.0,0.0,-1.7,0
2024-12-30T18:00+00:00,4115,1.6,1007.8,99.0,0.0,0.0,-4.0,0
2024-12-30T19:00+00:00,4115,1.1,1007.8,95.0,0.0,0.0,-4.7,0
2024-12-30T20:00+00:00,4115,1.5,1008.4,97.0,0.0,0.0,-5.0,0
2024-12-30T21:00+00:00,4115,1.0,1008.6,98.0,0.0,0.0,-5.0,0
2024-12-30T22:00+00:00,4115,0.9,1009.0,98.0,0.0,0.0,-4.2,0
2024-12-30T23:00+00:00,4115,0.8,1009.0,98.0,0.0,0.0,-4.1,0
2024-12-31T00:00+00:00,4115,0.3,1008.7,98.0,0.0,0.0,-3.9,0
2024-12-31T01:00+00:00,4115,0.1,1008.7,99.0,0.0,0.0,-3.9,0
2024-12-31T02:00+00:00,4115,0.7,1009.0,98.0,0.0,0.0,-4.0,0
2024-12-31T03:00+00:00,4115,0.7,1009.1,98.0,0.0,0.0,-3.7,0
2024-12-31T04:00+00:00,4115,1.0,1009.0,98.0,0.0,0.0,-3.5,0
2024-12-31T05:00+00:00,4115,1.6,1009.2,98.0,0.0,0.0,-3.8,0
2024-12-31T06:00+00:00,4115,1.4,1009.2,98.0,0.0,0.0,-3.9,0
2024-12-31T07:00+00:00,4115,1.5,1009.7,98.0,0.0,0.0,-3.9,0
2024-12-31T08:00+00:00,4115,1.8,1009.9,98.0,0.0,0.0,-3.9,15
2024-12-31T09:00+00:00,4115,1.8,1010.2,98.0,0.0,0.0,-3.8,39
2024-12-31T10:00+00:00,4115,2.0,1009.9,98.0,0.0,0.0,-3.7,57
2024-12-31T11:00+00:00,4115,1.9,1009.6,98.0,0.0,0.0,-3.5,75
2024-12-31T12:00+00:00,4115,2.3,1009.0,98.0,0.0,0.0,-3.4,77
2024-12-31T13:00+00:00,4115,2.5,1008.6,98.0,0.0,0.0,-2.8,52
2024-12-31T14:00+00:00,4115,1.9,1008.5,98.0,0.0,0.0,-2.6,30
2024-12-31T15:00+00:00,4115,2.0,1008.5,98.0,0.0,0.0,-2.7,9
2024-12-31T16:00+00:00,4115,2.5,1008.5,98.0,0.0,0.0,-3.0,0
2024-12-31T17:00+00:00,4115,2.7,1008.5,98.0,0.0,0.0,-3.1,0
2024-12-31T18:00+00:00,4115,2.8,1008.9,98.0,0.0,0.0,-3.1,0
2024-12-31T19:00+00:00,4115,2.3,1008.9,98.0,0.0,0.0,-3.1,0
2024-12-31T20:00+00:00,4115,2.4,1009.1,98.0,0.0,0.0,-3.1,0
2024-12-31T21:00+00:00,4115,2.6,1008.7,97.0,0.0,0.0,-3.3,0
2024-12-31T22:00+00:00,4115,2.7,1008.5,97.0,0.0,0.0,-3.5,0
2024-12-31T23:00+00:00,4115,3.0,1008.1,98.0,0.0,0.0,-3.4,0
2025-01-01T00:00+00:00,4115,2.6,1007.6,98.0,0.0,0.0,-3.2,0
2025-01-01T01:00+00:00,4115,2.9,1007.1,98.0,0.0,0.0,-3.1,0
2025-01-01T02:00+00:00,4115,2.6,1007.1,98.0,0.0,0.0,-3.3,0
2025-01-01T03:00+00:00,4115,2.6,1006.8,98.0,0.0,0.0,-3.6,0
2025-01-01T04:00+00:00,4115,2.6,1006.7,98.0,0.0,0.0,-3.7,0
2025-01-01T05:00+00:00,4115,2.4,1006.6,98.0,0.0,0.0,-3.7,0
2025-01-01T06:00+00:00,4115,2.9,1006.6,98.0,0.0,0.0,-3.6,0
2025-01-01T07:00+00:00,4115,3.0,1006.6,98.0,0.0,0.0,-3.8,0
2025-01-01T08:00+00:00,4115,2.8,1006.5,98.0,0.0,0.0,-3.7,10
2025-01-01T09:00+00:00,4115,2.7,1006.3,98.0,0.0,0.0,-3.6,35
2025-01-01T10:00+00:00,4115,2.9,1006.0,97.0,0.0,0.0,-3.5,64
2025-01-01T11:00+00:00,4115,3.0,1005.6,97.0,0.0,0.0,-3.1,96
2025-01-01T12:00+00:00,4115,3.0,1004.4,98.0,0.0,0.0,-2.9,100
2025-01-01T13:00+00:00,4115,3.1,1003.5,97.0,0.0,0.0,-2.9,78
2025-01-01T14:00+00:00,4115,4.3,1003.1,97.0,0.0,0.0,-2.9,35
2025-01-01T15:00+00:00,4115,3.2,1002.7,97.0,0.0,0.0,-3.0,12
2025-01-01T16:00+00:00,4115,3.4,1002.4,97.0,0.0,0.0,-2.9,0
2025-01-01T17:00+00:00,4115,4.3,1002.0,97.0,0.0,0.0,-2.9,0
2025-01-01T18:00+00:00,4115,4.0,1001.5,97.0,0.0,0.0,-3.0,0
2025-01-01T19:00+00:00,4115,3.9,1001.2,98.0,0.0,0.0,-2.8,0
2025-01-01T20:00+00:00,4115,4.2,1001.1,97.0,0.0,0.0,-3.0,0
2025-01-01T21:00+00:00,4115,4.0,1000.5,98.0,0.0,0.0,-2.9,0
2025-01-01T22:00+00:00,4115,4.0,999.9,98.0,0.0,0.0,-2.9,0
2025-01-01T23:00+00:00,4115,4.1,999.3,98.0,0.0,0.0,-3.4,0
2025-01-02T00:00+00:00,4115,3.8,998.8,98.0,0.0,0.0,-3.3,0
2025-01-02T01:00+00:00,4115,4.1,998.2,98.0,0.0,0.0,-3.5,0
2025-01-02T02:00+00:00,4115,3.2,997.4,98.0,0.0,0.0,-3.4,0
2025-01-02T03:00+00:00,4115,3.4,996.6,98.0,0.0,0.0,-3.1,0
2025-01-02T04:00+00:00,4115,3.5,995.6,98.0,0.0,0.0,-3.5,0
2025-01-02T05:00+00:00,4115,3.7,995.3,98.0,0.0,0.0,-3.3,0
2025-01-02T06:00+00:00,4115,3.4,994.6,98.0,0.0,0.0,-3.3,0
2025-01-02T07:00+00:00,4115,2.9,994.2,98.0,0.0,0.0,-3.6,0
2025-01-02T08:00+00:00,4115,3.0,994.0,97.0,0.0,0.0,-3.5,19
2025-01-02T09:00+00:00,4115,2.4,994.4,97.0,0.0,0.0,-3.1,48
2025-01-02T10:00+00:00,4115,2.6,993.8,97.0,0.0,0.0,-2.7,67
2025-01-02T11:00+00:00,4115,2.6,992.4,97.0,0.0,0.0,-2.4,80
2025-01-02T12:00+00:00,4115,2.4,991.1,96.0,0.0,0.0,-2.0,91
2025-01-02T13:00+00:00,4115,3.1,990.1,94.0,0.0,0.0,-1.7,103
2025-01-02T14:00+00:00,4115,2.7,989.6,94.0,0.0,0.0,-1.4,34
2025-01-02T15:00+00:00,4115,2.2,989.1,94.0,0.0,0.0,-1.2,10
2025-01-02T16:00+00:00,4115,1.3,988.6,95.0,0.0,0.0,-1.3,0
2025-01-02T17:00+00:00,4115,0.9,988.5,96.0,0.0,0.0,-1.4,0
2025-01-02T18:00+00:00,4115,1.5,988.6,97.0,0.0,0.0,-1.4,0
2025-01-02T19:00+00:00,4115,1.5,988.5,98.0,0.0,0.0,-1.2,0
2025-01-02T20:00+00:00,4115,0.3,988.0,99.0,0.5,0.0,-0.6,0
2025-01-02T21:00+00:00,4115,3.0,988.8,94.0,0.4,0.0,2.8,0
2025-01-02T22:00+00:00,4115,3.8,990.1,96.0,1.3,0.0,1.9,0
2025-01-02T23:00+00:00,4115,2.1,990.9,95.0,1.0,0.0,1.4,0
2025-01-03T00:00+00:00,4115,2.5,991.3,95.0,0.7,0.0,1.3,0
2025-01-03T01:00+00:00,4115,3.5,991.8,95.0,0.5,0.0,1.4,0
2025-01-03T02:00+00:00,4115,2.4,992.5,93.0,0.0,0.0,1.6,0
2025-01-03T03:00+00:00,4115,2.8,992.6,94.0,0.0,0.0,1.5,0
2025-01-03T04:00+00:00,4115,2.7,993.2,87.0,0.0,0.0,1.8,0
2025-01-03T05:00+00:00,4115,3.7,993.3,83.0,0.0,0.0,1.1,0
2025-01-03T06:00+00:00,4115,3.1,993.6,81.0,0.0,0.0,1.1,0
2025-01-03T07:00+00:00,4115,2.6,994.0,84.0,0.0,0.0,1.0,1
2025-01-03T08:00+00:00,4115,2.8,994.5,84.0,0.0,0.4,1.8,52
2025-01-03T09:00+00:00,4115,3.1,994.9,78.0,0.0,0.0,2.1,53
2025-01-03T10:00+00:00,4115,3.2,994.8,67.0,0.0,0.7,3.7,210
2025-01-03T11:00+00:00,4115,3.8,994.8,70.0,0.0,0.7,3.9,248
2025-01-03T12:00+00:00,4115,4.4,994.4,67.0,0.0,0.9,4.7,321
2025-01-03T13:00+00:00,4115,3.8,994.6,79.0,0.0,0.1,2.4,113
2025-01-03T14:00+00:00,4115,2.4,994.4,78.0,0.0,0.1,2.6,71
2025-01-03T15:00+00:00,4115,3.6,994.4,70.0,0.0,0.1,2.8,29
2025-01-03T16:00+00:00,4115,4.2,994.6,72.0,0.0,0.0,2.3,1
2025-01-03T17:00+00:00,4115,3.8,994.8,71.0,0.0,0.0,2.1,0
2025-01-03T18:00+00:00,4115,4.4,994.9,69.0,0.0,0.0,2.1,0
2025-01-03T19:00+00:00,4115,4.7,995.2,69.0,0.0,0.0,1.8,0
2025-01-03T20:00+00:00,4115,3.9,995.5,69.0,0.0,0.0,1.7,0
2025-01-03T21:00+00:00,4115,3.6,995.9,58.0,0.0,0.0,1.5,0
2025-01-03T22:00+00:00,4115,3.3,996.6,64.0,0.0,0.0,0.8,0
2025-01-03T23:00+00:00,4115,3.8,996.8,68.0,0.0,0.0,0.7,0
2025-01-04T00:00+00:00,4115,4.3,997.1,65.0,0.0,0.0,0.6,0
2025-01-04T01:00+00:00,4115,4.8,997.7,66.0,0.0,0.0,0.5,0
2025-01-04T02:00+00:00,4115,4.7,997.9,67.0,0.0,0.0,0.1,0
2025-01-04T03:00+00:00,4115,4.4,998.1,69.0,0.0,0.0,0.5,0
2025-01-04T04:00+00:00,4115,3.2,998.8,70.0,0.0,0.0,0.3,0
2025-01-04T05:00+00:00,4115,2.6,999.6,73.0,0.0,0.0,0.0,0
2025-01-04T06:00+00:00,4115,1.7,999.9,72.0,0.0,0.0,0.1,0
2025-01-04T07:00+00:00,4115,2.6,1000.5,75.0,0.0,0.0,-0.1,1
2025-01-04T08:00+00:00,4115,3.2,1001.0,74.0,0.0,0.1,0.2,28
2025-01-04T09:00+00:00,4115,2.5,1001.5,70.0,0.0,0.1,0.9,86
2025-01-04T10:00+00:00,4115,2.7,1001.3,63.0,0.0,0.6,2.4,205
2025-01-04T11:00+00:00,4115,3.4,1000.9,60.0,0.0,1.0,3.2,307
2025-01-04T12:00+00:00,4115,3.3,1000.7,59.0,0.0,0.8,2.6,262
2025-01-04T13:00+00:00,4115,3.0,999.9,60.0,0.0,0.3,2.3,143
2025-01-04T14:00+00:00,4115,1.1,999.6,56.0,0.0,0.5,2.5,123
2025-01-04T15:00+00:00,4115,0.2,999.0,69.0,0.0,0.0,0.4,34
2025-01-04T16:00+00:00,4115,0.8,998.7,70.0,0.0,0.0,-0.5,0
2025-01-04T17:00+00:00,4115,1.2,998.4,71.0,0.0,0.0,-0.5,0
2025-01-04T18:00+00:00,4115,1.7,997.7,75.0,0.0,0.0,-1.0,0
2025-01-04T19:00+00:00,4115,1.9,997.1,72.0,0.0,0.0,-0.7,0
2025-01-04T20:00+00:00,4115,2.0,996.4,75.0,0.0,0.0,-0.8,0
2025-01-04T21:00+00:00,4115,1.6,995.5,82.0,0.0,0.0,-1.9,0
2025-01-04T22:00+00:00,4115,1.4,994.9,86.0,0.0,0.0,-2.7,0
2025-01-04T23:00+00:00,4115,1.2,994.4,89.0,0.0,0.0,-3.5,0
2025-01-05T00:00+00:00,4115,1.6,994.1,92.0,0.0,0.0,-4.2,0
2025-01-05T01:00+00:00,4115,1.7,994.1,93.0,0.0,0.0,-4.4,0
2025-01-05T02:00+00:00,4115,1.4,993.6,94.0,0.0,0.0,-4.1,0
2025-01-05T03:00+00:00,4115,1.3,993.0,94.0,0.0,0.0,-3.8,0
2025-01-05T04:00+00:00,4115,1.3,992.2,93.0,0.0,0.0,-3.3,0
2025-01-05T05:00+00:00,4115,1.6,991.8,93.0,0.0,0.0,-3.0,0
2025-01-05T06:00+00:00,4115,1.5,991.5,92.0,0.0,0.0,-2.6,0
2025-01-05T07:00+00:00,4115,2.1,991.3,92.0,0.0,0.0,-2.2,0
2025-01-05T08:00+00:00,4115,2.4,990.8,92.0,0.1,0.0,-2.0,10
2025-01-05T09:00+00:00,4115,2.6,990.4,90.0,0.0,0.0,-1.8,24
2025-01-05T10:00+00:00,4115,3.2,989.6,91.0,0.0,0.0,-1.7,35
2025-01-05T11:00+00:00,4115,3.1,988.8,93.0,0.4,0.0,-1.4,52
2025-01-05T12:00+00:00,4115,2.6,987.8,94.0,0.4,0.0,-1.2,44
2025-01-05T13:00+00:00,4115,2.8,986.9,96.0,0.5,0.0,-1.0,25
2025-01-05T14:00+00:00,4115,2.6,986.8,97.0,1.1,0.0,-0.6,16
2025-01-05T15:00+00:00,4115,2.3,986.6,96.0,0.2,0.0,-0.5,5
2025-01-05T16:00+00:00,4115,2.7,986.5,97.0,0.1,0.0,-0.3,0
2025-01-05T17:00+00:00,4115,2.4,986.4,98.0,0.3,0.0,0.0,0
2025-01-05T18:00+00:00,4115,2.5,985.8,98.0,0.6,0.0,0.1,0
2025-01-05T19:00+00:00,4115,2.5,985.6,99.0,0.9,0.0,0.2,0
2025-01-05T20:00+00:00,4115,2.4,985.2,99.0,0.2,0.0,0.3,0
2025-01-05T21:00+00:00,4115,2.1,984.8,98.0,0.0,0.0,0.3,0
2025-01-05T22:00+00:00,4115,2.3,984.4,98.0,0.0,0.0,0.3,0
2025-01-05T23:00+00:00,4115,2.0,983.7,98.0,0.0,0.0,0.3,0
2025-01-06T00:00+00:00,4115,1.5,983.4,98.0,0.0,0.0,0.3,0
2025-01-06T01:00+00:00,4115,2.0,982.7,97.0,0.0,0.0,0.5,0
2025-01-06T02:00+00:00,4115,2.1,982.3,98.0,0.0,0.0,0.3,0
2025-01-06T03:00+00:00,4115,1.4,981.6,98.0,0.0,0.0,0.4,0
2025-01-06T04:00+00:00,4115,1.2,981.3,98.0,0.0,0.0,0.2,0
2025-01-06T05:00+00:00,4115,1.0,980.9,98.0,0.0,0.0,-0.6,0
2025-01-06T06:00+00:00,4115,1.3,980.9,98.0,0.0,0.0,-0.8,0
2025-01-06T07:00+00:00,4115,2.1,980.7,98.0,0.0,0.0,-0.5,1
2025-01-06T08:00+00:00,4115,2.0,980.3,98.0,0.0,0.0,0.6,23
2025-01-06T09:00+00:00,4115,1.8,980.2,97.0,0.0,0.0,0.8,38
2025-01-06T10:00+00:00,4115,0.7,979.8,98.0,0.0,0.0,1.0,53
2025-01-06T11:00+00:00,4115,0.9,979.6,98.0,0.0,0.0,1.5,51
2025-01-06T12:00+00:00,4115,1.3,978.7,97.0,0.0,0.0,1.8,70
2025-01-06T13:00+00:00,4115,1.0,978.5,98.0,0.0,0.0,1.7,71
2025-01-06T14:00+00:00,4115,1.4,979.1,100.0,0.0,0.0,1.5,49
2025-01-06T15:00+00:00,4115,1.2,979.8,98.0,0.0,0.0,1.1,24
2025-01-06T16:00+00:00,4115,1.6,980.3,99.0,0.0,0.0,1.0,0
2025-01-06T17:00+00:00,4115,1.5,980.8,99.0,0.0,0.0,0.9,0
2025-01-06T18:00+00:00,4115,0.5,981.2,100.0,0.0,0.0,0.7,0
2025-01-06T19:00+00:00,4115,0.5,981.2,100.0,0.0,0.0,0.6,0
2025-01-06T20:00+00:00,4115,0.8,981.2,100.0,0.0,0.0,0.3,0
2025-01-06T21:00+00:00,4115,1.3,980.9,100.0,0.0,0.0,0.2,0
2025-01-06T22:00+00:00,4115,1.6,981.2,100.0,0.0,0.0,0.0,0
2025-01-06T23:00+00:00,4115,1.8,981.4,100.0,0.0,0.0,-0.1,0
2025-01-07T00:00+00:00,4115,0.5,981.3,100.0,0.0,0.0,-0.1,0
2025-01-07T01:00+00:00,4115,1.5,982.2,100.0,0.0,0.0,0.0,0
2025-01-07T02:00+00:00,4115,1.9,982.6,100.0,0.0,0.0,0.2,0
2025-01-07T03:00+00:00,4115,0.1,983.1,99.0,0.0,0.0,0.1,0
2025-01-07T04:00+00:00,4115,0.8,983.6,99.0,0.0,0.0,0.1,0
2025-01-07T05:00+00:00,4115,0.5,984.2,99.0,0.0,0.0,0.3,0
2025-01-07T06:00+00:00,4115,1.1,984.8,99.0,0.0,0.0,-0.2,0
2025-01-07T07:00+00:00,4115,1.5,985.1,100.0,0.0,0.0,-0.1,0
2025-01-07T08:00+00:00,4115,1.2,985.9,100.0,0.0,0.0,0.0,8
2025-01-07T09:00+00:00,4115,1.2,986.2,100.0,0.0,0.0,0.2,14
2025-01-07T10:00+00:00,4115,0.6,986.3,100.0,0.1,0.0,0.8,25
2025-01-07T11:00+00:00,4115,0.6,986.0,79.0,0.0,0.0,5.5,26
2025-01-07T12:00+00:00,4115,4.2,986.0,76.0,0.0,0.0,5.6,28
2025-01-07T13:00+00:00,4115,3.4,985.9,80.0,0.0,0.0,5.4,49
2025-01-07T14:00+00:00,4115,2.4,986.2,77.0,0.0,0.0,5.9,35
2025-01-07T15:00+00:00,4115,2.3,986.5,78.0,0.0,0.0,5.6,11
2025-01-07T16:00+00:00,4115,2.0,986.4,73.0,0.0,0.0,5.9,0
2025-01-07T17:00+00:00,4115,0.9,986.8,87.0,0.0,0.0,3.7,0
2025-01-07T18:00+00:00,4115,1.5,987.3,92.0,0.0,0.0,2.9,0
2025-01-07T19:00+00:00,4115,0.7,987.9,93.0,0.0,0.0,2.9,0
2025-01-07T20:00+00:00,4115,0.3,988.2,94.0,0.0,0.0,2.6,0
2025-01-07T21:00+00:00,4115,1.2,988.7,83.0,0.0,0.0,4.2,0
2025-01-07T22:00+00:00,4115,1.1,988.5,72.0,0.0,0.0,5.3,0
2025-01-07T23:00+00:00,4115,0.5,988.7,74.0,0.0,0.0,4.7,0
2025-01-08T00:00+00:00,4115,0.3,988.8,82.0,0.0,0.0,3.1,0
2025-01-08T01:00+00:00,4115,0.2,988.9,87.0,0.0,0.0,2.0,0
2025-01-08T02:00+00:00,4115,0.5,988.2,88.0,0.0,0.0,0.9,0
2025-01-08T03:00+00:00,4115,0.2,987.8,89.0,0.0,0.0,1.3,0
2025-01-08T04:00+00:00,4115,0.8,986.7,93.0,0.0,0.0,0.7,0
2025-01-08T05:00+00:00,4115,1.1,985.6,90.0,0.0,0.0,2.2,0
2025-01-08T06:00+00:00,4115,2.3,985.4,86.0,0.0,0.0,3.4,0
2025-01-08T07:00+00:00,4115,4.0,985.6,81.0,0.0,0.0,4.6,2
2025-01-08T08:00+00:00,4115,3.6,985.8,81.0,0.0,0.0,5.0,31
2025-01-08T09:00+00:00,4115,1.3,986.0,78.0,0.0,0.7,6.1,159
2025-01-08T10:00+00:00,4115,1.9,986.2,70.0,0.0,0.8,7.5,273
2025-01-08T11:00+00:00,4115,0.3,985.8,71.0,0.0,0.1,8.1,140
2025-01-08T12:00+00:00,4115,1.9,985.6,62.0,0.0,0.6,8.6,256
2025-01-08T13:00+00:00,4115,2.7,985.8,66.0,0.0,0.3,8.4,166
2025-01-08T14:00+00:00,4115,1.7,987.0,72.0,0.0,0.0,7.0,54
2025-01-08T15:00+00:00,4115,2.6,987.5,75.0,0.0,0.0,6.3,16
2025-01-08T16:00+00:00,4115,2.8,987.9,76.0,0.0,0.0,5.5,1
2025-01-08T17:00+00:00,4115,0.6,988.2,77.0,0.0,0.0,5.0,0
2025-01-08T18:00+00:00,4115,0.3,988.8,77.0,0.0,0.0,4.7,0
2025-01-08T19:00+00:00,4115,0.7,988.2,79.0,0.0,0.0,4.3,0
2025-01-08T20:00+00:00,4115,0.8,987.4,83.0,0.0,0.0,4.5,0
2025-01-08T21:00+00:00,4115,0.3,987.5,84.0,0.0,0.0,4.7,0
2025-01-08T22:00+00:00,4115,1.7,986.5,89.0,0.0,0.0,4.9,0
2025-01-08T23:00+00:00,4115,2.1,985.6,93.0,0.0,0.0,4.7,0
2025-01-09T00:00+00:00,4115,1.7,985.1,96.0,0.0,0.0,4.1,0
2025-01-09T01:00+00:00,4115,1.8,984.6,98.0,0.0,0.0,3.8,0
2025-01-09T02:00+00:00,4115,1.4,984.3,98.0,0.0,0.0,3.3,0
2025-01-09T03:00+00:00,4115,1.4,983.1,97.0,0.0,0.0,3.5,0
2025-01-09T04:00+00:00,4115,1.3,982.9,94.0,0.0,0.0,4.5,0
2025-01-09T05:00+00:00,4115,1.8,983.1,95.0,0.0,0.0,3.8,0
2025-01-09T06:00+00:00,4115,3.2,983.7,92.0,0.0,0.0,4.0,0
2025-01-09T07:00+00:00,4115,1.4,985.1,91.0,0.0,0.0,3.6,0
2025-01-09T08:00+00:00,4115,1.1,984.7,91.0,0.0,0.0,3.8,22
2025-01-09T09:00+00:00,4115,0.7,984.6,87.0,0.0,0.0,5.3,84
2025-01-09T10:00+00:00,4115,1.0,984.7,86.0,0.0,0.0,5.6,107
2025-01-09T11:00+00:00,4115,0.8,984.0,78.0,0.0,0.0,7.0,145
2025-01-09T12:00+00:00,4115,1.2,982.6,86.0,0.0,0.0,6.6,116
2025-01-09T13:00+00:00,4115,1.2,981.6,90.0,0.0,0.0,6.4,74
2025-01-09T14:00+00:00,4115,1.2,980.5,90.0,0.0,0.0,6.2,38
2025-01-09T15:00+00:00,4115,1.4,979.7,91.0,0.0,0.3,6.9,41
2025-01-09T16:00+00:00,4115,0.6,978.9,95.0,0.0,0.0,6.4,3
2025-01-09T17:00+00:00,4115,1.1,978.1,96.0,0.0,0.0,5.3,0
2025-01-09T18:00+00:00,4115,0.6,977.5,95.0,0.0,0.0,5.6,0
2025-01-09T19:00+00:00,4115,0.3,977.0,98.0,0.0,0.0,3.5,0
2025-01-09T20:00+00:00,4115,0.8,977.1,95.0,0.0,0.0,4.9,0
2025-01-09T21:00+00:00,4115,0.8,978.5,94.0,0.0,0.0,4.9,0
2025-01-09T22:00+00:00,4115,5.1,982.3,84.0,0.0,0.0,6.5,0
2025-01-09T23:00+00:00,4115,7.8,982.1,71.0,0.0,0.0,7.2,0
2025-01-10T00:00+00:00,4115,8.8,985.6,72.0,0.0,0.0,5.3,0
2025-01-10T01:00+00:00,4115,5.3,988.8,69.0,0.0,0.0,4.4,0
2025-01-10T02:00+00:00,4115,3.5,989.2,73.0,0.0,0.0,4.2,0
2025-01-10T03:00+00:00,4115,4.6,989.7,74.0,0.0,0.0,3.2,0
2025-01-10T04:00+00:00,4115,4.8,989.9,61.0,0.0,0.0,3.7,0
2025-01-10T05:00+00:00,4115,3.2,991.1,66.0,0.0,0.0,3.3,0
2025-01-10T06:00+00:00,4115,2.1,991.8,61.0,0.0,0.0,3.1,0
2025-01-10T07:00+00:00,4115,3.5,992.7,55.0,0.0,0.0,2.6,1
2025-01-10T08:00+00:00,4115,3.3,993.5,57.0,0.0,0.3,2.5,45
2025-01-10T09:00+00:00,4115,4.7,994.3,52.0,0.0,1.0,3.2,197
2025-01-10T10:00+00:00,4115,4.3,994.1,49.0,0.0,1.0,4.6,272
2025-01-10T11:00+00:00,4115,4.6,994.0,50.0,0.0,0.7,4.6,279
2025-01-10T12:00+00:00,4115,4.3,994.1,62.0,0.0,0.1,3.6,124
2025-01-10T13:00+00:00,4115,4.5,994.3,61.0,0.0,0.0,3.8,73
2025-01-10T14:00+00:00,4115,4.3,994.4,50.0,0.0,0.3,4.0,87
2025-01-10T15:00+00:00,4115,5.0,994.5,54.0,0.0,0.5,3.3,46
2025-01-10T16:00+00:00,4115,4.7,994.7,59.0,0.0,0.0,2.4,3
2025-01-10T17:00+00:00,4115,4.0,995.2,57.0,0.0,0.0,2.2,0
2025-01-10T18:00+00:00,4115,4.4,995.6,59.0,0.0,0.0,2.6,0
2025-01-10T19:00+00:00,4115,3.2,995.5,58.0,0.0,0.0,2.6,0
2025-01-10T20:00+00:00,4115,3.4,995.6,60.0,0.0,0.0,2.4,0
2025-01-10T21:00+00:00,4115,2.7,995.5,65.0,0.0,0.0,1.2,0
2025-01-10T22:00+00:00,4115,2.9,995.4,63.0,0.0,0.0,1.5,0
2025-01-10T23:00+00:00,4115,3.2,995.4,63.0,0.0,0.0,1.1,0
2025-01-11T00:00+00:00,4115,3.5,995.2,62.0,0.0,0.0,1.5,0
2025-01-11T01:00+00:00,4115,3.8,995.2,62.0,0.0,0.0,1.3,0
2025-01-11T02:00+00:00,4115,3.1,995.3,62.0,0.0,0.0,1.3,0
2025-01-11T03:00+00:00,4115,3.5,995.1,62.0,0.0,0.0,1.5,0
2025-01-11T04:00+00:00,4115,2.8,994.9,65.0,0.0,0.0,1.4,0
2025-01-11T05:00+00:00,4115,3.0,994.9,63.0,0.0,0.0,1.2,0
2025-01-11T06:00+00:00,4115,2.7,995.2,66.0,0.0,0.0,0.6,0
2025-01-11T07:00+00:00,4115,2.1,995.4,68.0,0.0,0.0,0.7,3
2025-01-11T08:00+00:00,4115,2.5,995.6,67.0,0.0,0.0,1.3,33
2025-01-11T09:00+00:00,4115,4.1,996.2,67.0,0.0,0.0,1.7,70
2025-01-11T10:00+00:00,4115,4.1,996.4,66.0,0.0,0.0,2.1,83
2025-01-11T11:00+00:00,4115,4.4,995.8,64.0,0.0,0.0,2.5,145
2025-01-11T12:00+00:00,4115,4.8,995.4,61.0,0.0,0.1,3.0,156
2025-01-11T13:00+00:00,4115,5.6,995.3,58.0,0.0,0.8,3.1,269
2025-01-11T14:00+00:00,4115,6.1,995.6,61.0,0.0,0.2,2.4,59
2025-01-11T15:00+00:00,4115,6.2,996.0,61.0,0.0,0.0,2.2,9
2025-01-11T16:00+00:00,4115,5.7,996.6,63.0,0.0,0.0,2.0,1
2025-01-11T17:00+00:00,4115,4.6,997.1,66.0,0.0,0.0,1.7,0
2025-01-11T18:00+00:00,4115,4.1,997.1,67.0,0.0,0.0,1.5,0
2025-01-11T19:00+00:00,4115,4.8,997.4,66.0,0.0,0.0,1.4,0
2025-01-11T20:00+00:00,4115,5.2,997.8,64.0,0.0,0.0,1.4,0
2025-01-11T21:00+00:00,4115,5.4,998.0,65.0,0.0,0.0,1.3,0
2025-01-11T22:00+00:00,4115,5.2,998.4,65.0,0.0,0.0,1.3,0
2025-01-11T23:00+00:00,4115,4.9,998.7,63.0,0.0,0.0,1.5,0
2025-01-12T00:00+00:00,4115,5.6,999.3,64.0,0.0,0.0,1.5,0
2025-01-12T01:00+00:00,4115,4.8,999.8,65.0,0.0,0.0,1.6,0
2025-01-12T02:00+00:00,4115,4.6,1000.4,72.0,0.0,0.0,1.2,0
2025-01-12T03:00+00:00,4115,4.0,1000.9,76.0,0.0,0.0,0.8,0
2025-01-12T04:00+00:00,4115,3.8,1001.4,73.0,0.0,0.0,1.0,0
2025-01-12T05:00+00:00,4115,3.6,1001.8,78.0,0.0,0.0,0.7,0
2025-01-12T06:00+00:00,4115,4.0,1002.4,75.0,0.0,0.0,1.0,0
2025-01-12T07:00+00:00,4115,4.5,1003.2,76.0,0.0,0.0,0.8,3
2025-01-12T08:00+00:00,4115,3.9,1004.4,69.0,0.0,0.0,1.3,26
2025-01-12T09:00+00:00,4115,4.9,1005.2,65.0,0.0,0.0,1.8,84
2025-01-12T10:00+00:00,4115,5.6,1005.7,64.0,0.0,0.0,2.1,127
2025-01-12T11:00+00:00,4115,5.7,1005.6,65.0,0.0,0.0,2.1,125
2025-01-12T12:00+00:00,4115,6.0,1006.0,65.0,0.0,0.0,1.9,120
2025-01-12T13:00+00:00,4115,5.5,1006.6,68.0,0.0,0.0,1.4,44
2025-01-12T14:00+00:00,4115,5.5,1006.7,70.0,0.0,0.0,1.2,21
2025-01-12T15:00+00:00,4115,5.8,1007.5,66.0,0.0,0.0,1.3,17
2025-01-12T16:00+00:00,4115,5.1,1008.5,63.0,0.0,0.0,0.8,1
2025-01-12T17:00+00:00,4115,5.2,1009.1,59.0,0.0,0.0,0.7,0
2025-01-12T18:00+00:00,4115,5.5,1010.2,55.0,0.0,0.0,0.8,0
2025-01-12T19:00+00:00,4115,4.8,1011.5,56.0,0.0,0.0,0.4,0
2025-01-12T20:00+00:00,4115,5.9,1012.1,60.0,0.0,0.0,0.2,0
2025-01-12T21:00+00:00,4115,3.5,1012.7,60.0,0.0,0.0,0.0,0
2025-01-12T22:00+00:00,4115,3.7,1013.3,62.0,0.0,0.0,-0.3,0
2025-01-12T23:00+00:00,4115,3.3,1014.0,62.0,0.0,0.0,-0.1,0
2025-01-13T00:00+00:00,4115,3.6,1014.2,63.0,0.0,0.0,-0.1,0
2025-01-13T01:00+00:00,4115,4.8,1014.4,64.0,0.0,0.0,-0.2,0
2025-01-13T02:00+00:00,4115,3.5,1014.6,65.0,0.0,0.0,-0.3,0
2025-01-13T03:00+00:00,4115,3.7,1014.6,65.0,0.0,0.0,-0.3,0
2025-01-13T04:00+00:00,4115,4.9,1014.8,69.0,0.0,0.0,-0.5,0
2025-01-13T05:00+00:00,4115,5.2,1014.9,69.0,0.0,0.0,-0.5,0
2025-01-13T06:00+00:00,4115,4.5,1015.1,69.0,0.0,0.0,-0.5,0
2025-01-13T07:00+00:00,4115,4.2,1015.8,67.0,0.0,0.0,-0.3,1
2025-01-13T08:00+00:00,4115,3.7,1016.5,65.0,0.0,0.0,0.0,21
2025-01-13T09:00+00:00,4115,4.0,1017.7,64.0,0.0,0.0,0.5,46
2025-01-13T10:00+00:00,4115,4.4,1017.7,65.0,0.0,0.0,1.0,77
2025-01-13T11:00+00:00,4115,4.9,1017.8,65.0,0.0,0.0,1.0,84
2025-01-13T12:00+00:00,4115,4.8,1017.9,66.0,0.0,0.0,1.0,84
2025-01-13T13:00+00:00,4115,4.8,1017.9,66.0,0.0,0.0,1.1,91
2025-01-13T14:00+00:00,4115,3.7,1018.0,67.0,0.0,0.0,1.0,51
2025-01-13T15:00+00:00,4115,3.2,1018.2,68.0,0.0,0.0,0.9,19
2025-01-13T16:00+00:00,4115,2.4,1018.4,69.0,0.0,0.0,0.6,1
2025-01-13T17:00+00:00,4115,2.2,1018.2,70.0,0.0,0.0,0.5,0
2025-01-13T18:00+00:00,4115,2.1,1018.5,70.0,0.0,0.0,0.4,0
2025-01-13T19:00+00:00,4115,2.3,1018.4,70.0,0.0,0.0,0.1,0
2025-01-13T20:00+00:00,4115,2.6,1018.7,71.0,0.0,0.0,-0.2,0
2025-01-13T21:00+00:00,4115,2.2,1018.4,72.0,0.0,0.0,-0.4,0
2025-01-13T22:00+00:00,4115,2.1,1018.1,72.0,0.0,0.0,-0.8,0
2025-01-13T23:00+00:00,4115,0.5,1017.8,76.0,0.0,0.0,-1.9,0
2025-01-14T00:00+00:00,4115,1.3,1017.5,78.0,0.0,0.0,-2.7,0
2025-01-14T01:00+00:00,4115,0.4,1016.9,80.0,0.0,0.0,-3.0,0
2025-01-14T02:00+00:00,4115,0.8,1016.8,81.0,0.0,0.0,-3.4,0
2025-01-14T03:00+00:00,4115,0.8,1016.4,82.0,0.0,0.0,-3.8,0
2025-01-14T04:00+00:00,4115,0.5,1015.8,84.0,0.0,0.0,-4.2,0
2025-01-14T05:00+00:00,4115,0.2,1015.5,85.0,0.0,0.0,-4.1,0
2025-01-14T06:00+00:00,4115,0.3,1015.6,83.0,0.0,0.0,-3.7,0
2025-01-14T07:00+00:00,4115,0.6,1015.7,85.0,0.0,0.0,-4.6,5
2025-01-14T08:00+00:00,4115,0.2,1015.5,81.0,0.0,0.6,-3.2,72
2025-01-14T09:00+00:00,4115,0.5,1015.5,72.0,0.0,1.0,-0.6,261
2025-01-14T10:00+00:00,4115,0.8,1014.9,72.0,0.0,0.1,-0.1,190
2025-01-14T11:00+00:00,4115,0.2,1014.4,68.0,0.0,0.3,1.0,206
2025-01-14T12:00+00:00,4115,0.7,1013.2,63.0,0.0,1.0,1.8,313
2025-01-14T13:00+00:00,4115,1.3,1012.5,57.0,0.0,1.0,2.7,268
2025-01-14T14:00+00:00,4115,1.7,1011.6,57.0,0.0,1.0,3.4,210
2025-01-14T15:00+00:00,4115,1.6,1011.2,62.0,0.0,0.2,1.6,59
2025-01-14T16:00+00:00,4115,0.8,1010.9,69.0,0.0,0.0,0.3,2
2025-01-14T17:00+00:00,4115,1.0,1010.3,76.0,0.0,0.0,-0.5,0
2025-01-14T18:00+00:00,4115,0.8,1009.9,79.0,0.0,0.0,-0.9,0
2025-01-14T19:00+00:00,4115,1.1,1009.0,80.0,0.0,0.0,-1.2,0
2025-01-14T20:00+00:00,4115,1.6,1008.6,82.0,0.0,0.0,-1.7,0
2025-01-14T21:00+00:00,4115,0.3,1008.1,82.0,0.0,0.0,-1.9,0
2025-01-14T22:00+00:00,4115,0.5,1007.5,85.0,0.0,0.0,-2.2,0
2025-01-14T23:00+00:00,4115,0.3,1006.5,83.0,0.0,0.0,-1.8,0
2025-01-15T00:00+00:00,4115,0.8,1005.6,83.0,0.0,0.0,-1.0,0
2025-01-15T01:00+00:00,4115,0.4,1004.8,85.0,0.0,0.0,-1.1,0
2025-01-15T02:00+00:00,4115,2.5,1004.7,60.0,0.0,0.0,1.3,0
2025-01-15T03:00+00:00,4115,3.0,1004.4,63.0,0.0,0.0,1.3,0
2025-01-15T04:00+00:00,4115,3.6,1004.1,91.0,0.3,0.0,-0.4,0
2025-01-15T05:00+00:00,4115,3.7,1003.7,90.0,0.2,0.0,0.0,0
2025-01-15T06:00+00:00,4115,4.8,1003.5,89.0,0.2,0.0,0.2,0
2025-01-15T07:00+00:00,4115,6.0,1004.0,86.0,0.0,0.0,0.5,0
2025-01-15T08:00+00:00,4115,4.9,1004.1,86.0,0.3,0.0,0.8,27
2025-01-15T09:00+00:00,4115,3.4,1004.7,86.0,0.0,0.0,1.3,44
2025-01-15T10:00+00:00,4115,3.4,1004.8,87.0,0.0,0.0,1.5,83
2025-01-15T11:00+00:00,4115,3.5,1004.8,87.0,0.0,0.0,1.6,137
2025-01-15T12:00+00:00,4115,4.1,1005.1,89.0,0.1,0.0,2.0,152
2025-01-15T13:00+00:00,4115,3.5,1005.1,93.0,0.0,0.0,1.7,105
2025-01-15T14:00+00:00,4115,3.9,1005.1,92.0,0.0,0.0,1.7,73
2025-01-15T15:00+00:00,4115,3.5,1005.7,91.0,0.0,0.0,1.7,25
2025-01-15T16:00+00:00,4115,3.5,1006.2,93.0,0.1,0.0,1.8,2
2025-01-15T17:00+00:00,4115,3.3,1006.8,92.0,0.2,0.0,1.8,0
2025-01-15T18:00+00:00,4115,3.1,1007.5,91.0,0.0,0.0,2.0,0
2025-01-15T19:00+00:00,4115,3.0,1008.5,90.0,0.0,0.0,2.1,0
2025-01-15T20:00+00:00,4115,2.5,1009.1,91.0,0.1,0.0,2.2,0
2025-01-15T21:00+00:00,4115,3.1,1009.5,90.0,0.1,0.0,2.4,0
2025-01-15T22:00+00:00,4115,3.4,1009.9,90.0,0.0,0.0,2.3,0
2025-01-15T23:00+00:00,4115,2.1,1010.2,90.0,0.0,0.0,2.4,0
2025-01-16T00:00+00:00,4115,2.7,1010.7,92.0,0.0,0.0,2.0,0
2025-01-16T01:00+00:00,4115,2.8,1011.5,90.0,0.0,0.0,2.2,0
2025-01-16T02:00+00:00,4115,2.6,1011.8,90.0,0.0,0.0,2.3,0
2025-01-16T03:00+00:00,4115,2.5,1012.3,94.0,0.0,0.0,1.7,0
2025-01-16T04:00+00:00,4115,2.7,1012.4,92.0,0.0,0.0,2.1,0
2025-01-16T05:00+00:00,4115,2.5,1012.7,93.0,0.0,0.0,1.9,0
2025-01-16T06:00+00:00,4115,3.3,1013.4,93.0,0.0,0.0,1.9,0
2025-01-16T07:00+00:00,4115,2.9,1014.4,91.0,0.0,0.0,2.0,0
2025-01-16T08:00+00:00,4115,2.6,1015.1,89.0,0.0,0.0,2.2,10
2025-01-16T09:00+00:00,4115,2.4,1015.5,87.0,0.0,0.0,2.6,27
2025-01-16T10:00+00:00,4115,2.2,1015.8,86.0,0.0,0.0,2.9,52
2025-01-16T11:00+00:00,4115,2.0,1015.9,88.0,0.0,0.0,3.0,58
2025-01-16T12:00+00:00,4115,1.1,1015.8,88.0,0.0,0.0,3.1,65
2025-01-16T13:00+00:00,4115,2.0,1015.7,87.0,0.0,0.0,3.1,59
2025-01-16T14:00+00:00,4115,1.4,1015.7,88.0,0.0,0.0,3.0,38
2025-01-16T15:00+00:00,4115,0.6,1015.8,91.0,0.0,0.0,2.8,14
2025-01-16T16:00+00:00,4115,0.5,1016.4,93.0,0.0,0.0,2.4,1
2025-01-16T17:00+00:00,4115,0.1,1016.5,95.0,0.0,0.0,2.0,0
2025-01-16T18:00+00:00,4115,0.9,1017.1,95.0,0.0,0.0,2.0,0
2025-01-16T19:00+00:00,4115,0.7,1017.3,96.0,0.0,0.0,2.0,0
2025-01-16T20:00+00:00,4115,0.6,1017.5,97.0,0.0,0.0,2.0,0
2025-01-16T21:00+00:00,4115,0.3,1017.6,96.0,0.0,0.0,1.9,0
2025-01-16T22:00+00:00,4115,0.8,1017.8,97.0,0.0,0.0,1.7,0
2025-01-16T23:00+00:00,4115,1.0,1017.7,97.0,0.0,0.0,1.7,0
2025-01-17T00:00+00:00,4115,0.5,1017.6,98.0,0.0,0.0,1.5,0
2025-01-17T01:00+00:00,4115,1.0,1017.5,98.0,0.0,0.0,1.6,0
2025-01-17T02:00+00:00,4115,1.0,1017.3,98.0,0.0,0.0,1.5,0
2025-01-17T03:00+00:00,4115,1.7,1016.9,98.0,0.0,0.0,1.3,0
2025-01-17T04:00+00:00,4115,1.5,1016.7,98.0,0.0,0.0,1.3,0
2025-01-17T05:00+00:00,4115,1.4,1017.0,98.0,0.0,0.0,1.3,0
2025-01-17T06:00+00:00,4115,1.7,1017.5,98.0,0.0,0.0,1.3,0
2025-01-17T07:00+00:00,4115,2.2,1017.7,98.0,0.0,0.0,1.3,0
2025-01-17T08:00+00:00,4115,2.1,1017.9,97.0,0.0,0.0,1.5,19
2025-01-17T09:00+00:00,4115,2.3,1018.1,90.0,0.0,0.0,1.8,84
2025-01-17T10:00+00:00,4115,2.6,1018.1,83.0,0.0,0.5,3.3,224
2025-01-17T11:00+00:00,4115,2.7,1017.6,77.0,0.0,0.8,3.5,302
2025-01-17T12:00+00:00,4115,2.9,1017.0,76.0,0.0,0.5,3.3,238
2025-01-17T13:00+00:00,4115,2.7,1016.6,78.0,0.0,0.1,3.0,152
2025-01-17T14:00+00:00,4115,2.9,1016.7,75.0,0.0,0.0,2.9,79
2025-01-17T15:00+00:00,4115,2.3,1016.5,78.0,0.0,0.0,1.6,36
2025-01-17T16:00+00:00,4115,2.0,1016.7,83.0,0.0,0.0,0.2,7
2025-01-17T17:00+00:00,4115,1.4,1016.9,90.0,0.0,0.0,-0.9,0
2025-01-17T18:00+00:00,4115,1.4,1016.8,92.0,0.0,0.0,-1.1,0
2025-01-17T19:00+00:00,4115,2.0,1016.8,91.0,0.0,0.0,-1.1,0
2025-01-17T20:00+00:00,4115,2.1,1016.7,91.0,0.0,0.0,-1.1,0
2025-01-17T21:00+00:00,4115,1.8,1016.7,92.0,0.0,0.0,-1.2,0
2025-01-17T22:00+00:00,4115,1.8,1016.5,93.0,0.0,0.0,-1.2,0
2025-01-17T23:00+00:00,4115,1.6,1016.3,93.0,0.0,0.0,-1.1,0
2025-01-18T00:00+00:00,4115,1.9,1015.9,93.0,0.0,0.0,-1.2,0
2025-01-18T01:00+00:00,4115,1.8,1015.5,92.0,0.0,0.0,-1.3,0
2025-01-18T02:00+00:00,4115,1.6,1015.1,91.0,0.0,0.0,-1.4,0
2025-01-18T03:00+00:00,4115,1.7,1015.1,92.0,0.0,0.0,-1.5,0
2025-01-18T04:00+00:00,4115,1.8,1014.8,92.0,0.0,0.0,-1.7,0
2025-01-18T05:00+00:00,4115,1.7,1014.6,92.0,0.0,0.0,-1.8,0
2025-01-18T06:00+00:00,4115,1.7,1013.7,92.0,0.0,0.0,-1.8,0
2025-01-18T07:00+00:00,4115,2.2,1013.7,91.0,0.0,0.0,-1.8,0
2025-01-18T08:00+00:00,4115,1.7,1014.3,92.0,0.0,0.0,-1.8,14
2025-01-18T09:00+00:00,4115,2.4,1014.8,93.0,0.0,0.0,-2.1,27
2025-01-18T10:00+00:00,4115,1.9,1014.5,94.0,0.0,0.0,-2.1,43
2025-01-18T11:00+00:00,4115,2.2,1013.7,93.0,0.0,0.0,-1.9,57
2025-01-18T12:00+00:00,4115,2.8,1013.2,90.0,0.0,0.0,-1.3,65
2025-01-18T13:00+00:00,4115,1.8,1012.4,88.0,0.0,0.0,-0.9,59
2025-01-18T14:00+00:00,4115,1.8,1012.0,88.0,0.0,0.0,-0.9,46
2025-01-18T15:00+00:00,4115,2.2,1012.4,90.0,0.0,0.0,-1.4,19
2025-01-18T16:00+00:00,4115,2.1,1012.2,91.0,0.0,0.0,-1.6,1
2025-01-18T17:00+00:00,4115,1.8,1011.9,91.0,0.0,0.0,-1.6,0
2025-01-18T18:00+00:00,4115,1.5,1011.9,92.0,0.0,0.0,-1.7,0
2025-01-18T19:00+00:00,4115,1.9,1011.3,94.0,0.0,0.0,-1.8,0
2025-01-18T20:00+00:00,4115,1.8,1011.4,95.0,0.0,0.0,-2.1,0
2025-01-18T21:00+00:00,4115,1.7,1011.4,97.0,0.0,0.0,-2.4,0
2025-01-18T22:00+00:00,4115,1.8,1011.2,98.0,0.0,0.0,-2.5,0
2025-01-18T23:00+00:00,4115,2.0,1011.2,97.0,0.0,0.0,-2.6,0
2025-01-19T00:00+00:00,4115,2.3,1010.5,98.0,0.0,0.0,-2.9,0
2025-01-19T01:00+00:00,4115,2.2,1010.3,98.0,0.0,0.0,-3.0,0
2025-01-19T02:00+00:00,4115,2.0,1009.8,99.0,0.0,0.0,-3.0,0
2025-01-19T03:00+00:00,4115,1.8,1009.1,98.0,0.0,0.0,-3.2,0
2025-01-19T04:00+00:00,4115,1.9,1008.7,99.0,0.0,0.0,-3.3,0
2025-01-19T05:00+00:00,4115,2.2,1008.6,99.0,0.0,0.0,-3.5,0
2025-01-19T06:00+00:00,4115,2.3,1008.7,98.0,0.0,0.0,-3.6,0
2025-01-19T07:00+00:00,4115,2.2,1008.6,98.0,0.0,0.0,-3.4,0
2025-01-19T08:00+00:00,4115,2.3,1008.6,98.0,0.0,0.0,-3.4,12
2025-01-19T09:00+00:00,4115,2.5,1008.7,98.0,0.0,0.0,-3.3,29
2025-01-19T10:00+00:00,4115,2.5,1008.5,98.0,0.0,0.0,-3.0,50
2025-01-19T11:00+00:00,4115,2.3,1008.1,97.0,0.0,0.0,-3.2,50
2025-01-19T12:00+00:00,4115,3.0,1007.6,95.0,0.0,0.0,-3.3,64
2025-01-19T13:00+00:00,4115,3.0,1007.1,91.0,0.0,0.0,-2.8,78
2025-01-19T14:00+00:00,4115,3.1,1006.8,88.0,0.0,0.0,-2.5,58
2025-01-19T15:00+00:00,4115,2.8,1006.6,89.0,0.0,0.0,-3.0,27
2025-01-19T16:00+00:00,4115,2.7,1006.6,91.0,0.0,0.0,-3.0,2
2025-01-19T17:00+00:00,4115,2.7,1006.6,93.0,0.0,0.0,-3.1,0
2025-01-19T18:00+00:00,4115,2.9,1006.6,94.0,0.0,0.0,-3.1,0
2025-01-19T19:00+00:00,4115,3.0,1006.6,97.0,0.0,0.0,-3.1,0
2025-01-19T20:00+00:00,4115,2.8,1006.5,97.0,0.0,0.0,-3.0,0
2025-01-19T21:00+00:00,4115,3.2,1006.3,98.0,0.0,0.0,-2.9,0
2025-01-19T22:00+00:00,4115,3.2,1006.3,99.0,0.0,0.0,-2.8,0
2025-01-19T23:00+00:00,4115,3.5,1006.2,99.0,0.0,0.0,-3.0,0
2025-01-20T00:00+00:00,4115,3.3,1005.8,99.0,0.1,0.0,-3.0,0
2025-01-20T01:00+00:00,4115,3.5,1005.4,98.0,0.0,0.0,-3.3,0
2025-01-20T02:00+00:00,4115,3.4,1005.2,98.0,0.0,0.0,-3.3,0
2025-01-20T03:00+00:00,4115,3.4,1004.7,98.0,0.0,0.0,-3.3,0
2025-01-20T04:00+00:00,4115,4.0,1004.7,98.0,0.0,0.0,-3.3,0
2025-01-20T05:00+00:00,4115,3.8,1004.5,98.0,0.0,0.0,-3.3,0
2025-01-20T06:00+00:00,4115,3.5,1004.4,98.0,0.1,0.0,-3.2,0
2025-01-20T07:00+00:00,4115,3.7,1004.5,98.0,0.0,0.0,-3.4,0
2025-01-20T08:00+00:00,4115,3.6,1004.4,98.0,0.0,0.0,-3.3,8
2025-01-20T09:00+00:00,4115,3.4,1004.7,98.0,0.0,0.0,-3.2,20
2025-01-20T10:00+00:00,4115,3.7,1004.6,98.0,0.0,0.0,-3.1,31
2025-01-20T11:00+00:00,4115,3.7,1004.1,98.0,0.0,0.0,-2.9,46
2025-01-20T12:00+00:00,4115,3.8,1003.5,98.0,0.0,0.0,-2.8,45
2025-01-20T13:00+00:00,4115,3.4,1002.9,98.0,0.0,0.0,-2.7,42
2025-01-20T14:00+00:00,4115,3.5,1002.4,97.0,0.0,0.0,-2.7,30
2025-01-20T15:00+00:00,4115,3.7,1002.2,97.0,0.0,0.0,-2.7,11
2025-01-20T16:00+00:00,4115,3.2,1002.2,97.0,0.0,0.0,-2.8,1
2025-01-20T17:00+00:00,4115,3.7,1002.3,97.0,0.0,0.0,-2.7,0
2025-01-20T18:00+00:00,4115,3.3,1001.9,97.0,0.0,0.0,-2.6,0
2025-01-20T19:00+00:00,4115,3.1,1002.0,97.0,0.0,0.0,-2.5,0
2025-01-20T20:00+00:00,4115,3.3,1001.5,97.0,0.0,0.0,-2.5,0
2025-01-20T21:00+00:00,4115,3.1,1001.5,97.0,0.0,0.0,-2.5,0
2025-01-20T22:00+00:00,4115,3.3,1001.2,97.0,0.0,0.0,-2.4,0
2025-01-20T23:00+00:00,4115,3.2,1000.7,98.0,0.0,0.0,-2.5,0
2025-01-21T00:00+00:00,4115,3.5,1000.4,98.0,0.0,0.0,-2.5,0
2025-01-21T01:00+00:00,4115,3.6,999.9,98.0,0.0,0.0,-2.5,0
2025-01-21T02:00+00:00,4115,3.1,999.3,98.0,0.0,0.0,-2.5,0
2025-01-21T03:00+00:00,4115,2.7,999.2,98.0,0.0,0.0,-2.6,0
2025-01-21T04:00+00:00,4115,2.7,998.8,98.0,0.0,0.0,-2.6,0
2025-01-21T05:00+00:00,4115,2.5,998.9,97.0,0.0,0.0,-2.6,0
2025-01-21T06:00+00:00,4115,2.3,998.8,96.0,0.0,0.0,-2.5,0
2025-01-21T07:00+00:00,4115,2.4,998.8,98.0,0.0,0.0,-2.5,0
2025-01-21T08:00+00:00,4115,2.2,998.4,99.0,0.0,0.0,-2.5,5
2025-01-21T09:00+00:00,4115,1.8,998.8,99.0,0.1,0.0,-2.3,18
2025-01-21T10:00+00:00,4115,1.7,998.8,99.0,0.0,0.0,-2.2,27
2025-01-21T11:00+00:00,4115,1.6,998.4,99.0,0.0,0.0,-2.1,31
2025-01-21T12:00+00:00,4115,1.6,997.7,99.0,0.0,0.0,-2.0,35
2025-01-21T13:00+00:00,4115,1.3,997.1,99.0,0.0,0.0,-2.0,30
2025-01-21T14:00+00:00,4115,1.0,997.1,99.0,0.0,0.0,-1.9,25
2025-01-21T15:00+00:00,4115,0.8,997.1,99.0,0.0,0.0,-1.9,16
2025-01-21T16:00+00:00,4115,0.8,997.4,99.0,0.0,0.0,-1.9,1
2025-01-21T17:00+00:00,4115,0.6,997.5,99.0,0.0,0.0,-1.8,0
2025-01-21T18:00+00:00,4115,0.4,997.7,98.0,0.0,0.0,-1.7,0
2025-01-21T19:00+00:00,4115,1.3,997.4,97.0,0.0,0.0,-1.8,0
2025-01-21T20:00+00:00,4115,1.4,997.1,95.0,0.0,0.0,-1.8,0
2025-01-21T21:00+00:00,4115,1.2,996.9,95.0,0.0,0.0,-1.8,0
2025-01-21T22:00+00:00,4115,1.2,997.0,95.0,0.0,0.0,-1.9,0
2025-01-21T23:00+00:00,4115,1.4,996.8,94.0,0.0,0.0,-1.8,0
2025-01-22T00:00+00:00,4115,0.9,996.5,94.0,0.0,0.0,-1.9,0
2025-01-22T01:00+00:00,4115,0.8,996.6,95.0,0.0,0.0,-1.9,0
2025-01-22T02:00+00:00,4115,0.9,996.2,95.0,0.0,0.0,-1.9,0
2025-01-22T03:00+00:00,4115,1.1,995.9,95.0,0.0,0.0,-2.0,0
2025-01-22T04:00+00:00,4115,0.8,996.0,95.0,0.0,0.0,-2.1,0
2025-01-22T05:00+00:00,4115,1.1,995.9,96.0,0.0,0.0,-2.1,0
2025-01-22T06:00+00:00,4115,1.0,995.9,97.0,0.0,0.0,-2.2,0
2025-01-22T07:00+00:00,4115,1.5,996.0,97.0,0.0,0.0,-2.3,0
2025-01-22T08:00+00:00,4115,1.3,996.0,97.0,0.0,0.0,-2.3,11
2025-01-22T09:00+00:00,4115,1.7,995.9,97.0,0.0,0.0,-2.2,28
2025-01-22T10:00+00:00,4115,1.5,995.8,98.0,0.0,0.0,-2.0,38
2025-01-22T11:00+00:00,4115,1.9,995.1,97.0,0.0,0.0,-1.7,49
2025-01-22T12:00+00:00,4115,2.1,994.4,95.0,0.0,0.0,-1.4,43
2025-01-22T13:00+00:00,4115,2.6,994.1,94.0,0.0,0.0,-1.6,35
2025-01-22T14:00+00:00,4115,2.9,994.0,95.0,0.0,0.0,-2.1,22
2025-01-22T15:00+00:00,4115,2.9,993.7,96.0,0.0,0.0,-2.1,8
2025-01-22T16:00+00:00,4115,3.3,993.4,97.0,0.0,0.0,-2.2,1
2025-01-22T17:00+00:00,4115,3.3,993.4,99.0,0.0,0.0,-2.2,0
2025-01-22T18:00+00:00,4115,3.3,993.3,98.0,0.0,0.0,-2.2,0
2025-01-22T19:00+00:00,4115,3.1,992.9,97.0,0.0,0.0,-2.0,0
2025-01-22T20:00+00:00,4115,2.9,992.5,96.0,0.0,0.0,-1.7,0
2025-01-22T21:00+00:00,4115,3.0,992.2,97.0,0.0,0.0,-1.5,0
2025-01-22T22:00+00:00,4115,2.5,992.0,98.0,0.0,0.0,-1.4,0
2025-01-22T23:00+00:00,4115,2.8,991.4,99.0,0.0,0.0,-1.1,0
2025-01-23T00:00+00:00,4115,2.5,991.1,99.0,0.1,0.0,-0.8,0
2025-01-23T01:00+00:00,4115,2.6,990.7,99.0,0.1,0.0,-0.8,0
2025-01-23T02:00+00:00,4115,2.8,989.6,100.0,0.1,0.0,-0.7,0
2025-01-23T03:00+00:00,4115,2.6,989.1,100.0,0.0,0.0,-0.5,0
2025-01-23T04:00+00:00,4115,2.6,988.6,100.0,0.0,0.0,-0.4,0
2025-01-23T05:00+00:00,4115,2.5,988.2,99.0,0.0,0.0,-0.3,0
2025-01-23T06:00+00:00,4115,2.4,988.0,99.0,0.1,0.0,-0.2,0
2025-01-23T07:00+00:00,4115,2.5,987.9,99.0,0.0,0.0,-0.1,0
2025-01-23T08:00+00:00,4115,2.3,987.9,99.0,0.0,0.0,0.0,7
2025-01-23T09:00+00:00,4115,2.6,987.5,99.0,0.0,0.0,0.1,23
2025-01-23T10:00+00:00,4115,2.2,987.6,99.0,0.0,0.0,0.3,28
2025-01-23T11:00+00:00,4115,2.2,987.0,100.0,0.0,0.0,0.5,44
2025-01-23T12:00+00:00,4115,2.5,986.6,100.0,0.0,0.0,0.8,49
2025-01-23T13:00+00:00,4115,1.3,989.2,99.0,0.0,0.0,0.9,33
2025-01-23T14:00+00:00,4115,2.3,989.3,93.0,0.0,0.0,0.8,47
2025-01-23T15:00+00:00,4115,1.8,989.6,87.0,0.0,0.1,1.4,49
2025-01-23T16:00+00:00,4115,2.6,990.1,87.0,0.0,0.0,1.8,7
2025-01-23T17:00+00:00,4115,3.1,991.6,87.0,0.0,0.0,2.0,0
2025-01-23T18:00+00:00,4115,3.5,993.0,87.0,0.0,0.0,2.3,0
2025-01-23T19:00+00:00,4115,2.7,993.4,85.0,0.0,0.0,3.0,0
2025-01-23T20:00+00:00,4115,2.9,993.8,84.0,0.0,0.0,3.2,0
2025-01-23T21:00+00:00,4115,3.1,994.1,86.0,0.0,0.0,2.4,0
2025-01-23T22:00+00:00,4115,2.3,994.4,88.0,0.0,0.0,1.5,0
2025-01-23T23:00+00:00,4115,2.1,994.4,87.0,0.0,0.0,1.4,0
2025-01-24T00:00+00:00,4115,0.9,994.3,93.0,0.0,0.0,0.2,0
2025-01-24T01:00+00:00,4115,1.0,994.1,90.0,0.0,0.0,0.0,0
2025-01-24T02:00+00:00,4115,0.5,994.4,97.0,0.0,0.0,-1.2,0
2025-01-24T03:00+00:00,4115,0.2,994.4,97.0,0.0,0.0,-1.2,0
2025-01-24T04:00+00:00,4115,0.8,994.6,95.0,0.0,0.0,0.1,0
2025-01-24T05:00+00:00,4115,0.3,994.9,96.0,0.0,0.0,-2.6,0
2025-01-24T06:00+00:00,4115,1.3,994.8,98.0,0.0,0.0,-2.4,0
2025-01-24T07:00+00:00,4115,0.9,995.3,98.0,0.0,0.0,-1.1,4
2025-01-24T08:00+00:00,4115,0.7,995.4,98.0,0.1,0.0,0.3,27
2025-01-24T09:00+00:00,4115,0.5,995.4,98.0,0.0,0.0,0.3,72
2025-01-24T10:00+00:00,4115,0.4,995.5,93.0,0.0,0.2,3.2,199
2025-01-24T11:00+00:00,4115,0.5,995.4,86.0,0.0,0.0,4.3,173
2025-01-24T12:00+00:00,4115,0.6,994.9,85.0,0.0,0.0,5.0,183
2025-01-24T13:00+00:00,4115,1.5,994.4,81.0,0.0,0.0,5.8,176
2025-01-24T14:00+00:00,4115,1.4,994.0,71.0,0.0,1.0,8.1,228
2025-01-24T15:00+00:00,4115,1.3,994.4,81.0,0.0,1.0,7.0,99
2025-01-24T16:00+00:00,4115,1.6,994.4,90.0,0.0,0.1,4.2,9
2025-01-24T17:00+00:00,4115,1.5,994.5,93.0,0.0,0.0,3.5,0
2025-01-24T18:00+00:00,4115,1.3,994.4,95.0,0.0,0.0,3.1,0
2025-01-24T19:00+00:00,4115,1.3,994.8,95.0,0.0,0.0,3.0,0
2025-01-24T20:00+00:00,4115,1.3,994.5,96.0,0.0,0.0,2.8,0
2025-01-24T21:00+00:00,4115,1.2,994.0,96.0,0.0,0.0,3.4,0
2025-01-24T22:00+00:00,4115,1.4,994.2,97.0,0.0,0.0,2.5,0
2025-01-24T23:00+00:00,4115,1.6,994.4,99.0,0.0,0.0,1.6,0
2025-01-25T00:00+00:00,4115,1.3,994.5,100.0,0.0,0.0,2.5,0
2025-01-25T01:00+00:00,4115,1.3,994.7,99.0,0.0,0.0,3.2,0
2025-01-25T02:00+00:00,4115,1.4,994.9,99.0,0.0,0.0,3.5,0
2025-01-25T03:00+00:00,4115,1.9,994.7,98.0,0.0,0.0,3.9,0
2025-01-25T04:00+00:00,4115,2.6,994.5,99.0,0.0,0.0,3.9,0
2025-01-25T05:00+00:00,4115,2.5,995.1,100.0,0.0,0.0,4.0,0
2025-01-25T06:00+00:00,4115,2.3,994.9,100.0,0.0,0.0,3.5,0
2025-01-25T07:00+00:00,4115,2.5,995.1,100.0,0.0,0.0,3.5,0
2025-01-25T08:00+00:00,4115,2.6,994.8,100.0,0.0,0.0,3.6,12
2025-01-25T09:00+00:00,4115,3.4,994.8,100.0,0.0,0.0,3.5,23
2025-01-25T10:00+00:00,4115,3.1,994.8,100.0,0.0,0.0,3.9,36
2025-01-25T11:00+00:00,4115,3.1,994.2,100.0,0.0,0.0,4.2,41
2025-01-25T12:00+00:00,4115,3.3,993.5,100.0,0.0,0.0,4.5,41
2025-01-25T13:00+00:00,4115,2.9,993.3,100.0,0.0,0.0,4.8,27
2025-01-25T14:00+00:00,4115,2.8,993.6,98.0,0.0,0.0,5.0,26
2025-01-25T15:00+00:00,4115,3.1,993.2,97.0,0.0,0.0,5.3,17
2025-01-25T16:00+00:00,4115,2.4,993.3,98.0,0.0,0.0,5.0,3
2025-01-25T17:00+00:00,4115,3.4,993.2,97.0,0.0,0.0,5.0,0
2025-01-25T18:00+00:00,4115,3.7,993.1,97.0,0.0,0.0,5.0,0
2025-01-25T19:00+00:00,4115,3.2,992.3,96.0,0.0,0.0,5.5,0
2025-01-25T20:00+00:00,4115,3.3,991.9,96.0,0.0,0.0,5.4,0
2025-01-25T21:00+00:00,4115,3.1,991.1,95.0,0.0,0.0,5.3,0
2025-01-25T22:00+00:00,4115,3.0,990.7,94.0,0.0,0.0,5.4,0
2025-01-25T23:00+00:00,4115,3.8,989.6,93.0,0.0,0.0,5.9,0
2025-01-26T00:00+00:00,4115,4.4,988.6,93.0,0.0,0.0,6.0,0
2025-01-26T01:00+00:00,4115,2.5,988.0,93.0,0.0,0.0,6.2,0
2025-01-26T02:00+00:00,4115,2.9,987.3,91.0,0.0,0.0,6.3,0
2025-01-26T03:00+00:00,4115,2.2,987.0,93.0,0.0,0.0,5.5,0
2025-01-26T04:00+00:00,4115,1.1,986.8,96.0,0.0,0.0,4.1,0
2025-01-26T05:00+00:00,4115,0.1,987.0,97.0,0.0,0.0,1.9,0
2025-01-26T06:00+00:00,4115,1.1,987.6,97.0,0.0,0.0,3.9,0
2025-01-26T07:00+00:00,4115,1.2,988.6,96.0,0.0,0.0,3.6,9
2025-01-26T08:00+00:00,4115,1.5,989.7,93.0,0.0,0.6,4.9,107
2025-01-26T09:00+00:00,4115,1.8,990.0,85.0,0.0,0.6,5.6,177
2025-01-26T10:00+00:00,4115,1.0,990.0,68.0,0.0,1.0,9.6,308
2025-01-26T11:00+00:00,4115,4.1,989.8,62.0,0.0,1.0,11.2,332
2025-01-26T12:00+00:00,4115,5.0,990.1,64.0,0.0,0.9,10.4,318
2025-01-26T13:00+00:00,4115,3.3,990.5,64.0,0.0,0.3,10.1,185
2025-01-26T14:00+00:00,4115,2.2,990.7,62.0,0.0,0.0,9.7,85
2025-01-26T15:00+00:00,4115,1.8,990.9,59.0,0.0,0.0,9.5,27
2025-01-26T16:00+00:00,4115,1.1,991.2,65.0,0.0,0.0,8.6,5
2025-01-26T17:00+00:00,4115,0.7,991.4,74.0,0.0,0.0,7.4,0
2025-01-26T18:00+00:00,4115,0.9,991.5,78.0,0.0,0.0,6.6,0
2025-01-26T19:00+00:00,4115,0.7,991.5,78.0,0.0,0.0,6.8,0
2025-01-26T20:00+00:00,4115,0.8,991.4,80.0,0.0,0.0,6.9,0
2025-01-26T21:00+00:00,4115,1.2,991.0,83.0,0.0,0.0,6.7,0
2025-01-26T22:00+00:00,4115,0.6,990.3,79.0,0.0,0.0,7.1,0
2025-01-26T23:00+00:00,4115,1.1,989.8,82.0,0.0,0.0,6.3,0
2025-01-27T00:00+00:00,4115,1.2,988.8,86.0,0.0,0.0,5.0,0
2025-01-27T01:00+00:00,4115,1.3,988.0,92.0,0.0,0.0,4.2,0
2025-01-27T02:00+00:00,4115,1.3,987.0,95.0,0.0,0.0,4.1,0
2025-01-27T03:00+00:00,4115,1.1,986.3,97.0,0.0,0.0,3.2,0
2025-01-27T04:00+00:00,4115,1.6,985.6,99.0,0.0,0.0,2.8,0
2025-01-27T05:00+00:00,4115,1.6,985.3,99.0,0.0,0.0,3.4,0
2025-01-27T06:00+00:00,4115,1.6,984.7,99.0,0.0,0.0,3.4,0
2025-01-27T07:00+00:00,4115,2.2,984.6,98.0,0.0,0.0,3.3,8
2025-01-27T08:00+00:00,4115,2.4,984.7,94.0,0.0,0.7,4.9,92
2025-01-27T09:00+00:00,4115,1.6,984.9,87.0,0.0,1.0,6.2,206
2025-01-27T10:00+00:00,4115,1.3,984.9,78.0,0.0,1.0,8.6,316
2025-01-27T11:00+00:00,4115,1.4,984.5,77.0,0.0,0.9,9.2,260
2025-01-27T12:00+00:00,4115,1.1,984.5,71.0,0.0,0.8,10.6,339
2025-01-27T13:00+00:00,4115,1.5,983.8,70.0,0.0,0.9,11.1,286
2025-01-27T14:00+00:00,4115,1.3,983.7,64.0,0.0,1.0,11.8,223
2025-01-27T15:00+00:00,4115,1.3,983.3,66.0,0.0,1.0,11.4,111
2025-01-27T16:00+00:00,4115,1.1,982.6,78.0,0.0,0.3,7.6,16
2025-01-27T17:00+00:00,4115,0.6,982.6,85.0,0.0,0.0,6.0,0
2025-01-27T18:00+00:00,4115,0.9,982.1,87.0,0.0,0.0,5.1,0
2025-01-27T19:00+00:00,4115,1.8,980.7,87.0,0.0,0.0,6.0,0
2025-01-27T20:00+00:00,4115,1.9,981.2,86.0,0.0,0.0,5.9,0
2025-01-27T21:00+00:00,4115,2.5,980.9,89.0,0.0,0.0,5.5,0
2025-01-27T22:00+00:00,4115,1.5,982.6,95.0,0.0,0.0,4.1,0
2025-01-27T23:00+00:00,4115,3.9,983.0,80.0,0.0,0.0,6.5,0
2025-01-28T00:00+00:00,4115,4.6,983.6,72.0,0.0,0.0,8.6,0
2025-01-28T01:00+00:00,4115,4.9,983.5,74.0,0.0,0.0,7.9,0
2025-01-28T02:00+00:00,4115,2.3,983.4,76.0,0.0,0.0,7.4,0
2025-01-28T03:00+00:00,4115,0.3,983.0,86.0,0.0,0.0,5.1,0
2025-01-28T04:00+00:00,4115,1.8,982.0,86.0,0.0,0.0,5.2,0
2025-01-28T05:00+00:00,4115,1.5,981.3,88.0,0.0,0.0,4.9,0
2025-01-28T06:00+00:00,4115,1.2,981.0,88.0,0.0,0.0,5.2,0
2025-01-28T07:00+00:00,4115,1.8,979.9,80.0,0.0,0.0,7.4,0
2025-01-28T08:00+00:00,4115,2.7,978.8,82.0,0.0,0.0,7.3,4
2025-01-28T09:00+00:00,4115,2.5,978.0,73.0,0.1,0.0,9.5,34
2025-01-28T10:00+00:00,4115,3.3,977.6,63.0,0.0,0.5,12.5,177
2025-01-28T11:00+00:00,4115,5.3,976.8,61.0,0.0,0.7,13.9,278
2025-01-28T12:00+00:00,4115,4.7,976.2,60.0,0.0,0.0,14.6,221
2025-01-28T13:00+00:00,4115,4.1,974.9,60.0,0.0,0.0,15.1,169
2025-01-28T14:00+00:00,4115,3.5,975.5,57.0,0.0,0.3,16.5,145
2025-01-28T15:00+00:00,4115,4.7,977.5,65.0,0.0,0.0,10.2,14
2025-01-28T16:00+00:00,4115,6.3,978.8,76.0,0.0,0.0,7.4,4
2025-01-28T17:00+00:00,4115,6.0,979.8,75.0,0.0,0.0,6.4,0
2025-01-28T18:00+00:00,4115,5.7,980.5,78.0,0.0,0.0,6.0,0
2025-01-28T19:00+00:00,4115,5.6,981.2,78.0,0.0,0.0,6.1,0
2025-01-28T20:00+00:00,4115,5.0,982.2,77.0,0.0,0.0,6.0,0
2025-01-28T21:00+00:00,4115,4.7,982.4,76.0,0.0,0.0,6.0,0
2025-01-28T22:00+00:00,4115,2.8,983.0,77.0,0.0,0.0,6.0,0
2025-01-28T23:00+00:00,4115,1.8,984.1,75.0,0.0,0.0,6.6,0
2025-01-29T00:00+00:00,4115,2.0,984.2,76.0,0.1,0.0,6.4,0
2025-01-29T01:00+00:00,4115,0.2,984.6,87.0,0.0,0.0,4.6,0
2025-01-29T02:00+00:00,4115,0.6,985.6,88.0,0.0,0.0,4.7,0
2025-01-29T03:00+00:00,4115,0.4,985.4,92.0,0.3,0.0,4.4,0
2025-01-29T04:00+00:00,4115,1.3,985.8,94.0,0.0,0.0,4.0,0
2025-01-29T05:00+00:00,4115,1.5,986.6,93.0,0.0,0.0,4.5,0
2025-01-29T06:00+00:00,4115,1.4,987.0,92.0,0.0,0.0,4.1,0
2025-01-29T07:00+00:00,4115,1.2,988.0,92.0,0.0,0.0,4.2,7
2025-01-29T08:00+00:00,4115,0.7,988.7,84.0,0.0,0.4,5.6,83
2025-01-29T09:00+00:00,4115,1.0,989.1,74.0,0.0,0.9,7.9,230
2025-01-29T10:00+00:00,4115,1.6,989.8,63.0,0.0,1.0,10.3,324
2025-01-29T11:00+00:00,4115,0.8,990.0,49.0,0.0,1.0,13.3,373
2025-01-29T12:00+00:00,4115,4.2,990.5,41.0,0.0,1.0,13.7,388
2025-01-29T13:00+00:00,4115,5.0,990.5,46.0,0.0,0.9,13.3,349
2025-01-29T14:00+00:00,4115,5.6,990.9,45.0,0.0,1.0,13.1,253
2025-01-29T15:00+00:00,4115,4.5,991.1,47.0,0.0,1.0,12.3,113
2025-01-29T16:00+00:00,4115,1.6,991.6,56.0,0.0,0.2,9.7,13
2025-01-29T17:00+00:00,4115,1.2,992.1,73.0,0.0,0.0,5.3,0
2025-01-29T18:00+00:00,4115,0.7,992.3,75.0,0.0,0.0,6.0,0
2025-01-29T19:00+00:00,4115,0.3,993.0,82.0,0.0,0.0,6.0,0
2025-01-29T20:00+00:00,4115,0.4,993.1,83.0,0.0,0.0,6.0,0
2025-01-29T21:00+00:00,4115,1.5,993.3,93.0,0.0,0.0,3.9,0
2025-01-29T22:00+00:00,4115,2.5,993.3,91.0,0.0,0.0,4.3,0
2025-01-29T23:00+00:00,4115,2.2,993.4,93.0,0.0,0.0,3.5,0
2025-01-30T00:00+00:00,4115,1.7,993.2,96.0,0.0,0.0,3.2,0
2025-01-30T01:00+00:00,4115,1.4,993.3,95.0,0.0,0.0,0.8,0
2025-01-30T02:00+00:00,4115,1.6,993.1,97.0,0.0,0.0,1.3,0
2025-01-30T03:00+00:00,4115,1.7,993.3,98.0,0.0,0.0,1.9,0
2025-01-30T04:00+00:00,4115,1.3,993.4,96.0,0.0,0.0,0.7,0
2025-01-30T05:00+00:00,4115,1.3,993.6,97.0,0.0,0.0,-0.4,0
2025-01-30T06:00+00:00,4115,1.3,994.3,98.0,0.0,0.0,-0.1,0
2025-01-30T07:00+00:00,4115,1.2,994.7,98.0,0.0,0.2,0.5,19
2025-01-30T08:00+00:00,4115,1.0,994.9,95.0,0.0,1.0,2.9,139
2025-01-30T09:00+00:00,4115,1.2,994.9,89.0,0.0,1.0,4.1,252
2025-01-30T10:00+00:00,4115,1.5,994.9,80.0,0.0,1.0,6.1,329
2025-01-30T11:00+00:00,4115,1.0,994.8,72.0,0.0,1.0,8.2,387
2025-01-30T12:00+00:00,4115,0.7,994.5,64.0,0.0,1.0,11.2,380
2025-01-30T13:00+00:00,4115,1.0,994.5,70.0,0.0,1.0,9.1,335
2025-01-30T14:00+00:00,4115,0.8,994.5,69.0,0.0,1.0,8.6,242
2025-01-30T15:00+00:00,4115,0.5,994.6,73.0,0.0,1.0,7.7,127
2025-01-30T16:00+00:00,4115,0.5,995.1,87.0,0.0,0.4,3.6,20
2025-01-30T17:00+00:00,4115,0.6,995.6,93.0,0.0,0.0,2.1,0
2025-01-30T18:00+00:00,4115,0.6,996.2,96.0,0.0,0.0,1.5,0
2025-01-30T19:00+00:00,4115,0.8,996.2,96.0,0.0,0.0,1.7,0
2025-01-30T20:00+00:00,4115,0.6,996.6,96.0,0.0,0.0,0.0,0
2025-01-30T21:00+00:00,4115,0.4,996.6,98.0,0.0,0.0,0.1,0
2025-01-30T22:00+00:00,4115,0.3,996.7,98.0,0.0,0.0,-0.9,0
2025-01-30T23:00+00:00,4115,0.2,997.4,100.0,0.0,0.0,-1.1,0
2025-01-31T00:00+00:00,4115,0.9,997.6,100.0,0.0,0.0,-1.3,0
2025-01-31T01:00+00:00,4115,1.1,997.9,100.0,0.0,0.0,-2.3,0
2025-01-31T02:00+00:00,4115,0.5,998.0,99.0,0.0,0.0,-2.6,0
2025-01-31T03:00+00:00,4115,0.5,997.9,98.0,0.0,0.0,-2.4,0
2025-01-31T04:00+00:00,4115,0.3,998.4,99.0,0.0,0.0,-2.5,0
2025-01-31T05:00+00:00,4115,1.0,998.8,98.0,0.0,0.0,-1.8,0
2025-01-31T06:00+00:00,4115,0.6,999.3,98.0,0.0,0.0,-0.7,0
2025-01-31T07:00+00:00,4115,3.7,1000.0,66.0,0.0,0.2,6.5,12
2025-01-31T08:00+00:00,4115,4.7,1001.1,71.0,0.0,0.0,6.8,66
2025-01-31T09:00+00:00,4115,4.5,1002.0,74.0,0.0,0.1,7.0,100
2025-01-31T10:00+00:00,4115,4.3,1002.6,65.0,0.0,0.7,9.2,319
2025-01-31T11:00+00:00,4115,3.9,1003.3,73.0,0.0,0.1,7.5,159
2025-01-31T12:00+00:00,4115,4.6,1004.2,70.0,0.0,0.0,6.7,105
2025-01-31T13:00+00:00,4115,4.3,1004.8,66.0,0.0,0.0,6.8,112
2025-01-31T14:00+00:00,4115,3.4,1005.6,64.0,0.0,0.0,6.4,86
2025-01-31T15:00+00:00,4115,2.5,1006.2,62.0,0.0,0.3,6.2,91
2025-01-31T16:00+00:00,4115,2.2,1006.6,63.0,0.0,0.0,5.0,17
2025-01-31T17:00+00:00,4115,1.9,1007.0,72.0,0.0,0.0,3.0,0
2025-01-31T18:00+00:00,4115,2.6,1007.5,79.0,0.0,0.0,1.1,0
2025-01-31T19:00+00:00,4115,2.9,1007.8,73.0,0.0,0.0,1.4,0
2025-01-31T20:00+00:00,4115,1.1,1008.4,80.0,0.0,0.0,0.7,0
2025-01-31T21:00+00:00,4115,1.5,1008.7,78.0,0.0,0.0,0.0,0
2025-01-31T22:00+00:00,4115,1.2,1009.0,79.0,0.0,0.0,0.1,0
2025-01-31T23:00+00:00,4115,0.9,1009.2,79.0,0.0,0.0,0.4,0
2025-02-01T00:00+00:00,4115,2.4,1009.3,78.0,0.0,0.0,1.3,0
2025-02-01T01:00+00:00,4115,2.6,1009.6,79.0,0.0,0.0,0.8,0
2025-02-01T02:00+00:00,4115,2.5,1009.7,80.0,0.0,0.0,0.5,0
2025-02-01T03:00+00:00,4115,2.7,1009.6,76.0,0.0,0.0,0.6,0
2025-02-01T04:00+00:00,4115,2.9,1009.7,78.0,0.0,0.0,0.1,0
2025-02-01T05:00+00:00,4115,2.6,1009.7,79.0,0.0,0.0,-0.4,0
2025-02-01T06:00+00:00,4115,1.5,1009.8,82.0,0.0,0.0,-1.4,0
2025-02-01T07:00+00:00,4115,1.1,1010.0,85.0,0.0,0.4,-1.8,21
2025-02-01T08:00+00:00,4115,0.8,1010.3,77.0,0.0,1.0,0.8,144
2025-02-01T09:00+00:00,4115,0.4,1010.1,71.0,0.0,1.0,2.1,260
2025-02-01T10:00+00:00,4115,1.3,1010.1,65.0,0.0,1.0,3.8,342
2025-02-01T11:00+00:00,4115,1.7,1009.5,63.0,0.0,0.9,4.3,325
2025-02-01T12:00+00:00,4115,1.1,1008.8,62.0,0.0,0.6,4.2,231
2025-02-01T13:00+00:00,4115,1.0,1008.1,62.0,0.0,0.0,4.5,114
2025-02-01T14:00+00:00,4115,1.0,1007.9,60.0,0.0,0.0,4.8,101
2025-02-01T15:00+00:00,4115,0.8,1007.4,61.0,0.0,0.0,4.4,46
2025-02-01T16:00+00:00,4115,0.7,1007.1,65.0,0.0,0.0,3.8,8
2025-02-01T17:00+00:00,4115,0.6,1006.9,69.0,0.0,0.0,3.3,0
2025-02-01T18:00+00:00,4115,0.7,1006.3,76.0,0.0,0.0,2.5,0
2025-02-01T19:00+00:00,4115,0.8,1006.0,75.0,0.0,0.0,2.6,0
2025-02-01T20:00+00:00,4115,1.4,1005.9,73.0,0.0,0.0,2.6,0
2025-02-01T21:00+00:00,4115,1.5,1005.9,74.0,0.0,0.0,2.8,0
2025-02-01T22:00+00:00,4115,2.0,1005.6,74.0,0.0,0.0,2.6,0
2025-02-01T23:00+00:00,4115,2.0,1005.2,75.0,0.0,0.0,2.2,0
2025-02-02T00:00+00:00,4115,1.4,1004.6,78.0,0.0,0.0,1.9,0
2025-02-02T01:00+00:00,4115,1.6,1004.2,77.0,0.0,0.0,1.9,0
2025-02-02T02:00+00:00,4115,2.0,1004.1,78.0,0.0,0.0,1.9,0
2025-02-02T03:00+00:00,4115,2.6,1003.7,78.0,0.0,0.0,1.7,0
2025-02-02T04:00+00:00,4115,2.1,1003.4,79.0,0.0,0.0,1.5,0
2025-02-02T05:00+00:00,4115,0.5,1002.9,78.0,0.0,0.0,1.5,0
2025-02-02T06:00+00:00,4115,0.6,1003.0,79.0,0.0,0.0,1.4,0
2025-02-02T07:00+00:00,4115,1.1,1003.4,79.0,0.0,0.0,1.4,1
2025-02-02T08:00+00:00,4115,1.9,1003.5,80.0,0.0,0.0,1.6,22
2025-02-02T09:00+00:00,4115,0.8,1003.4,76.0,0.0,0.0,2.2,59
2025-02-02T10:00+00:00,4115,1.7,1003.4,75.0,0.0,0.0,2.8,97
2025-02-02T11:00+00:00,4115,2.8,1003.1,77.0,0.0,0.0,2.9,118
2025-02-02T12:00+00:00,4115,2.4,1002.7,74.0,0.0,0.0,3.6,163
2025-02-02T13:00+00:00,4115,2.2,1002.6,74.0,0.0,0.0,3.7,161
2025-02-02T14:00+00:00,4115,1.9,1002.4,70.0,0.0,0.0,4.1,154
2025-02-02T15:00+00:00,4115,2.3,1002.4,71.0,0.0,0.0,3.1,77
2025-02-02T16:00+00:00,4115,1.3,1002.7,77.0,0.0,0.0,1.5,13
2025-02-02T17:00+00:00,4115,2.4,1003.1,74.0,0.0,0.0,1.4,0
2025-02-02T18:00+00:00,4115,1.6,1003.4,77.0,0.0,0.0,0.3,0
2025-02-02T19:00+00:00,4115,1.9,1003.5,72.0,0.0,0.0,1.0,0
2025-02-02T20:00+00:00,4115,2.0,1003.8,74.0,0.0,0.0,0.4,0
2025-02-02T21:00+00:00,4115,2.5,1004.2,73.0,0.0,0.0,0.7,0
2025-02-02T22:00+00:00,4115,2.1,1004.2,72.0,0.0,0.0,0.7,0
2025-02-02T23:00+00:00,4115,0.8,1004.4,76.0,0.0,0.0,-0.4,0
2025-02-03T00:00+00:00,4115,2.4,1004.1,76.0,0.0,0.0,-0.6,0
2025-02-03T01:00+00:00,4115,1.2,1004.2,80.0,0.0,0.0,-1.9,0
2025-02-03T02:00+00:00,4115,0.7,1004.3,78.0,0.0,0.0,-1.1,0
2025-02-03T03:00+00:00,4115,2.7,1004.6,74.0,0.0,0.0,-0.6,0
2025-02-03T04:00+00:00,4115,3.5,1004.9,74.0,0.0,0.0,-0.8,0
2025-02-03T05:00+00:00,4115,4.0,1005.3,73.0,0.0,0.0,-1.2,0
2025-02-03T06:00+00:00,4115,3.0,1005.6,72.0,0.0,0.0,-1.3,0
2025-02-03T07:00+00:00,4115,2.1,1005.8,72.0,0.0,0.4,-0.8,25
2025-02-03T08:00+00:00,4115,0.8,1006.4,69.0,0.0,1.0,0.4,143
2025-02-03T09:00+00:00,4115,3.1,1006.6,67.0,0.0,1.0,1.5,261
2025-02-03T10:00+00:00,4115,3.5,1006.9,63.0,0.0,1.0,2.3,351
2025-02-03T11:00+00:00,4115,3.6,1006.8,59.0,0.0,1.0,3.5,395
2025-02-03T12:00+00:00,4115,2.5,1006.0,56.0,0.0,1.0,4.3,394
2025-02-03T13:00+00:00,4115,1.7,1005.8,51.0,0.0,1.0,4.6,356
2025-02-03T14:00+00:00,4115,2.1,1005.7,52.0,0.0,0.9,4.9,296
2025-02-03T15:00+00:00,4115,2.2,1005.9,54.0,0.0,1.0,4.4,192
2025-02-03T16:00+00:00,4115,2.0,1006.0,58.0,0.0,0.6,2.3,44
2025-02-03T17:00+00:00,4115,2.3,1006.3,68.0,0.0,0.0,-0.1,0
2025-02-03T18:00+00:00,4115,2.2,1006.5,73.0,0.0,0.0,-1.3,0
2025-02-03T19:00+00:00,4115,2.5,1006.8,73.0,0.0,0.0,-0.9,0
2025-02-03T20:00+00:00,4115,2.3,1007.0,69.0,0.0,0.0,0.2,0
2025-02-03T21:00+00:00,4115,1.3,1007.1,79.0,0.0,0.0,-1.7,0
2025-02-03T22:00+00:00,4115,1.3,1007.1,78.0,0.0,0.0,-2.1,0
2025-02-03T23:00+00:00,4115,1.0,1007.3,80.0,0.0,0.0,-2.4,0
2025-02-04T00:00+00:00,4115,0.6,1007.1,80.0,0.0,0.0,-2.6,0
2025-02-04T01:00+00:00,4115,0.7,1007.4,82.0,0.0,0.0,-3.0,0
2025-02-04T02:00+00:00,4115,1.1,1007.4,81.0,0.0,0.0,-2.6,0
2025-02-04T03:00+00:00,4115,0.5,1007.5,84.0,0.0,0.0,-3.4,0
2025-02-04T04:00+00:00,4115,1.1,1007.7,85.0,0.0,0.0,-3.1,0
2025-02-04T05:00+00:00,4115,0.8,1008.2,89.0,0.0,0.0,-4.6,0
2025-02-04T06:00+00:00,4115,0.2,1008.8,90.0,0.0,0.0,-4.4,0
2025-02-04T07:00+00:00,4115,0.2,1009.0,91.0,0.0,0.3,-4.7,22
2025-02-04T08:00+00:00,4115,0.2,1009.3,83.0,0.0,1.0,-1.9,142
2025-02-04T09:00+00:00,4115,0.7,1009.7,79.0,0.0,1.0,0.3,259
2025-02-04T10:00+00:00,4115,0.8,1009.8,67.0,0.0,1.0,2.6,344
2025-02-04T11:00+00:00,4115,1.2,1009.2,64.0,0.0,1.0,3.3,395
2025-02-04T12:00+00:00,4115,0.8,1008.7,52.0,0.0,1.0,4.9,399
2025-02-04T13:00+00:00,4115,1.1,1008.2,49.0,0.0,1.0,5.2,352
2025-02-04T14:00+00:00,4115,1.4,1008.0,54.0,0.0,1.0,5.2,260
2025-02-04T15:00+00:00,4115,2.1,1007.9,57.0,0.0,1.0,4.3,140
2025-02-04T16:00+00:00,4115,1.5,1008.5,66.0,0.0,0.6,1.9,32
2025-02-04T17:00+00:00,4115,1.0,1008.8,71.0,0.0,0.0,0.4,0
2025-02-04T18:00+00:00,4115,0.7,1009.3,79.0,0.0,0.0,-1.8,0
2025-02-04T19:00+00:00,4115,0.4,1009.5,83.0,0.0,0.0,-2.7,0
2025-02-04T20:00+00:00,4115,0.4,1009.6,82.0,0.0,0.0,-2.4,0
2025-02-04T21:00+00:00,4115,1.5,1009.8,84.0,0.0,0.0,-3.0,0
2025-02-04T22:00+00:00,4115,2.0,1010.2,81.0,0.0,0.0,-2.4,0
2025-02-04T23:00+00:00,4115,1.0,1010.4,84.0,0.0,0.0,-3.7,0
2025-02-05T00:00+00:00,4115,0.8,1010.4,88.0,0.0,0.0,-3.6,0
2025-02-05T01:00+00:00,4115,0.5,1010.7,89.0,0.0,0.0,-4.1,0
2025-02-05T02:00+00:00,4115,0.7,1010.5,90.0,0.0,0.0,-3.8,0
2025-02-05T03:00+00:00,4115,0.8,1010.5,90.0,0.0,0.0,-3.9,0
2025-02-05T04:00+00:00,4115,1.3,1011.0,93.0,0.0,0.0,-3.9,0
2025-02-05T05:00+00:00,4115,1.1,1011.6,95.0,0.0,0.0,-3.3,0
2025-02-05T06:00+00:00,4115,1.2,1012.0,92.0,0.0,0.0,-2.1,0
2025-02-05T07:00+00:00,4115,1.4,1012.4,90.0,0.0,0.0,-1.8,18
2025-02-05T08:00+00:00,4115,1.6,1012.3,88.0,0.0,0.8,-0.7,137
2025-02-05T09:00+00:00,4115,2.4,1012.5,83.0,0.0,0.9,0.3,258
2025-02-05T10:00+00:00,4115,3.3,1012.6,77.0,0.0,1.0,1.3,358
2025-02-05T11:00+00:00,4115,3.7,1012.3,69.0,0.0,1.0,3.0,413
2025-02-05T12:00+00:00,4115,4.4,1012.1,66.0,0.0,1.0,3.5,415
2025-02-05T13:00+00:00,4115,3.9,1011.8,60.0,0.0,1.0,4.6,371
2025-02-05T14:00+00:00,4115,2.9,1011.6,55.0,0.0,1.0,5.9,276
2025-02-05T15:00+00:00,4115,3.4,1012.0,58.0,0.0,1.0,4.6,148
2025-02-05T16:00+00:00,4115,2.0,1012.4,64.0,0.0,0.6,3.1,35
2025-02-05T17:00+00:00,4115,0.8,1013.2,65.0,0.0,0.0,2.5,0
2025-02-05T18:00+00:00,4115,1.6,1013.8,79.0,0.0,0.0,-0.2,0
2025-02-05T19:00+00:00,4115,0.1,1014.6,75.0,0.0,0.0,0.7,0
2025-02-05T20:00+00:00,4115,0.9,1014.9,75.0,0.0,0.0,1.4,0
2025-02-05T21:00+00:00,4115,3.3,1015.2,76.0,0.0,0.0,1.5,0
2025-02-05T22:00+00:00,4115,3.2,1015.2,76.0,0.0,0.0,2.0,0
2025-02-05T23:00+00:00,4115,2.6,1015.2,73.0,0.0,0.0,2.6,0
2025-02-06T00:00+00:00,4115,3.4,1015.1,75.0,0.0,0.0,2.3,0
2025-02-06T01:00+00:00,4115,3.7,1015.1,77.0,0.0,0.0,2.3,0
2025-02-06T02:00+00:00,4115,3.8,1015.2,83.0,0.0,0.0,2.1,0
2025-02-06T03:00+00:00,4115,2.9,1015.1,84.0,0.0,0.0,2.3,0
2025-02-06T04:00+00:00,4115,3.2,1015.3,84.0,0.0,0.0,2.5,0
2025-02-06T05:00+00:00,4115,3.3,1015.4,84.0,0.0,0.0,2.3,0
2025-02-06T06:00+00:00,4115,3.2,1015.8,84.0,0.0,0.0,2.1,0
2025-02-06T07:00+00:00,4115,2.8,1016.2,83.0,0.0,0.0,2.2,4
2025-02-06T08:00+00:00,4115,2.4,1016.4,80.0,0.0,0.0,2.6,43
2025-02-06T09:00+00:00,4115,2.1,1016.2,75.0,0.0,0.0,3.3,76
2025-02-06T10:00+00:00,4115,2.5,1016.0,73.0,0.0,0.0,3.8,127
2025-02-06T11:00+00:00,4115,3.0,1015.1,68.0,0.0,0.1,4.5,184
2025-02-06T12:00+00:00,4115,2.9,1014.8,64.0,0.0,0.1,4.9,189
2025-02-06T13:00+00:00,4115,3.1,1014.4,60.0,0.0,0.0,5.3,111
2025-02-06T14:00+00:00,4115,4.2,1014.1,62.0,0.0,0.0,5.3,107
2025-02-06T15:00+00:00,4115,3.5,1013.8,66.0,0.0,0.0,4.8,64
2025-02-06T16:00+00:00,4115,2.5,1013.6,68.0,0.0,0.0,4.2,20
2025-02-06T17:00+00:00,4115,2.6,1013.7,71.0,0.0,0.0,3.9,0
2025-02-06T18:00+00:00,4115,3.5,1013.8,75.0,0.0,0.0,3.4,0
2025-02-06T19:00+00:00,4115,3.6,1013.6,77.0,0.0,0.0,2.9,0
2025-02-06T20:00+00:00,4115,2.9,1013.5,80.0,0.0,0.0,2.4,0
2025-02-06T21:00+00:00,4115,2.3,1013.6,81.0,0.0,0.0,2.2,0
2025-02-06T22:00+00:00,4115,2.4,1013.5,82.0,0.0,0.0,2.0,0
2025-02-06T23:00+00:00,4115,2.6,1013.3,85.0,0.0,0.0,0.9,0
2025-02-07T00:00+00:00,4115,2.5,1013.0,87.0,0.0,0.0,0.3,0
2025-02-07T01:00+00:00,4115,1.6,1012.6,89.0,0.0,0.0,-1.0,0
2025-02-07T02:00+00:00,4115,1.8,1012.3,88.0,0.0,0.0,0.1,0
2025-02-07T03:00+00:00,4115,2.0,1012.2,85.0,0.0,0.0,0.3,0
2025-02-07T04:00+00:00,4115,1.5,1011.9,86.0,0.0,0.0,0.3,0
2025-02-07T05:00+00:00,4115,2.3,1011.6,85.0,0.0,0.0,0.6,0
2025-02-07T06:00+00:00,4115,3.0,1011.6,83.0,0.0,0.0,0.5,0
2025-02-07T07:00+00:00,4115,2.7,1011.8,81.0,0.0,0.0,0.7,12
2025-02-07T08:00+00:00,4115,3.1,1011.8,77.0,0.0,0.0,1.6,51
2025-02-07T09:00+00:00,4115,3.7,1011.6,69.0,0.0,0.5,2.7,184
2025-02-07T10:00+00:00,4115,4.3,1010.9,64.0,0.0,1.0,3.8,316
2025-02-07T11:00+00:00,4115,4.2,1010.3,61.0,0.0,1.0,4.5,389
2025-02-07T12:00+00:00,4115,4.7,1009.1,58.0,0.0,0.7,4.9,311
2025-02-07T13:00+00:00,4115,4.8,1008.2,59.0,0.0,0.7,5.6,297
2025-02-07T14:00+00:00,4115,5.4,1007.9,59.0,0.0,0.4,4.6,194
2025-02-07T15:00+00:00,4115,5.1,1007.3,62.0,0.0,0.0,4.2,68
2025-02-07T16:00+00:00,4115,4.9,1007.4,61.0,0.0,0.0,4.0,25
2025-02-07T17:00+00:00,4115,4.5,1007.3,66.0,0.0,0.0,3.6,0
2025-02-07T18:00+00:00,4115,4.9,1007.4,68.0,0.0,0.0,3.3,0
2025-02-07T19:00+00:00,4115,5.2,1007.1,70.0,0.0,0.0,3.3,0
2025-02-07T20:00+00:00,4115,5.4,1006.9,71.0,0.0,0.0,3.4,0
2025-02-07T21:00+00:00,4115,5.4,1007.0,75.0,0.0,0.0,2.8,0
2025-02-07T22:00+00:00,4115,4.6,1007.0,74.0,0.0,0.0,2.8,0
2025-02-07T23:00+00:00,4115,4.5,1007.0,76.0,0.0,0.0,2.4,0
2025-02-08T00:00+00:00,4115,4.8,1006.6,70.0,0.0,0.0,1.9,0
2025-02-08T01:00+00:00,4115,5.1,1006.7,63.0,0.0,0.0,2.3,0
2025-02-08T02:00+00:00,4115,4.8,1006.4,62.0,0.0,0.0,2.2,0
2025-02-08T03:00+00:00,4115,5.1,1006.0,59.0,0.0,0.0,2.2,0
2025-02-08T04:00+00:00,4115,4.5,1006.0,62.0,0.0,0.0,1.3,0
2025-02-08T05:00+00:00,4115,4.5,1006.5,64.0,0.0,0.0,0.7,0
2025-02-08T06:00+00:00,4115,4.4,1006.7,65.0,0.0,0.0,0.3,0
2025-02-08T07:00+00:00,4115,4.1,1007.3,68.0,0.0,0.0,-0.2,12
2025-02-08T08:00+00:00,4115,3.6,1007.6,65.0,0.0,0.5,0.8,102
2025-02-08T09:00+00:00,4115,4.6,1007.6,63.0,0.0,1.0,1.6,231
2025-02-08T10:00+00:00,4115,4.4,1007.8,61.0,0.0,0.7,2.1,304
2025-02-08T11:00+00:00,4115,4.8,1007.5,59.0,0.0,0.0,3.4,195
2025-02-08T12:00+00:00,4115,4.8,1007.1,56.0,0.0,0.1,4.4,244
2025-02-08T13:00+00:00,4115,4.5,1006.7,56.0,0.0,0.0,4.7,147
2025-02-08T14:00+00:00,4115,4.2,1006.6,56.0,0.0,0.2,4.8,138
2025-02-08T15:00+00:00,4115,4.4,1006.4,56.0,0.0,0.7,4.1,114
2025-02-08T16:00+00:00,4115,4.3,1006.7,57.0,0.0,0.2,3.5,33
2025-02-08T17:00+00:00,4115,4.2,1006.8,57.0,0.0,0.0,3.5,0
2025-02-08T18:00+00:00,4115,4.8,1006.8,58.0,0.0,0.0,3.3,0
2025-02-08T19:00+00:00,4115,4.8,1006.9,59.0,0.0,0.0,2.8,0
2025-02-08T20:00+00:00,4115,4.8,1007.0,60.0,0.0,0.0,2.7,0
2025-02-08T21:00+00:00,4115,3.8,1006.9,64.0,0.0,0.0,2.0,0
2025-02-08T22:00+00:00,4115,3.5,1006.6,66.0,0.0,0.0,1.4,0
2025-02-08T23:00+00:00,4115,3.8,1006.4,67.0,0.0,0.0,1.4,0
2025-02-09T00:00+00:00,4115,3.8,1006.0,67.0,0.0,0.0,1.3,0
2025-02-09T01:00+00:00,4115,3.9,1006.2,70.0,0.0,0.0,0.8,0
2025-02-09T02:00+00:00,4115,3.9,1006.2,73.0,0.0,0.0,0.1,0
2025-02-09T03:00+00:00,4115,2.6,1006.0,75.0,0.0,0.0,-0.9,0
2025-02-09T04:00+00:00,4115,2.6,1005.9,73.0,0.0,0.0,-0.5,0
2025-02-09T05:00+00:00,4115,2.7,1006.3,69.0,0.0,0.0,0.7,0
2025-02-09T06:00+00:00,4115,2.7,1006.6,68.0,0.0,0.0,1.6,0
2025-02-09T07:00+00:00,4115,3.4,1006.8,65.0,0.0,0.0,2.0,8
2025-02-09T08:00+00:00,4115,3.5,1007.1,63.0,0.0,0.0,2.2,29
2025-02-09T09:00+00:00,4115,4.0,1007.1,62.0,0.0,0.0,2.9,82
2025-02-09T10:00+00:00,4115,4.1,1007.3,59.0,0.0,0.0,3.8,183
2025-02-09T11:00+00:00,4115,4.0,1007.1,53.0,0.0,0.0,5.3,224
2025-02-09T12:00+00:00,4115,4.0,1006.9,50.0,0.0,0.2,6.2,323
2025-02-09T13:00+00:00,4115,4.3,1006.6,48.0,0.0,0.5,6.2,273
2025-02-09T14:00+00:00,4115,4.5,1006.5,49.0,0.0,1.0,5.8,268
2025-02-09T15:00+00:00,4115,4.0,1006.8,51.0,0.0,1.0,4.9,152
2025-02-09T16:00+00:00,4115,3.3,1007.1,54.0,0.0,0.5,3.6,40
2025-02-09T17:00+00:00,4115,2.1,1007.4,61.0,0.0,0.0,1.8,0
2025-02-09T18:00+00:00,4115,1.9,1007.1,64.0,0.0,0.0,0.8,0
2025-02-09T19:00+00:00,4115,1.8,1007.1,67.0,0.0,0.0,0.1,0
2025-02-09T20:00+00:00,4115,2.3,1007.0,62.0,0.0,0.0,1.9,0
2025-02-09T21:00+00:00,4115,2.9,1006.8,61.0,0.0,0.0,2.3,0
2025-02-09T22:00+00:00,4115,2.5,1006.6,61.0,0.0,0.0,2.4,0
2025-02-09T23:00+00:00,4115,2.3,1006.5,62.0,0.0,0.0,2.1,0
2025-02-10T00:00+00:00,4115,2.4,1006.3,60.0,0.0,0.0,2.4,0
2025-02-10T01:00+00:00,4115,2.3,1006.2,63.0,0.0,0.0,2.1,0
2025-02-10T02:00+00:00,4115,2.3,1005.9,62.0,0.0,0.0,2.3,0
2025-02-10T03:00+00:00,4115,2.7,1005.7,61.0,0.0,0.0,2.4,0
2025-02-10T04:00+00:00,4115,2.4,1005.7,64.0,0.0,0.0,2.0,0
2025-02-10T05:00+00:00,4115,1.7,1005.8,74.0,0.0,0.0,-0.5,0
2025-02-10T06:00+00:00,4115,1.6,1006.3,78.0,0.0,0.0,-1.3,0
2025-02-10T07:00+00:00,4115,2.0,1006.6,77.0,0.0,0.4,-0.8,31
2025-02-10T08:00+00:00,4115,1.9,1006.7,66.0,0.0,0.8,1.2,145
2025-02-10T09:00+00:00,4115,2.1,1006.7,59.0,0.0,0.0,2.7,163
2025-02-10T10:00+00:00,4115,2.4,1006.7,50.0,0.0,0.8,4.4,329
2025-02-10T11:00+00:00,4115,3.0,1006.2,43.0,0.0,1.0,5.3,387
2025-02-10T12:00+00:00,4115,2.8,1005.5,39.0,0.0,1.0,5.9,319
2025-02-10T13:00+00:00,4115,2.9,1005.3,36.0,0.0,1.0,6.8,357
2025-02-10T14:00+00:00,4115,2.7,1005.2,31.0,0.0,1.0,8.1,302
2025-02-10T15:00+00:00,4115,2.9,1005.1,34.0,0.0,0.6,7.3,179
2025-02-10T16:00+00:00,4115,2.4,1005.3,37.0,0.0,0.0,5.3,34
2025-02-10T17:00+00:00,4115,1.2,1005.5,44.0,0.0,0.0,2.9,1
2025-02-10T18:00+00:00,4115,1.5,1005.8,47.0,0.0,0.0,1.9,0
2025-02-10T19:00+00:00,4115,2.4,1005.8,52.0,0.0,0.0,0.7,0
2025-02-10T20:00+00:00,4115,2.8,1005.8,54.0,0.0,0.0,-0.1,0
2025-02-10T21:00+00:00,4115,2.3,1005.9,54.0,0.0,0.0,-0.7,0
2025-02-10T22:00+00:00,4115,2.2,1006.0,57.0,0.0,0.0,-1.3,0
2025-02-10T23:00+00:00,4115,2.1,1006.0,60.0,0.0,0.0,-1.9,0
2025-02-11T00:00+00:00,4115,1.4,1006.0,60.0,0.0,0.0,-2.2,0
2025-02-11T01:00+00:00,4115,2.1,1005.9,63.0,0.0,0.0,-2.8,0
2025-02-11T02:00+00:00,4115,2.0,1005.7,63.0,0.0,0.0,-2.9,0
2025-02-11T03:00+00:00,4115,2.0,1005.7,64.0,0.0,0.0,-3.2,0
2025-02-11T04:00+00:00,4115,1.8,1005.8,68.0,0.0,0.0,-3.8,0
2025-02-11T05:00+00:00,4115,2.2,1005.7,70.0,0.0,0.0,-3.5,0
2025-02-11T06:00+00:00,4115,2.1,1005.8,71.0,0.0,0.0,-4.1,0
2025-02-11T07:00+00:00,4115,2.2,1005.9,69.0,0.0,0.4,-2.6,35
2025-02-11T08:00+00:00,4115,2.4,1005.9,60.0,0.0,0.8,-0.2,152
2025-02-11T09:00+00:00,4115,3.3,1005.9,50.0,0.0,0.7,2.6,262
2025-02-11T10:00+00:00,4115,4.5,1005.9,46.0,0.0,0.3,3.3,240
2025-02-11T11:00+00:00,4115,4.6,1005.3,47.0,0.0,0.0,3.9,229
2025-02-11T12:00+00:00,4115,4.6,1004.7,39.0,0.0,0.6,5.5,378
2025-02-11T13:00+00:00,4115,4.6,1004.1,38.0,0.0,0.9,6.0,317
2025-02-11T14:00+00:00,4115,4.2,1003.6,37.0,0.0,0.3,6.2,211
2025-02-11T15:00+00:00,4115,4.5,1003.5,37.0,0.0,0.0,5.8,112
2025-02-11T16:00+00:00,4115,3.8,1003.3,37.0,0.0,0.0,5.3,26
2025-02-11T17:00+00:00,4115,3.3,1003.3,37.0,0.0,0.0,4.9,0
2025-02-11T18:00+00:00,4115,3.0,1003.3,40.0,0.0,0.0,4.3,0
2025-02-11T19:00+00:00,4115,3.5,1003.2,38.0,0.0,0.0,4.6,0
2025-02-11T20:00+00:00,4115,3.9,1002.9,40.0,0.0,0.0,4.3,0
2025-02-11T21:00+00:00,4115,4.3,1002.6,42.0,0.0,0.0,4.1,0
2025-02-11T22:00+00:00,4115,4.6,1002.6,43.0,0.0,0.0,3.9,0
2025-02-11T23:00+00:00,4115,4.5,1002.3,45.0,0.0,0.0,3.6,0
2025-02-12T00:00+00:00,4115,4.7,1002.3,45.0,0.0,0.0,3.5,0
2025-02-12T01:00+00:00,4115,5.7,1002.2,56.0,0.0,0.0,2.7,0
2025-02-12T02:00+00:00,4115,5.6,1002.0,77.0,0.0,0.0,1.0,0
2025-02-12T03:00+00:00,4115,4.5,1001.8,85.0,0.0,0.0,0.3,0
2025-02-12T04:00+00:00,4115,3.9,1001.6,80.0,0.1,0.0,0.5,0
2025-02-12T05:00+00:00,4115,3.4,1001.6,82.0,0.0,0.0,0.2,0
2025-02-12T06:00+00:00,4115,3.0,1001.5,71.0,0.1,0.0,0.7,0
2025-02-12T07:00+00:00,4115,3.1,1001.9,74.0,0.0,0.0,0.1,5
2025-02-12T08:00+00:00,4115,3.7,1002.0,77.0,0.0,0.0,-0.1,32
2025-02-12T09:00+00:00,4115,3.6,1001.8,84.0,0.0,0.0,-0.3,63
2025-02-12T10:00+00:00,4115,4.3,1001.9,82.0,0.0,0.0,-0.3,81
2025-02-12T11:00+00:00,4115,4.0,1001.2,80.0,0.0,0.0,-0.3,87
2025-02-12T12:00+00:00,4115,3.8,1001.0,80.0,0.0,0.0,0.4,104
2025-02-12T13:00+00:00,4115,3.9,1000.3,85.0,0.0,0.0,-0.3,55
2025-02-12T14:00+00:00,4115,3.3,1000.2,87.0,0.2,0.0,-0.3,41
2025-02-12T15:00+00:00,4115,3.5,1000.2,90.0,0.2,0.0,-0.7,18
2025-02-12T16:00+00:00,4115,3.3,1000.1,91.0,0.3,0.0,-1.1,4
2025-02-12T17:00+00:00,4115,3.4,1000.3,93.0,0.2,0.0,-1.2,0
2025-02-12T18:00+00:00,4115,3.2,1000.0,94.0,0.2,0.0,-1.2,0
2025-02-12T19:00+00:00,4115,3.0,999.9,95.0,0.0,0.0,-0.9,0
2025-02-12T20:00+00:00,4115,3.1,999.3,93.0,0.0,0.0,-0.7,0
2025-02-12T21:00+00:00,4115,3.8,999.0,94.0,0.0,0.0,-0.7,0
2025-02-12T22:00+00:00,4115,4.1,998.6,95.0,0.0,0.0,-0.7,0
2025-02-12T23:00+00:00,4115,3.6,998.6,96.0,0.0,0.0,-0.6,0
2025-02-13T00:00+00:00,4115,3.6,998.1,97.0,0.0,0.0,-0.6,0
2025-02-13T01:00+00:00,4115,3.3,997.8,98.0,0.0,0.0,-0.5,0
2025-02-13T02:00+00:00,4115,2.8,997.1,98.0,0.0,0.0,-0.5,0
2025-02-13T03:00+00:00,4115,2.6,997.1,99.0,0.0,0.0,-0.4,0
2025-02-13T04:00+00:00,4115,2.5,997.1,99.0,0.0,0.0,-0.3,0
2025-02-13T05:00+00:00,4115,2.5,996.9,99.0,0.0,0.0,-0.2,0
2025-02-13T06:00+00:00,4115,2.7,996.5,100.0,0.0,0.0,-0.1,0
2025-02-13T07:00+00:00,4115,3.1,996.6,100.0,0.0,0.0,-0.1,1
2025-02-13T08:00+00:00,4115,2.9,996.5,100.0,0.0,0.0,0.0,16
2025-02-13T09:00+00:00,4115,2.7,996.3,100.0,0.0,0.0,0.0,28
2025-02-13T10:00+00:00,4115,2.9,996.2,100.0,0.0,0.0,0.2,41
2025-02-13T11:00+00:00,4115,3.6,995.5,100.0,0.0,0.0,0.3,46
2025-02-13T12:00+00:00,4115,3.2,994.7,99.0,0.0,0.0,0.6,56
2025-02-13T13:00+00:00,4115,3.2,994.1,99.0,0.0,0.0,0.8,45
2025-02-13T14:00+00:00,4115,3.1,993.6,98.0,0.0,0.0,1.1,29
2025-02-13T15:00+00:00,4115,3.2,993.3,97.0,0.0,0.0,1.2,12
2025-02-13T16:00+00:00,4115,3.1,992.9,98.0,0.0,0.0,1.0,3
2025-02-13T17:00+00:00,4115,2.5,992.7,99.0,0.0,0.0,0.8,0
2025-02-13T18:00+00:00,4115,2.3,993.0,99.0,0.0,0.0,0.8,0
2025-02-13T19:00+00:00,4115,1.5,994.2,100.0,0.0,0.0,1.1,0
2025-02-13T20:00+00:00,4115,0.3,994.4,99.0,0.9,0.0,0.4,0
2025-02-13T21:00+00:00,4115,1.2,994.4,99.0,0.2,0.0,0.4,0
2025-02-13T22:00+00:00,4115,0.5,994.5,99.0,0.1,0.0,0.4,0
2025-02-13T23:00+00:00,4115,1.9,994.7,91.0,0.0,0.0,1.9,0
2025-02-14T00:00+00:00,4115,2.2,994.6,89.0,0.0,0.0,2.2,0
2025-02-14T01:00+00:00,4115,2.0,994.7,87.0,0.0,0.0,2.1,0
2025-02-14T02:00+00:00,4115,2.6,994.5,87.0,0.0,0.0,1.8,0
2025-02-14T03:00+00:00,4115,2.8,994.6,88.0,0.0,0.0,1.4,0
2025-02-14T04:00+00:00,4115,2.7,994.6,89.0,0.0,0.0,1.0,0
2025-02-14T05:00+00:00,4115,2.8,995.2,84.0,0.0,0.0,0.7,0
2025-02-14T06:00+00:00,4115,2.2,995.5,85.0,0.0,0.0,0.3,0
2025-02-14T07:00+00:00,4115,3.0,996.3,84.0,0.0,0.0,0.1,12
2025-02-14T08:00+00:00,4115,3.9,997.0,84.0,0.0,0.0,-0.2,54
2025-02-14T09:00+00:00,4115,5.0,997.7,81.0,0.0,0.0,0.1,111
2025-02-14T10:00+00:00,4115,5.1,998.0,77.0,0.0,0.0,0.4,216
2025-02-14T11:00+00:00,4115,5.4,998.2,76.0,0.0,0.2,0.8,280
2025-02-14T12:00+00:00,4115,5.4,998.2,72.0,0.0,0.7,1.1,303
2025-02-14T13:00+00:00,4115,4.8,998.2,72.0,0.0,0.0,1.3,150
2025-02-14T14:00+00:00,4115,4.7,998.6,74.0,0.0,0.0,1.4,117
2025-02-14T15:00+00:00,4115,4.6,999.0,76.0,0.0,0.0,1.1,49
2025-02-14T16:00+00:00,4115,4.0,999.5,79.0,0.0,0.0,0.6,10
2025-02-14T17:00+00:00,4115,3.2,1000.3,80.0,0.0,0.0,0.5,0
2025-02-14T18:00+00:00,4115,4.8,1001.0,77.0,0.0,0.0,0.3,0
2025-02-14T19:00+00:00,4115,3.3,1001.5,81.0,0.0,0.0,0.3,0
2025-02-14T20:00+00:00,4115,3.6,1002.1,78.0,0.0,0.0,0.4,0
2025-02-14T21:00+00:00,4115,4.3,1002.3,79.0,0.0,0.0,0.1,0
2025-02-14T22:00+00:00,4115,4.1,1002.6,79.0,0.0,0.0,-0.1,0
2025-02-14T23:00+00:00,4115,4.1,1003.0,73.0,0.0,0.0,-0.7,0
2025-02-15T00:00+00:00,4115,4.2,1003.1,74.0,0.0,0.0,-1.5,0
2025-02-15T01:00+00:00,4115,3.8,1003.4,75.0,0.0,0.0,-1.9,0
2025-02-15T02:00+00:00,4115,2.7,1003.2,73.0,0.0,0.0,-2.7,0
2025-02-15T03:00+00:00,4115,3.3,1003.2,72.0,0.0,0.0,-2.8,0
2025-02-15T04:00+00:00,4115,3.5,1003.3,72.0,0.0,0.0,-3.0,0
2025-02-15T05:00+00:00,4115,3.5,1003.3,69.0,0.0,0.0,-2.8,0
2025-02-15T06:00+00:00,4115,3.3,1003.4,70.0,0.0,0.0,-3.0,0
2025-02-15T07:00+00:00,4115,4.0,1003.7,67.0,0.0,0.0,-2.0,33
2025-02-15T08:00+00:00,4115,4.3,1003.5,62.0,0.0,0.8,-0.2,205
2025-02-15T09:00+00:00,4115,5.0,1003.2,58.0,0.0,1.0,0.4,327
2025-02-15T10:00+00:00,4115,4.3,1002.9,58.0,0.0,0.8,0.3,376
2025-02-15T11:00+00:00,4115,3.9,1002.3,53.0,0.0,0.5,0.8,325
2025-02-15T12:00+00:00,4115,3.7,1001.5,50.0,0.0,0.5,0.5,309
2025-02-15T13:00+00:00,4115,2.2,1000.8,50.0,0.0,0.0,0.9,207
2025-02-15T14:00+00:00,4115,2.5,1000.5,56.0,0.0,0.0,0.4,113
2025-02-15T15:00+00:00,4115,2.3,1000.2,54.0,0.0,0.0,0.1,74
2025-02-15T16:00+00:00,4115,1.7,1000.2,54.0,0.0,0.0,-0.2,24
2025-02-15T17:00+00:00,4115,2.5,1000.4,55.0,0.0,0.0,-0.6,0
2025-02-15T18:00+00:00,4115,2.5,1000.4,55.0,0.0,0.0,-0.8,0
2025-02-15T19:00+00:00,4115,1.7,1000.5,54.0,0.0,0.0,-1.0,0
2025-02-15T20:00+00:00,4115,1.9,1000.1,54.0,0.0,0.0,-1.2,0
2025-02-15T21:00+00:00,4115,2.5,999.9,57.0,0.0,0.0,-1.2,0
2025-02-15T22:00+00:00,4115,1.8,999.8,58.0,0.0,0.0,-1.4,0
2025-02-15T23:00+00:00,4115,1.1,999.9,61.0,0.0,0.0,-1.7,0
2025-02-16T00:00+00:00,4115,1.3,999.5,61.0,0.0,0.0,-1.7,0
2025-02-16T01:00+00:00,4115,1.1,999.1,60.0,0.0,0.0,-1.8,0
2025-02-16T02:00+00:00,4115,0.6,998.8,62.0,0.0,0.0,-2.0,0
2025-02-16T03:00+00:00,4115,0.3,998.6,68.0,0.0,0.0,-2.7,0
2025-02-16T04:00+00:00,4115,1.0,998.8,74.0,0.0,0.0,-3.4,0
2025-02-16T05:00+00:00,4115,0.4,998.8,79.0,0.0,0.0,-4.4,0
2025-02-16T06:00+00:00,4115,2.2,998.9,79.0,0.0,0.0,-3.7,0
2025-02-16T07:00+00:00,4115,2.0,999.3,78.0,0.0,0.0,-3.4,25
2025-02-16T08:00+00:00,4115,2.2,999.3,70.0,0.0,0.5,-1.8,143
2025-02-16T09:00+00:00,4115,2.2,999.2,51.0,0.0,0.8,-0.6,271
2025-02-16T10:00+00:00,4115,2.6,999.1,46.0,0.0,1.0,1.2,421
2025-02-16T11:00+00:00,4115,3.3,998.8,43.0,0.0,1.0,1.9,526
2025-02-16T12:00+00:00,4115,3.3,998.5,50.0,0.0,0.2,0.9,287
2025-02-16T13:00+00:00,4115,3.6,998.2,46.0,0.0,0.1,1.3,255
2025-02-16T14:00+00:00,4115,3.4,998.1,48.0,0.0,0.0,1.1,217
2025-02-16T15:00+00:00,4115,3.6,998.4,53.0,0.0,0.0,0.5,128
2025-02-16T16:00+00:00,4115,2.7,998.9,54.0,0.0,0.0,0.1,49
2025-02-16T17:00+00:00,4115,2.6,999.3,64.0,0.0,0.0,-0.8,1
2025-02-16T18:00+00:00,4115,3.0,999.5,63.0,0.0,0.0,-0.8,0
2025-02-16T19:00+00:00,4115,4.1,999.8,64.0,0.0,0.0,-1.4,0
2025-02-16T20:00+00:00,4115,3.3,1000.2,64.0,0.0,0.0,-1.5,0
2025-02-16T21:00+00:00,4115,1.9,1000.5,66.0,0.0,0.0,-1.8,0
2025-02-16T22:00+00:00,4115,2.4,1000.5,72.0,0.0,0.0,-3.6,0
2025-02-16T23:00+00:00,4115,2.0,1000.8,73.0,0.0,0.0,-4.1,0
2025-02-17T00:00+00:00,4115,2.0,1000.9,76.0,0.0,0.0,-4.8,0
2025-02-17T01:00+00:00,4115,1.2,1001.1,78.0,0.0,0.0,-5.4,0
2025-02-17T02:00+00:00,4115,0.5,1001.0,79.0,0.0,0.0,-5.4,0
2025-02-17T03:00+00:00,4115,0.5,1001.3,83.0,0.0,0.0,-6.3,0
2025-02-17T04:00+00:00,4115,0.5,1001.6,83.0,0.0,0.0,-6.3,0
2025-02-17T05:00+00:00,4115,0.6,1001.9,82.0,0.0,0.0,-6.1,0
2025-02-17T06:00+00:00,4115,0.4,1002.4,87.0,0.0,0.0,-7.7,0
2025-02-17T07:00+00:00,4115,0.4,1003.1,85.0,0.0,0.4,-5.9,52
2025-02-17T08:00+00:00,4115,0.5,1003.5,77.0,0.0,1.0,-3.6,184
2025-02-17T09:00+00:00,4115,1.1,1003.5,71.0,0.0,1.0,-2.5,297
2025-02-17T10:00+00:00,4115,1.2,1003.3,65.0,0.0,0.9,-0.8,390
2025-02-17T11:00+00:00,4115,1.7,1002.9,56.0,0.0,1.0,1.0,471
2025-02-17T12:00+00:00,4115,2.2,1002.2,46.0,0.0,1.0,1.9,474
2025-02-17T13:00+00:00,4115,2.5,1001.6,46.0,0.0,0.9,2.4,425
2025-02-17T14:00+00:00,4115,2.5,1001.2,46.0,0.0,0.6,1.4,274
2025-02-17T15:00+00:00,4115,2.2,1001.2,44.0,0.0,0.1,0.9,108
2025-02-17T16:00+00:00,4115,2.2,1001.4,49.0,0.0,0.0,0.5,41
2025-02-17T17:00+00:00,4115,2.2,1001.8,53.0,0.0,0.0,-0.3,1
2025-02-17T18:00+00:00,4115,1.2,1001.6,61.0,0.0,0.0,-2.4,0
2025-02-17T19:00+00:00,4115,1.6,1001.8,66.0,0.0,0.0,-3.8,0
2025-02-17T20:00+00:00,4115,1.7,1001.6,70.0,0.0,0.0,-4.0,0
2025-02-17T21:00+00:00,4115,1.6,1001.9,76.0,0.0,0.0,-4.7,0
2025-02-17T22:00+00:00,4115,2.1,1001.6,76.0,0.0,0.0,-4.5,0
2025-02-17T23:00+00:00,4115,2.6,1001.8,74.0,0.0,0.0,-3.7,0
2025-02-18T00:00+00:00,4115,3.0,1001.8,75.0,0.0,0.0,-2.9,0
2025-02-18T01:00+00:00,4115,3.1,1001.8,75.0,0.0,0.0,-2.6,0
2025-02-18T02:00+00:00,4115,3.0,1001.9,73.0,0.0,0.0,-2.4,0
2025-02-18T03:00+00:00,4115,2.9,1002.3,71.0,0.0,0.0,-2.5,0
2025-02-18T04:00+00:00,4115,2.6,1002.9,69.0,0.0,0.0,-2.5,0
2025-02-18T05:00+00:00,4115,2.3,1003.4,63.0,0.0,0.0,-2.2,0
2025-02-18T06:00+00:00,4115,3.2,1003.7,62.0,0.0,0.0,-2.5,0
2025-02-18T07:00+00:00,4115,2.4,1004.6,60.0,0.0,0.0,-2.2,17
2025-02-18T08:00+00:00,4115,2.4,1005.1,58.0,0.0,0.0,-1.7,61
2025-02-18T09:00+00:00,4115,2.7,1005.6,54.0,0.0,0.0,-1.2,130
2025-02-18T10:00+00:00,4115,3.0,1006.0,50.0,0.0,0.0,-0.4,225
2025-02-18T11:00+00:00,4115,3.2,1005.9,43.0,0.0,0.9,1.1,444
2025-02-18T12:00+00:00,4115,2.7,1005.8,43.0,0.0,0.2,0.0,232
2025-02-18T13:00+00:00,4115,2.0,1005.6,39.0,0.0,0.5,1.6,330
2025-02-18T14:00+00:00,4115,3.0,1005.7,40.0,0.0,0.9,1.3,335
2025-02-18T15:00+00:00,4115,3.4,1005.9,42.0,0.0,1.0,0.7,208
2025-02-18T16:00+00:00,4115,3.2,1006.4,45.0,0.0,0.8,-0.9,61
2025-02-18T17:00+00:00,4115,1.8,1006.9,49.0,0.0,0.0,-2.4,3
2025-02-18T18:00+00:00,4115,2.0,1007.4,54.0,0.0,0.0,-3.4,0
2025-02-18T19:00+00:00,4115,2.0,1007.7,60.0,0.0,0.0,-4.8,0
2025-02-18T20:00+00:00,4115,1.9,1008.4,61.0,0.0,0.0,-5.3,0
2025-02-18T21:00+00:00,4115,2.0,1008.6,64.0,0.0,0.0,-5.9,0
2025-02-18T22:00+00:00,4115,1.1,1008.6,66.0,0.0,0.0,-6.4,0
2025-02-18T23:00+00:00,4115,1.9,1008.8,65.0,0.0,0.0,-5.9,0
2025-02-19T00:00+00:00,4115,1.9,1008.9,71.0,0.0,0.0,-7.0,0
2025-02-19T01:00+00:00,4115,0.6,1009.1,70.0,0.0,0.0,-7.2,0
2025-02-19T02:00+00:00,4115,0.2,1009.3,74.0,0.0,0.0,-8.4,0
2025-02-19T03:00+00:00,4115,0.9,1009.2,78.0,0.0,0.0,-9.1,0
2025-02-19T04:00+00:00,4115,0.7,1009.8,79.0,0.0,0.0,-9.6,0
2025-02-19T05:00+00:00,4115,0.9,1009.7,80.0,0.0,0.0,-9.1,0
2025-02-19T06:00+00:00,4115,0.8,1009.8,79.0,0.0,0.0,-9.0,1
2025-02-19T07:00+00:00,4115,0.4,1010.0,79.0,0.0,0.7,-8.2,67
2025-02-19T08:00+00:00,4115,1.0,1010.4,72.0,0.0,1.0,-5.7,211
2025-02-19T09:00+00:00,4115,1.6,1010.3,66.0,0.0,1.0,-3.9,336
2025-02-19T10:00+00:00,4115,2.1,1010.1,57.0,0.0,1.0,-1.1,438
2025-02-19T11:00+00:00,4115,3.0,1009.3,43.0,0.0,1.0,1.3,495
2025-02-19T12:00+00:00,4115,3.7,1008.6,38.0,0.0,1.0,2.2,495
2025-02-19T13:00+00:00,4115,4.3,1008.2,37.0,0.0,1.0,2.5,448
2025-02-19T14:00+00:00,4115,4.1,1008.2,37.0,0.0,1.0,3.0,341
2025-02-19T15:00+00:00,4115,3.9,1007.8,39.0,0.0,1.0,2.3,209
2025-02-19T16:00+00:00,4115,3.6,1007.9,43.0,0.0,1.0,1.4,75
2025-02-19T17:00+00:00,4115,2.7,1008.1,49.0,0.0,0.0,-0.2,3
2025-02-19T18:00+00:00,4115,1.9,1008.5,55.0,0.0,0.0,-2.1,0
2025-02-19T19:00+00:00,4115,2.3,1008.5,56.0,0.0,0.0,-2.5,0
2025-02-19T20:00+00:00,4115,2.4,1008.7,59.0,0.0,0.0,-3.0,0
2025-02-19T21:00+00:00,4115,2.3,1008.8,62.0,0.0,0.0,-3.9,0
2025-02-19T22:00+00:00,4115,2.6,1008.7,62.0,0.0,0.0,-3.7,0
2025-02-19T23:00+00:00,4115,2.8,1008.6,63.0,0.0,0.0,-3.8,0
2025-02-20T00:00+00:00,4115,2.6,1008.5,65.0,0.0,0.0,-4.1,0
2025-02-20T01:00+00:00,4115,2.7,1008.7,67.0,0.0,0.0,-4.3,0
2025-02-20T02:00+00:00,4115,2.6,1008.5,70.0,0.0,0.0,-4.9,0
2025-02-20T03:00+00:00,4115,2.3,1008.4,71.0,0.0,0.0,-5.4,0
2025-02-20T04:00+00:00,4115,2.0,1008.6,74.0,0.0,0.0,-5.6,0
2025-02-20T05:00+00:00,4115,2.0,1008.5,75.0,0.0,0.0,-5.7,0
2025-02-20T06:00+00:00,4115,2.2,1008.8,75.0,0.0,0.0,-5.5,1
2025-02-20T07:00+00:00,4115,2.6,1009.1,73.0,0.0,0.7,-4.7,66
2025-02-20T08:00+00:00,4115,2.8,1008.9,64.0,0.0,1.0,-2.3,206
2025-02-20T09:00+00:00,4115,2.8,1009.0,52.0,0.0,1.0,0.1,344
2025-02-20T10:00+00:00,4115,4.0,1009.1,45.0,0.0,1.0,2.6,444
2025-02-20T11:00+00:00,4115,4.0,1008.8,42.0,0.0,1.0,3.6,500
2025-02-20T12:00+00:00,4115,3.2,1008.5,40.0,0.0,1.0,4.6,491
2025-02-20T13:00+00:00,4115,3.3,1008.4,37.0,0.0,1.0,4.7,447
2025-02-20T14:00+00:00,4115,3.3,1008.2,37.0,0.0,1.0,4.8,348
2025-02-20T15:00+00:00,4115,2.8,1008.1,37.0,0.0,1.0,4.6,217
2025-02-20T16:00+00:00,4115,2.9,1008.2,39.0,0.0,0.9,3.1,81
2025-02-20T17:00+00:00,4115,1.8,1008.6,45.0,0.0,0.0,0.8,3
2025-02-20T18:00+00:00,4115,1.5,1008.7,52.0,0.0,0.0,-1.7,0
2025-02-20T19:00+00:00,4115,1.5,1009.1,55.0,0.0,0.0,-2.3,0
2025-02-20T20:00+00:00,4115,1.7,1009.1,58.0,0.0,0.0,-3.0,0
2025-02-20T21:00+00:00,4115,1.7,1009.1,59.0,0.0,0.0,-3.2,0
2025-02-20T22:00+00:00,4115,1.9,1009.2,62.0,0.0,0.0,-3.7,0
2025-02-20T23:00+00:00,4115,1.9,1009.3,64.0,0.0,0.0,-4.0,0
2025-02-21T00:00+00:00,4115,1.8,1009.6,64.0,0.0,0.0,-3.6,0
2025-02-21T01:00+00:00,4115,1.7,1009.6,68.0,0.0,0.0,-4.4,0
2025-02-21T02:00+00:00,4115,1.4,1009.5,69.0,0.0,0.0,-3.9,0
2025-02-21T03:00+00:00,4115,1.1,1009.1,69.0,0.0,0.0,-3.3,0
2025-02-21T04:00+00:00,4115,1.4,1009.7,70.0,0.0,0.0,-2.8,0
2025-02-21T05:00+00:00,4115,1.6,1009.8,68.0,0.0,0.0,-1.8,0
2025-02-21T06:00+00:00,4115,2.1,1009.9,65.0,0.0,0.0,-1.3,1
2025-02-21T07:00+00:00,4115,2.1,1010.4,62.0,0.0,0.0,-0.4,32
2025-02-21T08:00+00:00,4115,2.8,1010.3,56.0,0.0,0.4,0.9,168
2025-02-21T09:00+00:00,4115,2.9,1010.4,54.0,0.0,0.1,1.4,190
2025-02-21T10:00+00:00,4115,3.3,1010.3,50.0,0.0,0.0,2.7,213
2025-02-21T11:00+00:00,4115,3.7,1010.2,47.0,0.0,0.1,3.4,273
2025-02-21T12:00+00:00,4115,3.8,1009.9,45.0,0.0,0.0,3.3,283
2025-02-21T13:00+00:00,4115,3.8,1009.8,44.0,0.0,0.0,3.6,182
2025-02-21T14:00+00:00,4115,4.1,1009.3,42.0,0.0,0.2,3.3,215
2025-02-21T15:00+00:00,4115,4.2,1009.1,41.0,0.0,0.6,3.9,131
2025-02-21T16:00+00:00,4115,3.7,1008.8,42.0,0.0,1.0,2.8,80
2025-02-21T17:00+00:00,4115,3.7,1008.9,43.0,0.0,0.0,1.7,3
2025-02-21T18:00+00:00,4115,3.1,1008.8,44.0,0.0,0.0,1.4,0
2025-02-21T19:00+00:00,4115,3.3,1008.6,47.0,0.0,0.0,1.0,0
2025-02-21T20:00+00:00,4115,3.0,1008.2,51.0,0.0,0.0,0.5,0
2025-02-21T21:00+00:00,4115,2.7,1007.8,57.0,0.0,0.0,-0.6,0
2025-02-21T22:00+00:00,4115,3.3,1007.4,58.0,0.0,0.0,-0.6,0
2025-02-21T23:00+00:00,4115,3.1,1006.8,58.0,0.0,0.0,-0.2,0
2025-02-22T00:00+00:00,4115,3.3,1006.8,59.0,0.0,0.0,-0.1,0
2025-02-22T01:00+00:00,4115,3.8,1006.6,62.0,0.0,0.0,-0.3,0
2025-02-22T02:00+00:00,4115,3.7,1006.3,65.0,0.0,0.0,-0.4,0
2025-02-22T03:00+00:00,4115,3.7,1005.8,66.0,0.0,0.0,-1.1,0
2025-02-22T04:00+00:00,4115,3.5,1005.4,68.0,0.0,0.0,-1.8,0
2025-02-22T05:00+00:00,4115,3.9,1004.9,64.0,0.0,0.0,-1.2,0
2025-02-22T06:00+00:00,4115,4.5,1004.9,65.0,0.0,0.0,-1.5,1
2025-02-22T07:00+00:00,4115,4.1,1004.8,60.0,0.0,0.7,-0.4,74
2025-02-22T08:00+00:00,4115,4.5,1004.5,55.0,0.0,1.0,0.8,213
2025-02-22T09:00+00:00,4115,5.4,1004.2,48.0,0.0,1.0,2.4,338
2025-02-22T10:00+00:00,4115,5.6,1004.1,43.0,0.0,1.0,3.9,436
2025-02-22T11:00+00:00,4115,5.7,1003.7,40.0,0.0,1.0,5.2,488
2025-02-22T12:00+00:00,4115,5.8,1003.2,38.0,0.0,1.0,6.3,484
2025-02-22T13:00+00:00,4115,5.2,1003.0,36.0,0.0,1.0,6.8,442
2025-02-22T14:00+00:00,4115,5.1,1002.7,35.0,0.0,1.0,7.0,344
2025-02-22T15:00+00:00,4115,4.8,1002.6,36.0,0.0,1.0,6.5,217
2025-02-22T16:00+00:00,4115,4.2,1003.2,41.0,0.0,1.0,6.0,82
2025-02-22T17:00+00:00,4115,3.5,1004.1,43.0,0.0,0.0,3.5,5
2025-02-22T18:00+00:00,4115,3.3,1004.4,45.0,0.0,0.0,2.4,0
2025-02-22T19:00+00:00,4115,3.0,1004.6,48.0,0.0,0.0,1.5,0
2025-02-22T20:00+00:00,4115,1.8,1005.2,52.0,0.0,0.0,0.4,0
2025-02-22T21:00+00:00,4115,1.3,1005.3,58.0,0.0,0.0,-1.2,0
2025-02-22T22:00+00:00,4115,1.4,1005.5,61.0,0.0,0.0,-1.8,0
2025-02-22T23:00+00:00,4115,1.1,1005.7,65.0,0.0,0.0,-2.3,0
2025-02-23T00:00+00:00,4115,1.4,1005.9,68.0,0.0,0.0,-2.8,0
2025-02-23T01:00+00:00,4115,1.3,1006.5,71.0,0.0,0.0,-3.7,0
2025-02-23T02:00+00:00,4115,1.5,1006.8,71.0,0.0,0.0,-4.0,0
2025-02-23T03:00+00:00,4115,1.2,1007.0,72.0,0.0,0.0,-4.4,0
2025-02-23T04:00+00:00,4115,0.8,1007.1,75.0,0.0,0.0,-4.8,0
2025-02-23T05:00+00:00,4115,1.2,1007.1,71.0,0.0,0.0,-2.3,0
2025-02-23T06:00+00:00,4115,0.7,1007.5,68.0,0.0,0.0,-1.7,1
2025-02-23T07:00+00:00,4115,0.7,1007.8,66.0,0.0,0.0,-1.1,27
2025-02-23T08:00+00:00,4115,0.8,1008.1,63.0,0.0,0.0,-0.3,53
2025-02-23T09:00+00:00,4115,0.8,1008.5,62.0,0.0,0.0,0.4,67
2025-02-23T10:00+00:00,4115,0.1,1008.5,60.0,0.0,0.0,1.0,75
2025-02-23T11:00+00:00,4115,0.5,1008.5,59.0,0.0,0.0,2.0,117
2025-02-23T12:00+00:00,4115,0.8,1008.2,60.0,0.0,0.0,2.6,120
2025-02-23T13:00+00:00,4115,0.9,1008.0,68.0,0.0,0.0,2.1,71
2025-02-23T14:00+00:00,4115,0.3,1008.0,66.0,0.0,0.0,2.6,83
2025-02-23T15:00+00:00,4115,0.3,1007.8,66.0,0.0,0.0,2.6,52
2025-02-23T16:00+00:00,4115,0.3,1007.8,69.0,0.0,0.0,2.5,20
2025-02-23T17:00+00:00,4115,0.6,1007.9,73.0,0.0,0.0,2.2,1
2025-02-23T18:00+00:00,4115,0.3,1008.0,74.0,0.0,0.0,2.4,0
2025-02-23T19:00+00:00,4115,0.1,1008.1,77.0,0.0,0.0,2.5,0
2025-02-23T20:00+00:00,4115,0.1,1008.4,76.0,0.0,0.0,2.5,0
2025-02-23T21:00+00:00,4115,0.4,1008.2,74.0,0.0,0.0,2.4,0
2025-02-23T22:00+00:00,4115,0.2,1008.0,76.0,0.0,0.0,2.2,0
2025-02-23T23:00+00:00,4115,0.4,1007.8,77.0,0.0,0.0,2.1,0
2025-02-24T00:00+00:00,4115,0.3,1007.8,78.0,0.0,0.0,1.9,0
2025-02-24T01:00+00:00,4115,0.4,1007.7,80.0,0.0,0.0,1.5,0
2025-02-24T02:00+00:00,4115,0.2,1007.5,84.0,0.0,0.0,1.4,0
2025-02-24T03:00+00:00,4115,0.2,1007.4,85.0,0.0,0.0,1.1,0
2025-02-24T04:00+00:00,4115,0.5,1007.0,84.0,0.0,0.0,1.2,0
2025-02-24T05:00+00:00,4115,0.4,1006.7,84.0,0.0,0.0,1.4,0
2025-02-24T06:00+00:00,4115,0.1,1006.9,85.0,0.0,0.0,1.2,0
2025-02-24T07:00+00:00,4115,0.2,1006.8,82.0,0.0,0.0,1.8,28
2025-02-24T08:00+00:00,4115,0.3,1006.7,74.0,0.0,0.9,4.4,194
2025-02-24T09:00+00:00,4115,0.6,1006.4,66.0,0.0,1.0,7.5,329
2025-02-24T10:00+00:00,4115,0.5,1005.9,58.0,0.0,1.0,11.0,431
2025-02-24T11:00+00:00,4115,1.0,1005.1,56.0,0.0,1.0,12.7,497
2025-02-24T12:00+00:00,4115,1.0,1004.2,50.0,0.0,1.0,14.0,500
2025-02-24T13:00+00:00,4115,1.4,1003.4,51.0,0.0,0.9,13.8,447
2025-02-24T14:00+00:00,4115,1.4,1002.9,51.0,0.0,0.3,13.8,244
2025-02-24T15:00+00:00,4115,1.6,1002.4,50.0,0.0,1.0,13.5,220
2025-02-24T16:00+00:00,4115,1.5,1002.1,54.0,0.0,0.8,12.2,84
2025-02-24T17:00+00:00,4115,1.2,1002.1,63.0,0.0,0.0,8.6,5
2025-02-24T18:00+00:00,4115,1.0,1001.6,65.0,0.0,0.0,7.8,0
2025-02-24T19:00+00:00,4115,0.7,1001.4,70.0,0.0,0.0,5.8,0
2025-02-24T20:00+00:00,4115,2.1,1001.1,75.0,0.0,0.0,4.8,0
2025-02-24T21:00+00:00,4115,1.9,1000.8,81.0,0.0,0.0,3.1,0
2025-02-24T22:00+00:00,4115,2.5,1000.4,84.0,0.0,0.0,2.8,0
2025-02-24T23:00+00:00,4115,2.1,999.9,86.0,0.0,0.0,2.5,0
2025-02-25T00:00+00:00,4115,1.7,999.7,87.0,0.0,0.0,2.5,0
2025-02-25T01:00+00:00,4115,1.4,999.3,90.0,0.0,0.0,1.8,0
2025-02-25T02:00+00:00,4115,1.4,998.9,91.0,0.0,0.0,1.4,0
2025-02-25T03:00+00:00,4115,1.0,998.7,92.0,0.0,0.0,1.3,0
2025-02-25T04:00+00:00,4115,1.2,998.7,90.0,0.0,0.0,2.1,0
2025-02-25T05:00+00:00,4115,1.5,998.4,90.0,0.0,0.0,2.5,0
2025-02-25T06:00+00:00,4115,1.7,998.4,89.0,0.0,0.0,2.5,1
2025-02-25T07:00+00:00,4115,2.2,998.5,97.0,0.0,0.0,2.4,9
2025-02-25T08:00+00:00,4115,2.2,998.6,96.0,0.0,0.0,2.1,28
2025-02-25T09:00+00:00,4115,2.3,998.6,99.0,0.0,0.0,2.2,52
2025-02-25T10:00+00:00,4115,2.3,998.2,99.0,0.0,0.0,2.4,69
2025-02-25T11:00+00:00,4115,2.4,998.1,98.0,0.0,0.0,2.7,79
2025-02-25T12:00+00:00,4115,2.2,997.3,99.0,0.0,0.0,3.1,78
2025-02-25T13:00+00:00,4115,2.7,996.6,100.0,0.0,0.0,3.5,63
2025-02-25T14:00+00:00,4115,2.5,995.9,99.0,0.0,0.0,4.1,51
2025-02-25T15:00+00:00,4115,2.7,995.2,98.0,0.0,0.0,4.6,36
2025-02-25T16:00+00:00,4115,2.8,994.5,95.0,0.0,0.0,4.9,10
2025-02-25T17:00+00:00,4115,2.8,994.6,93.0,0.0,0.0,5.4,0
2025-02-25T18:00+00:00,4115,2.5,994.4,95.0,0.0,0.0,5.6,0
2025-02-25T19:00+00:00,4115,2.9,993.7,94.0,0.0,0.0,5.8,0
2025-02-25T20:00+00:00,4115,2.9,993.3,91.0,0.0,0.0,6.0,0
2025-02-25T21:00+00:00,4115,2.7,992.7,90.0,0.0,0.0,6.2,0
2025-02-25T22:00+00:00,4115,2.7,992.5,85.0,0.0,0.0,6.1,0
2025-02-25T23:00+00:00,4115,2.3,992.4,85.0,0.0,0.0,6.1,0
2025-02-26T00:00+00:00,4115,2.0,992.3,86.0,0.0,0.0,6.1,0
2025-02-26T01:00+00:00,4115,1.9,992.2,85.0,0.0,0.0,6.1,0
2025-02-26T02:00+00:00,4115,1.5,992.2,85.0,0.0,0.0,6.0,0
2025-02-26T03:00+00:00,4115,0.9,991.8,85.0,0.0,0.0,5.8,0
2025-02-26T04:00+00:00,4115,1.0,992.1,86.0,0.0,0.0,5.6,0
2025-02-26T05:00+00:00,4115,1.0,992.5,89.0,0.0,0.0,5.6,0
2025-02-26T06:00+00:00,4115,0.9,992.9,90.0,0.0,0.0,5.8,1
2025-02-26T07:00+00:00,4115,1.2,993.3,88.0,0.0,0.0,6.0,11
2025-02-26T08:00+00:00,4115,1.2,993.8,85.0,0.0,0.0,6.7,49
2025-02-26T09:00+00:00,4115,2.3,994.0,81.0,0.0,0.0,7.9,106
2025-02-26T10:00+00:00,4115,2.8,994.3,82.0,0.0,0.0,8.0,90
2025-02-26T11:00+00:00,4115,2.2,994.4,77.0,0.0,0.0,8.9,95
2025-02-26T12:00+00:00,4115,2.4,994.4,71.0,0.0,0.0,9.3,83
2025-02-26T13:00+00:00,4115,3.0,994.2,67.0,0.0,0.0,9.7,71
2025-02-26T14:00+00:00,4115,2.8,994.2,64.0,0.0,0.0,10.3,79
2025-02-26T15:00+00:00,4115,2.8,994.2,60.0,0.0,0.0,10.5,81
2025-02-26T16:00+00:00,4115,3.0,994.4,63.0,0.0,0.0,9.9,45
2025-02-26T17:00+00:00,4115,3.0,994.9,65.0,0.0,0.0,9.4,3
2025-02-26T18:00+00:00,4115,3.1,995.3,65.0,0.0,0.0,9.2,0
2025-02-26T19:00+00:00,4115,3.4,995.7,67.0,0.0,0.0,8.7,0
2025-02-26T20:00+00:00,4115,2.8,996.3,68.0,0.0,0.0,8.5,0
2025-02-26T21:00+00:00,4115,3.0,996.6,68.0,0.0,0.0,8.4,0
2025-02-26T22:00+00:00,4115,2.5,996.8,73.0,0.0,0.0,7.7,0
2025-02-26T23:00+00:00,4115,3.3,996.9,77.0,0.0,0.0,7.3,0
2025-02-27T00:00+00:00,4115,3.4,997.0,78.0,0.0,0.0,6.9,0
2025-02-27T01:00+00:00,4115,3.5,996.7,79.0,0.0,0.0,6.6,0
2025-02-27T02:00+00:00,4115,3.8,996.5,80.0,0.0,0.0,6.5,0
2025-02-27T03:00+00:00,4115,3.7,996.4,81.0,0.0,0.0,6.0,0
2025-02-27T04:00+00:00,4115,3.2,996.4,80.0,0.0,0.0,5.9,0
2025-02-27T05:00+00:00,4115,3.3,996.3,79.0,0.0,0.0,6.2,0
2025-02-27T06:00+00:00,4115,3.2,996.6,79.0,0.0,0.0,6.1,0
2025-02-27T07:00+00:00,4115,2.9,996.8,80.0,0.0,0.0,6.0,10
2025-02-27T08:00+00:00,4115,2.9,996.9,80.0,0.0,0.0,6.3,36
2025-02-27T09:00+00:00,4115,3.0,996.9,82.0,0.0,0.0,6.4,74
2025-02-27T10:00+00:00,4115,2.5,996.8,83.0,0.0,0.0,6.8,116
2025-02-27T11:00+00:00,4115,1.9,996.6,79.0,0.0,0.0,7.7,167
2025-02-27T12:00+00:00,4115,2.0,996.0,81.0,0.0,0.0,7.6,134
2025-02-27T13:00+00:00,4115,1.2,995.6,80.0,0.2,0.0,7.7,116
2025-02-27T14:00+00:00,4115,1.2,995.3,77.0,0.0,0.0,8.1,139
2025-02-27T15:00+00:00,4115,1.2,995.1,75.0,0.0,0.0,8.3,90
2025-02-27T16:00+00:00,4115,1.0,995.2,74.0,0.0,0.0,8.2,48
2025-02-27T17:00+00:00,4115,0.7,995.5,80.0,0.0,0.0,6.7,9
2025-02-27T18:00+00:00,4115,1.4,995.8,86.0,0.0,0.0,4.9,0
2025-02-27T19:00+00:00,4115,1.9,996.0,98.0,0.0,0.0,4.4,0
2025-02-27T20:00+00:00,4115,1.7,996.2,100.0,0.0,0.0,3.3,0
2025-02-27T21:00+00:00,4115,0.9,996.6,100.0,0.0,0.0,4.6,0
2025-02-27T22:00+00:00,4115,1.2,996.6,79.0,0.0,0.0,5.8,0
2025-02-27T23:00+00:00,4115,3.6,997.0,71.0,0.0,0.0,6.7,0
2025-02-28T00:00+00:00,4115,3.5,997.5,71.0,0.0,0.0,6.6,0
2025-02-28T01:00+00:00,4115,3.1,997.9,72.0,0.0,0.0,6.2,0
2025-02-28T02:00+00:00,4115,2.7,998.0,72.0,0.0,0.0,5.7,0
2025-02-28T03:00+00:00,4115,2.7,998.0,73.0,0.0,0.0,4.9,0
2025-02-28T04:00+00:00,4115,2.2,998.0,77.0,0.0,0.0,4.6,0
2025-02-28T05:00+00:00,4115,2.2,998.6,80.0,0.0,0.0,4.6,0
2025-02-28T06:00+00:00,4115,2.5,998.9,80.0,0.0,0.0,4.7,3
2025-02-28T07:00+00:00,4115,2.2,999.3,78.0,0.0,0.1,5.4,55
2025-02-28T08:00+00:00,4115,2.7,999.8,74.0,0.0,0.4,5.8,182
2025-02-28T09:00+00:00,4115,2.5,999.9,73.0,0.0,0.0,6.2,186
2025-02-28T10:00+00:00,4115,2.5,999.9,59.0,0.0,0.4,8.3,275
2025-02-28T11:00+00:00,4115,3.2,999.6,47.0,0.0,0.9,9.7,499
2025-02-28T12:00+00:00,4115,2.7,999.0,53.0,0.0,0.2,8.8,253
2025-02-28T13:00+00:00,4115,1.9,998.8,53.0,0.0,0.2,9.1,191
2025-02-28T14:00+00:00,4115,2.0,998.8,57.0,0.1,0.0,8.5,58
2025-02-28T15:00+00:00,4115,1.3,998.9,50.0,0.0,0.1,9.3,91
2025-02-28T16:00+00:00,4115,2.9,999.6,56.0,0.0,0.2,7.9,69
2025-02-28T17:00+00:00,4115,1.8,1000.1,68.0,0.0,0.0,6.2,3
2025-02-28T18:00+00:00,4115,1.6,1000.5,71.0,0.0,0.0,5.7,0
2025-02-28T19:00+00:00,4115,2.2,1000.7,69.0,0.0,0.0,5.7,0
2025-02-28T20:00+00:00,4115,2.5,1000.9,70.0,0.0,0.0,5.3,0
2025-02-28T21:00+00:00,4115,2.5,1001.1,70.0,0.0,0.0,5.3,0
2025-02-28T22:00+00:00,4115,2.8,1001.1,70.0,0.0,0.0,5.2,0
2025-02-28T23:00+00:00,4115,2.3,1001.4,74.0,0.0,0.0,4.3,0
2025-03-01T00:00+00:00,4115,2.2,1001.9,78.0,0.0,0.0,3.6,0
2025-03-01T01:00+00:00,4115,1.1,1002.2,85.0,0.0,0.0,1.4,0
2025-03-01T02:00+00:00,4115,1.2,1002.2,83.0,0.0,0.0,1.9,0
2025-03-01T03:00+00:00,4115,1.7,1002.4,83.0,0.0,0.0,2.0,0
2025-03-01T04:00+00:00,4115,2.7,1002.9,83.0,0.0,0.0,2.1,0
2025-03-01T05:00+00:00,4115,1.9,1003.5,87.0,0.0,0.0,0.8,0
2025-03-01T06:00+00:00,4115,1.6,1003.7,85.0,0.0,0.1,1.2,6
2025-03-01T07:00+00:00,4115,1.3,1004.2,78.0,0.0,1.0,3.4,113
2025-03-01T08:00+00:00,4115,2.1,1004.9,75.0,0.0,0.8,4.7,240
2025-03-01T09:00+00:00,4115,4.3,1005.5,73.0,0.0,0.8,5.5,336
2025-03-01T10:00+00:00,4115,3.8,1005.6,65.0,0.0,1.0,7.0,511
2025-03-01T11:00+00:00,4115,2.5,1005.6,59.0,0.0,0.6,7.6,406
2025-03-01T12:00+00:00,4115,3.0,1005.2,51.0,0.0,0.5,8.5,417
2025-03-01T13:00+00:00,4115,3.9,1004.9,46.0,0.0,0.6,8.8,399
2025-03-01T14:00+00:00,4115,3.3,1005.1,45.0,0.0,0.4,8.9,272
2025-03-01T15:00+00:00,4115,4.2,1005.4,55.0,0.0,0.5,8.3,226
2025-03-01T16:00+00:00,4115,4.8,1006.2,62.0,0.0,0.0,6.4,54
2025-03-01T17:00+00:00,4115,4.5,1006.9,69.0,0.0,0.0,4.9,11
2025-03-01T18:00+00:00,4115,4.2,1007.5,71.0,0.0,0.0,4.0,0
2025-03-01T19:00+00:00,4115,3.2,1007.7,69.0,0.0,0.0,3.8,0
2025-03-01T20:00+00:00,4115,4.6,1008.0,70.0,0.0,0.0,3.3,0
2025-03-01T21:00+00:00,4115,5.2,1008.6,69.0,0.0,0.0,3.1,0
2025-03-01T22:00+00:00,4115,3.4,1009.0,69.0,0.0,0.0,2.6,0
2025-03-01T23:00+00:00,4115,2.9,1009.1,69.0,0.0,0.0,2.4,0
2025-03-02T00:00+00:00,4115,3.4,1009.3,70.0,0.0,0.0,2.6,0
2025-03-02T01:00+00:00,4115,2.5,1009.2,72.0,0.0,0.0,2.1,0
2025-03-02T02:00+00:00,4115,2.6,1009.1,74.0,0.0,0.0,1.5,0
2025-03-02T03:00+00:00,4115,2.7,1009.1,73.0,0.0,0.0,1.3,0
2025-03-02T04:00+00:00,4115,3.0,1009.2,74.0,0.0,0.0,0.9,0
2025-03-02T05:00+00:00,4115,2.5,1009.2,74.0,0.0,0.0,1.1,0
2025-03-02T06:00+00:00,4115,2.6,1009.5,70.0,0.0,0.1,1.8,11
2025-03-02T07:00+00:00,4115,3.2,1010.1,69.0,0.0,1.0,2.9,141
2025-03-02T08:00+00:00,4115,3.8,1010.4,67.0,0.0,1.0,4.1,268
2025-03-02T09:00+00:00,4115,3.9,1010.1,62.0,0.0,1.0,5.6,402
2025-03-02T10:00+00:00,4115,4.0,1009.8,57.0,0.0,1.0,6.8,509
2025-03-02T11:00+00:00,4115,4.0,1009.3,48.0,0.0,1.0,8.3,556
2025-03-02T12:00+00:00,4115,3.5,1008.6,44.0,0.0,1.0,9.5,549
2025-03-02T13:00+00:00,4115,3.9,1008.1,38.0,0.0,1.0,9.8,506
2025-03-02T14:00+00:00,4115,3.9,1007.8,36.0,0.0,1.0,10.1,408
2025-03-02T15:00+00:00,4115,2.9,1007.5,35.0,0.0,1.0,10.2,269
2025-03-02T16:00+00:00,4115,2.8,1007.5,36.0,0.0,1.0,9.5,124
2025-03-02T17:00+00:00,4115,2.2,1007.5,46.0,0.0,0.5,7.4,16
2025-03-02T18:00+00:00,4115,2.7,1008.0,52.0,0.0,0.0,6.1,0
2025-03-02T19:00+00:00,4115,2.5,1008.4,53.0,0.0,0.0,5.4,0
2025-03-02T20:00+00:00,4115,2.3,1008.2,57.0,0.0,0.0,4.3,0
2025-03-02T21:00+00:00,4115,2.7,1008.4,59.0,0.0,0.0,3.6,0
2025-03-02T22:00+00:00,4115,2.4,1008.4,64.0,0.0,0.0,2.8,0
2025-03-02T23:00+00:00,4115,1.2,1008.5,70.0,0.0,0.0,1.1,0
2025-03-03T00:00+00:00,4115,1.1,1008.4,68.0,0.0,0.0,2.1,0
2025-03-03T01:00+00:00,4115,2.0,1008.5,69.0,0.0,0.0,1.4,0
2025-03-03T02:00+00:00,4115,2.1,1008.1,72.0,0.0,0.0,0.7,0
2025-03-03T03:00+00:00,4115,0.7,1007.4,72.0,0.0,0.0,0.9,0
2025-03-03T04:00+00:00,4115,0.3,1007.8,77.0,0.0,0.0,-0.5,0
2025-03-03T05:00+00:00,4115,0.6,1007.6,79.0,0.0,0.0,-1.4,0
2025-03-03T06:00+00:00,4115,1.6,1008.0,81.0,0.0,0.2,-1.8,11
2025-03-03T07:00+00:00,4115,0.3,1008.6,74.0,0.0,1.0,0.7,128
2025-03-03T08:00+00:00,4115,1.4,1008.2,67.0,0.0,1.0,3.7,272
2025-03-03T09:00+00:00,4115,2.3,1008.4,62.0,0.0,1.0,4.9,383
2025-03-03T10:00+00:00,4115,2.7,1008.4,55.0,0.0,1.0,6.9,512
2025-03-03T11:00+00:00,4115,1.8,1007.6,51.0,0.0,1.0,8.3,568
2025-03-03T12:00+00:00,4115,2.1,1006.6,48.0,0.0,1.0,9.6,563
2025-03-03T13:00+00:00,4115,2.1,1005.9,43.0,0.0,1.0,10.3,515
2025-03-03T14:00+00:00,4115,1.9,1005.6,39.0,0.0,1.0,11.0,412
2025-03-03T15:00+00:00,4115,1.8,1005.3,38.0,0.0,1.0,11.6,273
2025-03-03T16:00+00:00,4115,1.4,1004.8,37.0,0.0,1.0,11.2,127
2025-03-03T17:00+00:00,4115,1.4,1004.9,57.0,0.0,0.5,4.9,16
2025-03-03T18:00+00:00,4115,1.5,1005.3,66.0,0.0,0.0,2.7,0
2025-03-03T19:00+00:00,4115,0.4,1005.4,67.0,0.0,0.0,2.9,0
2025-03-03T20:00+00:00,4115,0.8,1005.7,68.0,0.0,0.0,3.2,0
2025-03-03T21:00+00:00,4115,0.5,1005.6,75.0,0.0,0.0,0.8,0
2025-03-03T22:00+00:00,4115,0.2,1005.5,73.0,0.0,0.0,1.1,0
2025-03-03T23:00+00:00,4115,1.3,1005.5,68.0,0.0,0.0,1.5,0
2025-03-04T00:00+00:00,4115,0.9,1005.3,69.0,0.0,0.0,2.2,0
2025-03-04T01:00+00:00,4115,0.5,1005.3,75.0,0.0,0.0,0.3,0
2025-03-04T02:00+00:00,4115,0.5,1005.3,76.0,0.0,0.0,-0.4,0
2025-03-04T03:00+00:00,4115,0.6,1005.1,76.0,0.0,0.0,-0.6,0
2025-03-04T04:00+00:00,4115,0.8,1004.8,77.0,0.0,0.0,-0.8,0
2025-03-04T05:00+00:00,4115,0.8,1005.2,80.0,0.0,0.0,-1.5,0
2025-03-04T06:00+00:00,4115,0.7,1005.3,80.0,0.0,0.3,-1.7,13
2025-03-04T07:00+00:00,4115,0.3,1005.8,72.0,0.0,1.0,0.9,134
2025-03-04T08:00+00:00,4115,0.8,1005.9,66.0,0.0,1.0,3.9,266
2025-03-04T09:00+00:00,4115,0.7,1005.9,53.0,0.0,1.0,6.8,383
2025-03-04T10:00+00:00,4115,1.3,1005.8,49.0,0.0,1.0,8.7,514
2025-03-04T11:00+00:00,4115,1.4,1005.4,46.0,0.0,1.0,9.8,529
2025-03-04T12:00+00:00,4115,1.0,1004.7,38.0,0.0,1.0,12.1,522
2025-03-04T13:00+00:00,4115,1.3,1004.0,36.0,0.0,1.0,13.0,476
2025-03-04T14:00+00:00,4115,1.3,1003.7,35.0,0.0,1.0,13.2,395
2025-03-04T15:00+00:00,4115,1.1,1003.4,37.0,0.0,1.0,13.4,270
2025-03-04T16:00+00:00,4115,0.8,1003.4,40.0,0.0,1.0,12.5,104
2025-03-04T17:00+00:00,4115,1.3,1003.7,50.0,0.0,0.3,7.9,24
2025-03-04T18:00+00:00,4115,1.2,1004.1,60.0,0.0,0.0,4.8,0
2025-03-04T19:00+00:00,4115,1.3,1004.4,66.0,0.0,0.0,3.4,0
2025-03-04T20:00+00:00,4115,1.9,1004.7,60.0,0.0,0.0,4.6,0
2025-03-04T21:00+00:00,4115,0.6,1004.7,67.0,0.0,0.0,2.9,0
2025-03-04T22:00+00:00,4115,0.7,1004.7,67.0,0.0,0.0,3.3,0
2025-03-04T23:00+00:00,4115,1.0,1004.7,71.0,0.0,0.0,2.3,0
2025-03-05T00:00+00:00,4115,0.4,1004.7,70.0,0.0,0.0,2.5,0
2025-03-05T01:00+00:00,4115,0.6,1004.6,78.0,0.0,0.0,-0.1,0
2025-03-05T02:00+00:00,4115,0.6,1004.3,78.0,0.0,0.0,0.4,0
2025-03-05T03:00+00:00,4115,0.5,1004.1,77.0,0.0,0.0,0.3,0
2025-03-05T04:00+00:00,4115,0.6,1004.2,83.0,0.0,0.0,-1.1,0
2025-03-05T05:00+00:00,4115,0.4,1004.5,84.0,0.0,0.0,-0.8,0
2025-03-05T06:00+00:00,4115,0.6,1005.2,85.0,0.0,0.2,-1.7,13
2025-03-05T07:00+00:00,4115,0.4,1005.3,79.0,0.0,1.0,1.4,134
2025-03-05T08:00+00:00,4115,0.3,1005.9,70.0,0.0,1.0,4.0,281
2025-03-05T09:00+00:00,4115,1.1,1005.9,60.0,0.0,1.0,7.1,415
2025-03-05T10:00+00:00,4115,1.0,1005.8,52.0,0.0,1.0,9.2,515
2025-03-05T11:00+00:00,4115,0.8,1005.3,48.0,0.0,1.0,10.5,567
2025-03-05T12:00+00:00,4115,1.0,1004.6,45.0,0.0,1.0,12.5,562
2025-03-05T13:00+00:00,4115,1.3,1004.2,42.0,0.0,1.0,13.5,515
2025-03-05T14:00+00:00,4115,0.9,1003.5,41.0,0.0,1.0,14.5,407
2025-03-05T15:00+00:00,4115,1.0,1003.1,40.0,0.0,1.0,15.5,270
2025-03-05T16:00+00:00,4115,2.1,1002.9,44.0,0.0,1.0,14.4,124
2025-03-05T17:00+00:00,4115,2.6,1002.9,57.0,0.0,0.4,10.1,18
2025-03-05T18:00+00:00,4115,3.6,1003.1,52.0,0.0,0.0,10.9,0
2025-03-05T19:00+00:00,4115,2.3,1003.1,54.0,0.0,0.0,8.9,0
2025-03-05T20:00+00:00,4115,2.2,1003.2,54.0,0.0,0.0,8.1,0
2025-03-05T21:00+00:00,4115,2.3,1003.2,62.0,0.0,0.0,6.0,0
2025-03-05T22:00+00:00,4115,2.3,1003.1,68.0,0.0,0.0,4.3,0
2025-03-05T23:00+00:00,4115,2.3,1002.9,71.0,0.0,0.0,3.6,0
2025-03-06T00:00+00:00,4115,2.0,1002.7,77.0,0.0,0.0,2.5,0
2025-03-06T01:00+00:00,4115,1.2,1002.2,80.0,0.0,0.0,1.4,0
2025-03-06T02:00+00:00,4115,1.8,1001.9,80.0,0.0,0.0,1.6,0
2025-03-06T03:00+00:00,4115,1.1,1001.6,78.0,0.0,0.0,2.8,0
2025-03-06T04:00+00:00,4115,0.8,1001.8,84.0,0.0,0.0,0.4,0
2025-03-06T05:00+00:00,4115,1.0,1001.6,87.0,0.0,0.0,-0.5,0
2025-03-06T06:00+00:00,4115,1.0,1002.1,84.0,0.0,0.4,1.1,19
2025-03-06T07:00+00:00,4115,1.1,1002.3,77.0,0.0,1.0,3.4,148
2025-03-06T08:00+00:00,4115,0.6,1002.3,65.0,0.0,1.0,6.9,298
2025-03-06T09:00+00:00,4115,1.2,1002.3,55.0,0.0,1.0,10.1,434
2025-03-06T10:00+00:00,4115,1.8,1002.0,46.0,0.0,1.0,13.0,532
2025-03-06T11:00+00:00,4115,1.9,1001.2,39.0,0.0,1.0,16.9,583
2025-03-06T12:00+00:00,4115,2.6,1000.5,32.0,0.0,1.0,18.9,578
2025-03-06T13:00+00:00,4115,2.9,999.9,24.0,0.0,1.0,20.8,530
2025-03-06T14:00+00:00,4115,3.6,999.1,23.0,0.0,1.0,21.5,429
2025-03-06T15:00+00:00,4115,4.3,998.8,24.0,0.0,1.0,21.0,287
2025-03-06T16:00+00:00,4115,4.1,998.8,23.0,0.0,1.0,19.8,137
2025-03-06T17:00+00:00,4115,3.1,998.9,26.0,0.0,0.6,17.1,21
2025-03-06T18:00+00:00,4115,2.6,998.9,34.0,0.0,0.0,15.3,0
2025-03-06T19:00+00:00,4115,3.8,999.0,37.0,0.0,0.0,14.6,0
2025-03-06T20:00+00:00,4115,4.3,999.0,38.0,0.0,0.0,13.9,0
2025-03-06T21:00+00:00,4115,1.3,999.2,41.0,0.0,0.0,12.5,0
2025-03-06T22:00+00:00,4115,1.1,999.0,49.0,0.0,0.0,9.8,0
2025-03-06T23:00+00:00,4115,1.5,999.1,56.0,0.0,0.0,9.0,0
2025-03-07T00:00+00:00,4115,2.1,998.8,59.0,0.0,0.0,8.7,0
2025-03-07T01:00+00:00,4115,2.4,998.5,65.0,0.0,0.0,7.7,0
2025-03-07T02:00+00:00,4115,2.9,998.0,70.0,0.0,0.0,6.5,0
2025-03-07T03:00+00:00,4115,2.5,998.1,72.0,0.0,0.0,5.3,0
2025-03-07T04:00+00:00,4115,2.0,998.4,76.0,0.0,0.0,3.4,0
2025-03-07T05:00+00:00,4115,1.9,998.2,77.0,0.0,0.0,3.1,0
2025-03-07T06:00+00:00,4115,2.0,998.8,80.0,0.0,0.1,2.8,10
2025-03-07T07:00+00:00,4115,0.5,999.0,68.0,0.0,1.0,6.2,155
2025-03-07T08:00+00:00,4115,0.8,999.1,53.0,0.0,1.0,8.7,309
2025-03-07T09:00+00:00,4115,1.0,999.0,46.0,0.0,1.0,10.8,446
2025-03-07T10:00+00:00,4115,1.0,998.8,40.0,0.0,1.0,13.1,540
2025-03-07T11:00+00:00,4115,0.7,998.2,34.0,0.0,1.0,15.5,589
2025-03-07T12:00+00:00,4115,0.6,997.0,29.0,0.0,1.0,18.3,581
2025-03-07T13:00+00:00,4115,0.7,995.9,20.0,0.0,1.0,20.1,529
2025-03-07T14:00+00:00,4115,3.1,995.4,13.0,0.0,1.0,21.6,427
2025-03-07T15:00+00:00,4115,4.1,994.9,13.0,0.0,1.0,20.8,278
2025-03-07T16:00+00:00,4115,4.1,994.8,18.0,0.0,1.0,19.3,130
2025-03-07T17:00+00:00,4115,2.7,994.9,21.0,0.0,0.2,16.6,24
2025-03-07T18:00+00:00,4115,2.2,995.1,27.0,0.0,0.0,13.3,0
2025-03-07T19:00+00:00,4115,1.5,995.2,26.0,0.0,0.0,13.7,0
2025-03-07T20:00+00:00,4115,1.9,995.4,31.0,0.0,0.0,12.2,0
2025-03-07T21:00+00:00,4115,0.6,995.5,40.0,0.0,0.0,9.6,0
2025-03-07T22:00+00:00,4115,1.5,995.6,43.0,0.0,0.0,9.6,0
2025-03-07T23:00+00:00,4115,2.3,995.4,52.0,0.0,0.0,7.0,0
2025-03-08T00:00+00:00,4115,2.3,995.1,55.0,0.0,0.0,6.2,0
2025-03-08T01:00+00:00,4115,2.0,994.8,60.0,0.0,0.0,5.0,0
2025-03-08T02:00+00:00,4115,2.6,994.5,66.0,0.0,0.0,3.9,0
2025-03-08T03:00+00:00,4115,2.0,994.4,68.0,0.0,0.0,3.0,0
2025-03-08T04:00+00:00,4115,1.9,994.5,63.0,0.0,0.0,4.3,0
2025-03-08T05:00+00:00,4115,1.4,994.5,64.0,0.0,0.0,3.8,0
2025-03-08T06:00+00:00,4115,0.7,994.8,65.0,0.0,0.0,3.7,11
2025-03-08T07:00+00:00,4115,0.5,994.9,55.0,0.0,0.8,7.5,116
2025-03-08T08:00+00:00,4115,1.3,995.1,46.0,0.0,1.0,10.0,273
2025-03-08T09:00+00:00,4115,2.6,994.9,43.0,0.0,1.0,12.1,404
2025-03-08T10:00+00:00,4115,2.4,994.4,36.0,0.0,1.0,14.9,505
2025-03-08T11:00+00:00,4115,2.8,993.7,29.0,0.0,1.0,17.9,533
2025-03-08T12:00+00:00,4115,3.4,992.7,25.0,0.0,1.0,19.6,487
2025-03-08T13:00+00:00,4115,3.8,992.0,25.0,0.0,0.9,19.2,377
2025-03-08T14:00+00:00,4115,3.8,991.3,22.0,0.0,1.0,20.0,373
2025-03-08T15:00+00:00,4115,3.8,990.9,25.0,0.0,0.2,18.8,194
2025-03-08T16:00+00:00,4115,3.9,990.9,27.0,0.0,0.0,17.8,82
2025-03-08T17:00+00:00,4115,2.5,990.9,33.0,0.0,0.0,16.2,14
2025-03-08T18:00+00:00,4115,1.4,990.9,43.0,0.0,0.0,12.0,0
2025-03-08T19:00+00:00,4115,1.1,990.8,43.0,0.0,0.0,12.1,0
2025-03-08T20:00+00:00,4115,1.1,990.9,48.0,0.0,0.0,10.6,0
2025-03-08T21:00+00:00,4115,0.7,990.7,50.0,0.0,0.0,9.7,0
2025-03-08T22:00+00:00,4115,0.9,990.4,57.0,0.0,0.0,8.1,0
2025-03-08T23:00+00:00,4115,1.2,990.1,60.0,0.0,0.0,7.1,0
2025-03-09T00:00+00:00,4115,1.2,989.7,61.0,0.0,0.0,6.4,0
2025-03-09T01:00+00:00,4115,1.2,989.5,64.0,0.0,0.0,6.2,0
2025-03-09T02:00+00:00,4115,2.7,988.8,61.0,0.0,0.0,6.9,0
2025-03-09T03:00+00:00,4115,2.5,988.6,60.0,0.0,0.0,6.8,0
2025-03-09T04:00+00:00,4115,1.8,988.6,62.0,0.0,0.0,6.0,0
2025-03-09T05:00+00:00,4115,0.9,988.5,59.0,0.0,0.0,6.8,0
2025-03-09T06:00+00:00,4115,1.2,988.2,61.0,0.0,0.0,6.2,8
2025-03-09T07:00+00:00,4115,1.2,988.5,57.0,0.0,0.5,8.0,89
2025-03-09T08:00+00:00,4115,1.0,988.2,52.0,0.0,1.0,10.5,212
2025-03-09T09:00+00:00,4115,2.7,987.8,42.0,0.0,1.0,13.8,360
2025-03-09T10:00+00:00,4115,3.0,987.3,39.0,0.0,1.0,15.6,508
2025-03-09T11:00+00:00,4115,3.6,986.6,33.0,0.0,1.0,18.2,558
2025-03-09T12:00+00:00,4115,4.3,985.6,32.0,0.0,1.0,18.9,557
2025-03-09T13:00+00:00,4115,4.7,984.7,31.0,0.0,1.0,19.7,508
2025-03-09T14:00+00:00,4115,4.9,984.0,31.0,0.0,1.0,19.7,411
2025-03-09T15:00+00:00,4115,5.0,983.6,31.0,0.0,1.0,19.1,268
2025-03-09T16:00+00:00,4115,3.7,983.4,33.0,0.0,0.4,17.7,77
2025-03-09T17:00+00:00,4115,3.7,983.2,35.0,0.0,0.3,16.8,29
2025-03-09T18:00+00:00,4115,3.2,983.2,40.0,0.0,0.0,15.5,0
2025-03-09T19:00+00:00,4115,3.5,982.9,44.0,0.0,0.0,14.6,0
2025-03-09T20:00+00:00,4115,2.1,982.6,47.0,0.0,0.0,13.0,0
2025-03-09T21:00+00:00,4115,1.5,982.4,55.0,0.0,0.0,10.1,0
2025-03-09T22:00+00:00,4115,2.2,982.1,62.0,0.0,0.0,8.3,0
2025-03-09T23:00+00:00,4115,1.8,981.4,62.0,0.0,0.0,8.0,0
2025-03-10T00:00+00:00,4115,2.1,980.8,66.0,0.0,0.0,7.3,0
2025-03-10T01:00+00:00,4115,2.2,980.2,67.0,0.0,0.0,7.3,0
2025-03-10T02:00+00:00,4115,2.2,979.8,69.0,0.0,0.0,7.3,0
2025-03-10T03:00+00:00,4115,2.2,979.6,72.0,0.0,0.0,6.8,0
2025-03-10T04:00+00:00,4115,1.9,979.6,76.0,0.0,0.0,5.7,0
2025-03-10T05:00+00:00,4115,1.4,979.7,81.0,0.0,0.0,4.0,0
2025-03-10T06:00+00:00,4115,1.7,979.8,76.0,0.0,0.0,5.1,12
2025-03-10T07:00+00:00,4115,0.6,979.7,70.0,0.0,0.9,7.6,152
2025-03-10T08:00+00:00,4115,0.2,979.2,56.0,0.0,1.0,11.4,312
2025-03-10T09:00+00:00,4115,1.7,979.5,55.0,0.0,1.0,12.6,357
2025-03-10T10:00+00:00,4115,1.5,979.1,44.0,0.0,1.0,16.4,431
2025-03-10T11:00+00:00,4115,1.1,978.7,41.0,0.0,0.6,17.6,397
2025-03-10T12:00+00:00,4115,1.3,978.1,39.0,0.0,0.0,19.4,288
2025-03-10T13:00+00:00,4115,3.1,977.5,38.0,0.0,0.2,19.6,301
2025-03-10T14:00+00:00,4115,4.2,977.3,39.0,0.0,0.0,19.2,165
2025-03-10T15:00+00:00,4115,5.2,978.0,51.0,0.0,0.0,16.4,58
2025-03-10T16:00+00:00,4115,4.6,978.6,60.0,0.0,0.0,15.1,20
2025-03-10T17:00+00:00,4115,1.3,979.0,64.0,0.0,0.0,13.5,5
2025-03-10T18:00+00:00,4115,0.8,980.2,65.0,0.0,0.0,13.3,0
2025-03-10T19:00+00:00,4115,4.2,982.1,91.0,1.6,0.0,10.5,0
2025-03-10T20:00+00:00,4115,4.1,982.0,89.0,2.6,0.0,9.7,0
2025-03-10T21:00+00:00,4115,2.3,982.4,90.0,0.1,0.0,9.2,0
2025-03-10T22:00+00:00,4115,2.9,982.5,83.0,0.0,0.0,9.9,0
2025-03-10T23:00+00:00,4115,1.3,982.6,85.0,0.0,0.0,8.9,0
2025-03-11T00:00+00:00,4115,1.3,982.9,82.0,0.0,0.0,9.0,0
2025-03-11T01:00+00:00,4115,1.3,982.7,79.0,0.0,0.0,9.4,0
2025-03-11T02:00+00:00,4115,2.2,982.5,79.0,0.0,0.0,9.1,0
2025-03-11T03:00+00:00,4115,2.1,982.0,74.0,0.0,0.0,9.9,0
2025-03-11T04:00+00:00,4115,0.4,982.1,85.0,0.0,0.0,6.8,0
2025-03-11T05:00+00:00,4115,0.7,982.2,89.0,0.0,0.0,5.9,0
2025-03-11T06:00+00:00,4115,0.7,982.0,86.0,0.0,0.0,6.1,11
2025-03-11T07:00+00:00,4115,0.7,982.2,92.0,0.0,0.0,5.9,56
2025-03-11T08:00+00:00,4115,1.0,982.6,87.0,0.0,0.0,7.4,124
2025-03-11T09:00+00:00,4115,0.6,982.2,78.0,0.0,0.0,9.5,183
2025-03-11T10:00+00:00,4115,1.5,981.9,78.0,0.0,0.0,10.8,245
2025-03-11T11:00+00:00,4115,1.3,981.5,70.0,0.0,0.0,11.9,287
2025-03-11T12:00+00:00,4115,1.6,980.7,66.0,0.0,0.5,13.7,455
2025-03-11T13:00+00:00,4115,1.7,980.0,58.0,0.0,0.0,14.5,303
2025-03-11T14:00+00:00,4115,1.9,979.3,58.0,0.0,0.0,14.7,252
2025-03-11T15:00+00:00,4115,2.0,979.5,63.0,0.0,0.1,14.2,194
2025-03-11T16:00+00:00,4115,1.5,979.5,70.0,0.0,0.0,12.9,58
2025-03-11T17:00+00:00,4115,1.0,979.8,73.0,0.0,0.0,12.0,16
2025-03-11T18:00+00:00,4115,1.3,980.0,82.0,0.0,0.0,9.5,0
2025-03-11T19:00+00:00,4115,1.2,979.9,81.0,0.0,0.0,9.7,0
2025-03-11T20:00+00:00,4115,1.2,980.2,85.0,0.0,0.0,7.9,0
2025-03-11T21:00+00:00,4115,1.5,980.3,88.0,0.0,0.0,6.4,0
2025-03-11T22:00+00:00,4115,1.8,980.2,92.0,0.0,0.0,6.1,0
2025-03-11T23:00+00:00,4115,1.3,980.0,92.0,0.0,0.0,4.7,0
2025-03-12T00:00+00:00,4115,1.2,979.6,97.0,0.0,0.0,4.0,0
2025-03-12T01:00+00:00,4115,1.9,979.3,98.0,0.0,0.0,3.9,0
2025-03-12T02:00+00:00,4115,1.0,978.6,96.0,0.0,0.0,3.6,0
2025-03-12T03:00+00:00,4115,1.1,978.5,96.0,0.0,0.0,3.4,0
2025-03-12T04:00+00:00,4115,1.7,978.4,98.0,0.0,0.0,4.8,0
2025-03-12T05:00+00:00,4115,0.9,977.9,100.0,0.0,0.0,5.6,0
2025-03-12T06:00+00:00,4115,0.7,977.6,100.0,0.0,0.0,5.6,3
2025-03-12T07:00+00:00,4115,1.2,977.5,100.0,0.0,0.0,5.9,48
2025-03-12T08:00+00:00,4115,1.7,977.3,93.0,0.0,0.4,7.8,198
2025-03-12T09:00+00:00,4115,1.6,976.7,68.0,0.0,0.8,12.1,414
2025-03-12T10:00+00:00,4115,2.5,975.9,60.0,0.0,1.0,14.8,546
2025-03-12T11:00+00:00,4115,4.1,975.2,53.0,0.0,1.0,17.0,560
2025-03-12T12:00+00:00,4115,6.2,974.2,46.0,0.0,0.9,17.6,537
2025-03-12T13:00+00:00,4115,6.4,973.7,47.0,0.0,0.1,17.2,240
2025-03-12T14:00+00:00,4115,5.9,973.5,45.0,0.0,0.0,18.1,155
2025-03-12T15:00+00:00,4115,6.6,973.1,46.0,0.0,1.0,18.1,288
2025-03-12T16:00+00:00,4115,5.1,973.1,48.0,0.0,0.2,17.3,117
2025-03-12T17:00+00:00,4115,4.6,973.1,50.0,0.0,0.0,16.2,27
2025-03-12T18:00+00:00,4115,4.6,973.4,53.0,0.0,0.0,15.1,0
2025-03-12T19:00+00:00,4115,4.3,973.5,58.0,0.0,0.0,14.0,0
2025-03-12T20:00+00:00,4115,3.6,973.3,60.0,0.0,0.0,13.3,0
2025-03-12T21:00+00:00,4115,2.5,973.2,61.0,0.0,0.0,12.8,0
2025-03-12T22:00+00:00,4115,3.1,973.3,56.0,0.0,0.0,13.4,0
2025-03-12T23:00+00:00,4115,3.7,973.0,51.0,0.0,0.0,14.3,0
2025-03-13T00:00+00:00,4115,4.6,972.5,65.0,0.0,0.0,12.8,0
2025-03-13T01:00+00:00,4115,2.5,971.5,70.0,0.0,0.0,11.8,0
2025-03-13T02:00+00:00,4115,2.2,970.7,82.0,0.1,0.0,10.9,0
2025-03-13T03:00+00:00,4115,2.1,969.9,92.0,0.4,0.0,10.0,0
2025-03-13T04:00+00:00,4115,1.4,969.3,97.0,1.7,0.0,9.7,0
2025-03-13T05:00+00:00,4115,1.7,968.7,98.0,2.5,0.0,9.4,0
2025-03-13T06:00+00:00,4115,2.2,967.9,97.0,0.9,0.0,9.9,1
2025-03-13T07:00+00:00,4115,3.3,967.4,95.0,0.2,0.0,10.4,24
2025-03-13T08:00+00:00,4115,2.4,967.7,94.0,0.0,0.0,8.5,27
2025-03-13T09:00+00:00,4115,4.5,968.4,92.0,0.4,0.0,8.9,89
2025-03-13T10:00+00:00,4115,5.4,969.2,81.0,0.0,0.3,10.4,336
2025-03-13T11:00+00:00,4115,5.2,970.5,79.0,0.0,0.0,9.3,162
2025-03-13T12:00+00:00,4115,4.9,971.3,72.0,0.0,0.1,10.9,191
2025-03-13T13:00+00:00,4115,5.0,972.1,66.0,0.0,0.0,10.9,231
2025-03-13T14:00+00:00,4115,6.1,972.9,60.0,0.0,0.7,11.8,392
2025-03-13T15:00+00:00,4115,4.2,973.4,66.0,0.0,0.2,11.1,151
2025-03-13T16:00+00:00,4115,3.5,974.6,72.0,0.0,0.1,9.4,79
2025-03-13T17:00+00:00,4115,3.0,975.9,74.0,0.0,0.0,8.1,13
2025-03-13T18:00+00:00,4115,3.0,977.5,79.0,0.0,0.0,6.9,0
2025-03-13T19:00+00:00,4115,1.7,979.0,89.0,1.9,0.0,5.9,0
2025-03-13T20:00+00:00,4115,1.4,979.6,94.0,1.3,0.0,5.4,0
2025-03-13T21:00+00:00,4115,0.2,980.4,95.0,0.1,0.0,5.4,0
2025-03-13T22:00+00:00,4115,0.7,980.8,95.0,0.0,0.0,5.7,0
2025-03-13T23:00+00:00,4115,0.8,981.2,92.0,0.0,0.0,5.6,0
2025-03-14T00:00+00:00,4115,1.2,981.2,92.0,0.0,0.0,5.0,0
2025-03-14T01:00+00:00,4115,1.4,981.3,91.0,0.0,0.0,4.9,0
2025-03-14T02:00+00:00,4115,1.3,980.8,92.0,0.0,0.0,4.7,0
2025-03-14T03:00+00:00,4115,0.5,981.1,90.0,0.0,0.0,4.8,0
2025-03-14T04:00+00:00,4115,0.9,981.1,91.0,0.0,0.0,4.7,0
2025-03-14T05:00+00:00,4115,1.0,980.9,92.0,0.0,0.0,4.6,0
2025-03-14T06:00+00:00,4115,1.7,980.1,92.0,0.0,0.0,4.6,5
2025-03-14T07:00+00:00,4115,1.1,981.1,90.0,0.0,0.0,5.1,24
2025-03-14T08:00+00:00,4115,1.2,981.6,93.0,0.3,0.0,5.2,28
2025-03-14T09:00+00:00,4115,1.9,981.8,93.0,1.1,0.0,5.4,60
2025-03-14T10:00+00:00,4115,1.8,981.6,92.0,0.6,0.0,5.6,81
2025-03-14T11:00+00:00,4115,2.0,981.6,92.0,0.8,0.0,5.8,65
2025-03-14T12:00+00:00,4115,0.8,981.6,94.0,2.7,0.0,5.7,36
2025-03-14T13:00+00:00,4115,1.4,981.4,95.0,3.3,0.0,5.7,39
2025-03-14T14:00+00:00,4115,2.4,981.6,95.0,2.7,0.0,5.3,38
2025-03-14T15:00+00:00,4115,3.0,982.2,93.0,1.3,0.0,4.3,59
2025-03-14T16:00+00:00,4115,3.0,983.8,93.0,1.3,0.0,3.0,43
2025-03-14T17:00+00:00,4115,2.7,984.9,94.0,0.3,0.0,2.2,19
2025-03-14T18:00+00:00,4115,2.4,985.2,94.0,0.1,0.0,2.5,0
2025-03-14T19:00+00:00,4115,2.0,985.5,93.0,0.0,0.0,3.1,0
2025-03-14T20:00+00:00,4115,1.4,986.6,92.0,0.0,0.0,3.8,0
2025-03-14T21:00+00:00,4115,2.0,987.3,91.0,0.0,0.0,4.0,0
2025-03-14T22:00+00:00,4115,2.2,987.4,91.0,0.0,0.0,4.3,0
2025-03-14T23:00+00:00,4115,2.5,987.4,92.0,0.0,0.0,4.0,0
2025-03-15T00:00+00:00,4115,3.1,987.3,88.0,0.0,0.0,4.2,0
2025-03-15T01:00+00:00,4115,3.3,987.6,85.0,0.0,0.0,4.2,0
2025-03-15T02:00+00:00,4115,3.2,987.1,86.0,0.0,0.0,4.0,0
2025-03-15T03:00+00:00,4115,3.5,987.5,85.0,0.0,0.0,4.0,0
2025-03-15T04:00+00:00,4115,3.9,987.9,87.0,0.1,0.0,4.0,0
2025-03-15T05:00+00:00,4115,4.0,988.1,91.0,1.1,0.0,3.7,0
2025-03-15T06:00+00:00,4115,3.4,989.0,91.0,0.9,0.0,3.5,2
2025-03-15T07:00+00:00,4115,2.7,989.6,92.0,1.5,0.0,3.3,15
2025-03-15T08:00+00:00,4115,2.5,989.7,94.0,1.3,0.0,3.3,34
2025-03-15T09:00+00:00,4115,3.1,989.9,90.0,1.0,0.0,4.1,92
2025-03-15T10:00+00:00,4115,3.4,990.3,89.0,0.3,0.0,4.4,90
2025-03-15T11:00+00:00,4115,3.2,990.7,89.0,0.7,0.0,4.5,111
2025-03-15T12:00+00:00,4115,3.1,990.7,89.0,0.2,0.0,4.8,130
2025-03-15T13:00+00:00,4115,3.2,990.8,87.0,0.0,0.0,4.7,73
2025-03-15T14:00+00:00,4115,3.2,991.1,86.0,0.0,0.0,4.6,50
2025-03-15T15:00+00:00,4115,3.2,991.2,85.0,0.0,0.0,4.4,31
2025-03-15T16:00+00:00,4115,3.0,991.2,84.0,0.0,0.0,4.3,20
2025-03-15T17:00+00:00,4115,3.2,991.4,85.0,0.0,0.0,4.0,8
2025-03-15T18:00+00:00,4115,3.5,992.1,82.0,0.0,0.0,3.9,0
2025-03-15T19:00+00:00,4115,3.3,992.6,82.0,0.0,0.0,3.8,0
2025-03-15T20:00+00:00,4115,2.7,992.7,85.0,0.0,0.0,3.5,0
2025-03-15T21:00+00:00,4115,2.6,992.7,85.0,0.0,0.0,3.3,0
2025-03-15T22:00+00:00,4115,3.0,992.2,83.0,0.0,0.0,3.3,0
2025-03-15T23:00+00:00,4115,2.4,992.1,83.0,0.0,0.0,3.1,0
2025-03-16T00:00+00:00,4115,2.4,992.2,82.0,0.0,0.0,2.9,0
2025-03-16T01:00+00:00,4115,2.1,992.2,83.0,0.0,0.0,2.8,0
2025-03-16T02:00+00:00,4115,2.0,992.0,85.0,0.0,0.0,2.5,0
2025-03-16T03:00+00:00,4115,2.3,991.6,87.0,0.0,0.0,1.6,0
2025-03-16T04:00+00:00,4115,2.9,992.0,84.0,0.0,0.0,1.8,0
2025-03-16T05:00+00:00,4115,3.2,992.2,84.0,0.0,0.0,1.5,0
2025-03-16T06:00+00:00,4115,2.8,992.3,82.0,0.0,0.0,1.6,16
2025-03-16T07:00+00:00,4115,2.2,992.5,81.0,0.0,0.0,1.8,60
2025-03-16T08:00+00:00,4115,2.8,992.9,78.0,0.0,0.0,2.7,117
2025-03-16T09:00+00:00,4115,3.0,993.1,76.0,0.0,0.0,3.7,194
2025-03-16T10:00+00:00,4115,3.3,993.0,74.0,0.0,0.0,4.6,281
2025-03-16T11:00+00:00,4115,3.6,992.9,71.0,0.0,0.7,5.8,481
2025-03-16T12:00+00:00,4115,3.2,992.7,69.0,0.0,0.2,6.5,358
2025-03-16T13:00+00:00,4115,3.2,992.4,65.0,0.0,0.5,7.0,451
2025-03-16T14:00+00:00,4115,2.6,992.1,67.0,0.0,0.0,7.6,267
2025-03-16T15:00+00:00,4115,2.7,992.1,66.0,0.0,0.0,7.1,142
2025-03-16T16:00+00:00,4115,2.5,992.0,63.0,0.0,0.0,6.9,73
2025-03-16T17:00+00:00,4115,2.4,992.2,64.0,0.0,0.1,5.9,19
2025-03-16T18:00+00:00,4115,2.2,993.0,79.0,0.0,0.0,4.7,0
2025-03-16T19:00+00:00,4115,2.4,993.7,81.0,0.0,0.0,4.3,0
2025-03-16T20:00+00:00,4115,2.8,994.0,81.0,0.0,0.0,4.0,0
2025-03-16T21:00+00:00,4115,2.5,994.3,84.0,0.0,0.0,3.5,0
2025-03-16T22:00+00:00,4115,2.7,994.4,83.0,0.0,0.0,3.4,0
2025-03-16T23:00+00:00,4115,2.5,994.6,84.0,0.0,0.0,2.6,0
2025-03-17T00:00+00:00,4115,2.6,995.1,82.0,0.0,0.0,2.3,0
2025-03-17T01:00+00:00,4115,3.0,995.3,74.0,0.0,0.0,2.2,0
2025-03-17T02:00+00:00,4115,3.7,995.4,71.0,0.0,0.0,1.8,0
2025-03-17T03:00+00:00,4115,3.2,995.7,71.0,0.0,0.0,1.4,0
2025-03-17T04:00+00:00,4115,3.2,995.6,71.0,0.0,0.0,2.0,0
2025-03-17T05:00+00:00,4115,2.2,995.6,74.0,0.0,0.0,1.5,0
2025-03-17T06:00+00:00,4115,3.9,995.9,71.0,0.0,0.0,2.2,19
2025-03-17T07:00+00:00,4115,5.1,996.0,66.0,0.0,0.2,3.3,118
2025-03-17T08:00+00:00,4115,4.4,996.7,69.0,0.0,0.0,3.9,174
2025-03-17T09:00+00:00,4115,4.2,997.6,81.0,0.0,0.0,3.0,168
2025-03-17T10:00+00:00,4115,3.4,999.0,83.0,0.1,0.0,2.5,43
2025-03-17T11:00+00:00,4115,6.0,999.9,53.0,0.0,0.1,4.5,241
2025-03-17T12:00+00:00,4115,8.2,1000.3,49.0,0.0,0.9,5.1,643
2025-03-17T13:00+00:00,4115,6.6,1000.8,48.0,0.0,0.2,3.8,256
2025-03-17T14:00+00:00,4115,6.3,1001.5,43.0,0.0,0.0,4.3,153
2025-03-17T15:00+00:00,4115,5.8,1002.2,43.0,0.0,0.0,3.8,124
2025-03-17T16:00+00:00,4115,5.8,1003.1,46.0,0.0,0.0,3.0,60
2025-03-17T17:00+00:00,4115,5.5,1004.1,54.0,0.0,0.0,2.2,16
2025-03-17T18:00+00:00,4115,4.7,1004.9,54.0,0.0,0.0,1.7,0
2025-03-17T19:00+00:00,4115,4.7,1006.0,56.0,0.0,0.0,1.0,0
2025-03-17T20:00+00:00,4115,3.5,1006.9,59.0,0.0,0.0,0.0,0
2025-03-17T21:00+00:00,4115,2.8,1007.5,63.0,0.0,0.0,-0.4,0
2025-03-17T22:00+00:00,4115,3.1,1007.9,64.0,0.0,0.0,-0.7,0
2025-03-17T23:00+00:00,4115,3.0,1008.0,66.0,0.0,0.0,-1.1,0
2025-03-18T00:00+00:00,4115,2.9,1008.5,66.0,0.0,0.0,-1.2,0
2025-03-18T01:00+00:00,4115,3.0,1008.5,65.0,0.0,0.0,-1.4,0
2025-03-18T02:00+00:00,4115,3.1,1008.5,67.0,0.0,0.0,-1.8,0
2025-03-18T03:00+00:00,4115,2.9,1008.6,68.0,0.0,0.0,-2.0,0
2025-03-18T04:00+00:00,4115,3.1,1009.1,67.0,0.0,0.0,-2.0,0
2025-03-18T05:00+00:00,4115,1.0,1009.2,75.0,0.0,0.0,-3.7,0
2025-03-18T06:00+00:00,4115,1.8,1009.8,66.0,0.0,0.8,-1.0,61
2025-03-18T07:00+00:00,4115,1.5,1010.4,62.0,0.0,1.0,0.3,220
2025-03-18T08:00+00:00,4115,2.1,1010.9,59.0,0.0,1.0,1.2,376
2025-03-18T09:00+00:00,4115,2.4,1011.0,53.0,0.0,1.0,2.2,518
2025-03-18T10:00+00:00,4115,2.2,1011.0,48.0,0.0,1.0,3.3,621
2025-03-18T11:00+00:00,4115,1.3,1010.5,47.0,0.0,1.0,4.7,642
2025-03-18T12:00+00:00,4115,1.9,1010.0,42.0,0.0,1.0,4.9,666
2025-03-18T13:00+00:00,4115,0.7,1009.7,41.0,0.0,1.0,5.7,611
2025-03-18T14:00+00:00,4115,1.0,1009.5,40.0,0.0,1.0,6.3,500
2025-03-18T15:00+00:00,4115,1.4,1008.9,40.0,0.0,1.0,5.9,351
2025-03-18T16:00+00:00,4115,1.9,1008.5,39.0,0.0,1.0,5.4,191
2025-03-18T17:00+00:00,4115,1.4,1008.5,49.0,0.0,0.8,2.9,49
2025-03-18T18:00+00:00,4115,1.9,1008.7,62.0,0.0,0.0,0.4,0
2025-03-18T19:00+00:00,4115,0.8,1008.9,75.0,0.0,0.0,-1.6,0
2025-03-18T20:00+00:00,4115,0.9,1009.0,80.0,0.0,0.0,-2.8,0
2025-03-18T21:00+00:00,4115,0.3,1009.1,68.0,0.0,0.0,-1.5,0
2025-03-18T22:00+00:00,4115,0.9,1009.2,64.0,0.0,0.0,-0.5,0
2025-03-18T23:00+00:00,4115,0.6,1009.1,71.0,0.0,0.0,-2.3,0
2025-03-19T00:00+00:00,4115,1.7,1009.2,74.0,0.0,0.0,-2.7,0
2025-03-19T01:00+00:00,4115,2.1,1008.9,76.0,0.0,0.0,-3.2,0
2025-03-19T02:00+00:00,4115,2.0,1008.8,76.0,0.0,0.0,-3.5,0
2025-03-19T03:00+00:00,4115,2.3,1008.7,77.0,0.0,0.0,-3.7,0
2025-03-19T04:00+00:00,4115,1.9,1008.5,77.0,0.0,0.0,-3.9,0
2025-03-19T05:00+00:00,4115,2.2,1008.4,77.0,0.0,0.0,-3.7,0
2025-03-19T06:00+00:00,4115,1.8,1008.6,74.0,0.0,0.8,-2.1,67
2025-03-19T07:00+00:00,4115,1.3,1008.7,67.0,0.0,1.0,0.2,231
2025-03-19T08:00+00:00,4115,1.9,1008.6,59.0,0.0,1.0,2.9,389
2025-03-19T09:00+00:00,4115,1.9,1008.7,51.0,0.0,1.0,5.5,530
2025-03-19T10:00+00:00,4115,2.4,1008.6,41.0,0.0,1.0,7.4,631
2025-03-19T11:00+00:00,4115,2.2,1008.5,36.0,0.0,1.0,8.7,671
2025-03-19T12:00+00:00,4115,3.1,1007.8,34.0,0.0,1.0,10.0,672
2025-03-19T13:00+00:00,4115,3.4,1007.5,31.0,0.0,1.0,11.1,617
2025-03-19T14:00+00:00,4115,3.0,1007.1,31.0,0.0,1.0,11.5,507
2025-03-19T15:00+00:00,4115,3.3,1006.8,31.0,0.0,1.0,11.1,354
2025-03-19T16:00+00:00,4115,3.0,1006.6,31.0,0.0,1.0,10.5,197
2025-03-19T17:00+00:00,4115,2.7,1006.6,35.0,0.0,0.9,8.8,51
2025-03-19T18:00+00:00,4115,1.9,1007.0,48.0,0.0,0.0,6.0,1
2025-03-19T19:00+00:00,4115,1.8,1006.9,57.0,0.0,0.0,3.8,0
2025-03-19T20:00+00:00,4115,1.8,1006.8,61.0,0.0,0.0,2.5,0
2025-03-19T21:00+00:00,4115,1.8,1006.8,64.0,0.0,0.0,1.7,0
2025-03-19T22:00+00:00,4115,1.8,1006.6,67.0,0.0,0.0,0.9,0
2025-03-19T23:00+00:00,4115,1.9,1006.7,67.0,0.0,0.0,0.7,0
2025-03-20T00:00+00:00,4115,1.9,1006.6,69.0,0.0,0.0,-0.1,0
2025-03-20T01:00+00:00,4115,2.1,1006.4,69.0,0.0,0.0,-0.1,0
2025-03-20T02:00+00:00,4115,1.8,1006.3,71.0,0.0,0.0,-0.7,0
2025-03-20T03:00+00:00,4115,1.9,1006.2,73.0,0.0,0.0,-1.2,0
2025-03-20T04:00+00:00,4115,1.8,1006.5,73.0,0.0,0.0,-1.4,0
2025-03-20T05:00+00:00,4115,1.7,1006.7,75.0,0.0,0.0,-2.0,0
2025-03-20T06:00+00:00,4115,1.4,1007.0,70.0,0.0,0.8,0.1,70
2025-03-20T07:00+00:00,4115,1.2,1007.4,64.0,0.0,1.0,2.0,234
2025-03-20T08:00+00:00,4115,1.2,1007.7,57.0,0.0,1.0,4.3,389
2025-03-20T09:00+00:00,4115,1.3,1007.7,51.0,0.0,1.0,6.3,531
2025-03-20T10:00+00:00,4115,1.9,1007.3,46.0,0.0,1.0,8.0,626
2025-03-20T11:00+00:00,4115,2.5,1006.7,44.0,0.0,1.0,9.5,664
2025-03-20T12:00+00:00,4115,2.5,1005.7,41.0,0.0,1.0,11.1,662
2025-03-20T13:00+00:00,4115,2.0,1004.9,38.0,0.0,1.0,12.6,607
2025-03-20T14:00+00:00,4115,2.2,1004.3,34.0,0.0,1.0,13.7,500
2025-03-20T15:00+00:00,4115,2.5,1003.7,33.0,0.0,1.0,13.9,351
2025-03-20T16:00+00:00,4115,2.5,1003.5,35.0,0.0,1.0,13.6,192
2025-03-20T17:00+00:00,4115,2.5,1003.2,39.0,0.0,0.9,11.6,51
2025-03-20T18:00+00:00,4115,1.3,1003.0,48.0,0.0,0.0,8.6,1
2025-03-20T19:00+00:00,4115,1.6,1003.2,55.0,0.0,0.0,7.0,0
2025-03-20T20:00+00:00,4115,1.5,1002.9,54.0,0.0,0.0,6.7,0
2025-03-20T21:00+00:00,4115,0.9,1002.9,60.0,0.0,0.0,5.2,0
2025-03-20T22:00+00:00,4115,1.6,1002.4,61.0,0.0,0.0,4.7,0
2025-03-20T23:00+00:00,4115,1.2,1002.3,60.0,0.0,0.0,4.4,0
2025-03-21T00:00+00:00,4115,1.7,1002.2,68.0,0.0,0.0,2.5,0
2025-03-21T01:00+00:00,4115,2.0,1001.6,65.0,0.0,0.0,3.1,0
2025-03-21T02:00+00:00,4115,1.7,1001.5,71.0,0.0,0.0,1.8,0
2025-03-21T03:00+00:00,4115,1.2,1001.6,65.0,0.0,0.0,3.1,0
2025-03-21T04:00+00:00,4115,1.3,1001.6,71.0,0.0,0.0,1.7,0
2025-03-21T05:00+00:00,4115,1.0,1001.9,74.0,0.0,0.0,0.8,1
2025-03-21T06:00+00:00,4115,0.5,1002.0,68.0,0.0,0.8,3.2,68
2025-03-21T07:00+00:00,4115,0.5,1002.3,61.0,0.0,1.0,5.6,227
2025-03-21T08:00+00:00,4115,1.6,1002.1,52.0,0.0,1.0,7.6,380
2025-03-21T09:00+00:00,4115,2.3,1002.0,51.0,0.0,1.0,9.0,507
2025-03-21T10:00+00:00,4115,2.3,1001.5,46.0,0.0,1.0,10.7,617
2025-03-21T11:00+00:00,4115,2.8,1000.9,39.0,0.0,1.0,12.4,653
2025-03-21T12:00+00:00,4115,3.2,1000.0,33.0,0.0,1.0,13.8,654
2025-03-21T13:00+00:00,4115,2.9,999.3,36.0,0.0,1.0,15.0,596
2025-03-21T14:00+00:00,4115,3.1,998.5,36.0,0.0,1.0,14.9,492
2025-03-21T15:00+00:00,4115,3.6,997.9,37.0,0.0,1.0,14.7,340
2025-03-21T16:00+00:00,4115,3.2,997.5,37.0,0.0,1.0,14.3,195
2025-03-21T17:00+00:00,4115,2.6,997.1,44.0,0.0,0.3,12.3,48
2025-03-21T18:00+00:00,4115,1.4,997.4,50.0,0.0,0.0,9.6,0
2025-03-21T19:00+00:00,4115,1.9,997.1,52.0,0.0,0.0,8.6,0
2025-03-21T20:00+00:00,4115,2.0,996.6,57.0,0.0,0.0,7.6,0
2025-03-21T21:00+00:00,4115,1.8,996.2,60.0,0.0,0.0,6.9,0
2025-03-21T22:00+00:00,4115,1.1,995.8,62.0,0.0,0.0,6.3,0
2025-03-21T23:00+00:00,4115,1.2,995.3,64.0,0.0,0.0,5.8,0
2025-03-22T00:00+00:00,4115,1.3,994.7,72.0,0.0,0.0,3.7,0
2025-03-22T01:00+00:00,4115,1.2,994.0,72.0,0.0,0.0,3.8,0
2025-03-22T02:00+00:00,4115,1.1,993.1,69.0,0.0,0.0,4.0,0
2025-03-22T03:00+00:00,4115,1.0,992.7,70.0,0.0,0.0,3.5,0
2025-03-22T04:00+00:00,4115,0.9,992.2,70.0,0.0,0.0,3.2,0
2025-03-22T05:00+00:00,4115,1.2,992.1,71.0,0.0,0.0,2.9,1
2025-03-22T06:00+00:00,4115,2.0,991.8,64.0,0.0,0.7,5.3,74
2025-03-22T07:00+00:00,4115,2.4,991.4,60.0,0.0,0.8,7.4,192
2025-03-22T08:00+00:00,4115,3.6,991.2,56.0,0.0,0.9,8.7,287
2025-03-22T09:00+00:00,4115,3.9,990.9,58.0,0.0,0.9,10.4,383
2025-03-22T10:00+00:00,4115,3.8,990.1,60.0,0.0,0.8,11.4,466
2025-03-22T11:00+00:00,4115,3.9,989.7,55.0,0.0,0.6,13.4,480
2025-03-22T12:00+00:00,4115,3.8,988.8,55.0,0.0,0.9,13.9,594
2025-03-22T13:00+00:00,4115,3.3,988.4,58.0,0.0,0.2,13.6,226
2025-03-22T14:00+00:00,4115,3.0,988.1,60.0,0.0,0.0,13.8,88
2025-03-22T15:00+00:00,4115,3.4,987.7,60.0,0.0,0.0,13.7,100
2025-03-22T16:00+00:00,4115,3.8,987.6,59.0,0.0,0.0,13.7,108
2025-03-22T17:00+00:00,4115,3.0,987.6,65.0,0.0,0.1,12.1,49
2025-03-22T18:00+00:00,4115,2.9,987.6,63.0,0.0,0.0,11.0,1
2025-03-22T19:00+00:00,4115,2.6,987.7,64.0,0.0,0.0,10.5,0
2025-03-22T20:00+00:00,4115,2.5,987.6,70.0,0.0,0.0,9.1,0
2025-03-22T21:00+00:00,4115,2.3,987.1,78.0,0.0,0.0,8.7,0
2025-03-22T22:00+00:00,4115,2.8,986.9,82.0,0.0,0.0,8.5,0
2025-03-22T23:00+00:00,4115,2.8,986.2,88.0,0.0,0.0,7.6,0
2025-03-23T00:00+00:00,4115,2.6,985.9,89.0,0.0,0.0,7.5,0
2025-03-23T01:00+00:00,4115,2.0,985.3,92.0,0.0,0.0,6.9,0
2025-03-23T02:00+00:00,4115,1.8,984.6,92.0,0.0,0.0,6.9,0
2025-03-23T03:00+00:00,4115,1.9,984.2,92.0,0.0,0.0,7.0,0
2025-03-23T04:00+00:00,4115,2.1,984.1,92.0,0.0,0.0,6.9,0
2025-03-23T05:00+00:00,4115,2.0,984.0,91.0,0.0,0.0,7.4,0
2025-03-23T06:00+00:00,4115,2.2,983.6,90.0,0.0,0.0,8.2,18
2025-03-23T07:00+00:00,4115,2.1,983.3,82.0,0.0,0.0,10.5,64
2025-03-23T08:00+00:00,4115,2.2,983.3,72.0,0.0,0.2,13.5,198
2025-03-23T09:00+00:00,4115,4.2,983.2,56.0,0.0,0.5,16.5,371
2025-03-23T10:00+00:00,4115,6.9,983.6,59.0,0.0,0.5,15.5,410
2025-03-23T11:00+00:00,4115,5.7,983.6,56.0,0.0,0.0,16.5,244
2025-03-23T12:00+00:00,4115,5.4,983.4,50.0,0.0,0.3,18.0,404
2025-03-23T13:00+00:00,4115,5.5,982.9,45.0,0.0,0.9,19.7,559
2025-03-23T14:00+00:00,4115,6.6,982.6,43.0,0.0,1.0,19.7,580
2025-03-23T15:00+00:00,4115,5.8,982.2,44.0,0.0,0.7,20.0,295
2025-03-23T16:00+00:00,4115,6.0,982.2,47.0,0.0,0.1,18.3,88
2025-03-23T17:00+00:00,4115,4.4,982.7,51.0,0.0,0.0,17.1,22
2025-03-23T18:00+00:00,4115,2.9,984.0,57.0,0.0,0.0,15.6,1
2025-03-23T19:00+00:00,4115,3.5,985.5,71.0,0.0,0.0,13.2,0
2025-03-23T20:00+00:00,4115,3.8,986.2,70.0,0.0,0.0,13.0,0
2025-03-23T21:00+00:00,4115,2.4,986.5,76.0,0.0,0.0,11.9,0
2025-03-23T22:00+00:00,4115,0.5,986.6,85.0,0.0,0.0,7.8,0
2025-03-23T23:00+00:00,4115,0.1,987.0,88.0,0.0,0.0,7.6,0
2025-03-24T00:00+00:00,4115,1.0,986.8,86.0,0.0,0.0,7.3,0
2025-03-24T01:00+00:00,4115,0.6,987.6,91.0,0.0,0.0,6.4,0
2025-03-24T02:00+00:00,4115,0.8,987.3,88.0,0.0,0.0,6.7,0
2025-03-24T03:00+00:00,4115,0.3,987.4,87.0,0.0,0.0,7.7,0
2025-03-24T04:00+00:00,4115,1.2,987.0,76.0,0.0,0.0,10.0,0
2025-03-24T05:00+00:00,4115,0.0,987.6,89.0,0.0,0.0,6.9,0
2025-03-24T06:00+00:00,4115,0.4,988.1,90.0,0.0,0.0,7.0,17
2025-03-24T07:00+00:00,4115,0.4,988.1,86.0,0.0,0.0,8.8,64
2025-03-24T08:00+00:00,4115,0.4,988.6,78.0,0.0,0.2,11.4,247
2025-03-24T09:00+00:00,4115,0.9,988.6,63.0,0.0,0.4,14.8,358
2025-03-24T10:00+00:00,4115,1.6,989.1,64.0,0.0,0.4,14.1,451
2025-03-24T11:00+00:00,4115,2.6,989.3,65.0,0.0,0.1,14.5,273
2025-03-24T12:00+00:00,4115,2.6,989.2,59.0,0.0,0.4,16.4,417
2025-03-24T13:00+00:00,4115,2.2,989.5,55.0,0.0,0.8,16.4,521
2025-03-24T14:00+00:00,4115,2.6,989.6,57.0,0.0,0.2,16.3,300
2025-03-24T15:00+00:00,4115,3.1,990.1,83.0,0.5,0.0,12.9,71
2025-03-24T16:00+00:00,4115,1.6,990.3,84.0,0.1,0.1,12.8,40
2025-03-24T17:00+00:00,4115,1.0,991.0,88.0,0.0,0.0,11.5,49
2025-03-24T18:00+00:00,4115,0.5,991.6,88.0,0.0,0.0,10.5,0
2025-03-24T19:00+00:00,4115,1.1,992.2,88.0,0.0,0.0,10.8,0
2025-03-24T20:00+00:00,4115,2.1,993.0,87.0,0.1,0.0,10.8,0
2025-03-24T21:00+00:00,4115,2.1,993.3,95.0,1.5,0.0,10.0,0
2025-03-24T22:00+00:00,4115,1.0,993.6,90.0,0.0,0.0,10.1,0
2025-03-24T23:00+00:00,4115,1.7,993.8,88.0,0.0,0.0,10.4,0
2025-03-25T00:00+00:00,4115,1.7,993.8,89.0,0.0,0.0,10.6,0
2025-03-25T01:00+00:00,4115,0.7,993.8,93.0,0.0,0.0,9.9,0
2025-03-25T02:00+00:00,4115,0.4,993.8,89.0,0.0,0.0,10.1,0
2025-03-25T03:00+00:00,4115,0.4,994.1,93.0,0.0,0.0,9.1,0
2025-03-25T04:00+00:00,4115,0.2,994.5,90.0,0.0,0.0,9.4,0
2025-03-25T05:00+00:00,4115,1.0,994.9,89.0,0.0,0.0,9.6,0
2025-03-25T06:00+00:00,4115,0.6,995.1,89.0,0.0,0.0,10.1,17
2025-03-25T07:00+00:00,4115,1.2,995.5,92.0,0.2,0.0,10.0,48
2025-03-25T08:00+00:00,4115,0.9,995.9,86.0,0.7,0.0,10.1,46
2025-03-25T09:00+00:00,4115,0.6,996.2,91.0,0.8,0.2,11.2,194
2025-03-25T10:00+00:00,4115,1.8,996.3,79.0,0.0,0.6,13.4,527
2025-03-25T11:00+00:00,4115,1.3,995.9,72.0,0.0,0.4,13.7,430
2025-03-25T12:00+00:00,4115,1.5,995.4,66.0,0.0,0.5,15.6,468
2025-03-25T13:00+00:00,4115,1.9,994.9,56.0,0.0,0.7,15.6,541
2025-03-25T14:00+00:00,4115,1.4,994.6,60.0,0.0,0.7,15.5,439
2025-03-25T15:00+00:00,4115,1.8,994.2,54.0,0.0,0.9,16.2,329
2025-03-25T16:00+00:00,4115,1.4,994.1,60.0,0.0,1.0,15.5,189
2025-03-25T17:00+00:00,4115,1.2,994.3,71.0,0.0,0.6,13.3,54
2025-03-25T18:00+00:00,4115,2.0,994.5,79.0,0.0,0.0,10.1,1
2025-03-25T19:00+00:00,4115,1.1,995.1,80.0,0.0,0.0,10.1,0
2025-03-25T20:00+00:00,4115,0.7,995.4,81.0,0.0,0.0,9.6,0
2025-03-25T21:00+00:00,4115,0.7,995.4,79.0,0.0,0.0,10.1,0
2025-03-25T22:00+00:00,4115,1.0,995.2,76.0,0.0,0.0,10.7,0
2025-03-25T23:00+00:00,4115,0.1,995.2,83.0,0.0,0.0,8.6,0
2025-03-26T00:00+00:00,4115,1.3,995.2,89.0,0.0,0.0,7.2,0
2025-03-26T01:00+00:00,4115,1.2,995.1,90.0,0.0,0.0,6.8,0
2025-03-26T02:00+00:00,4115,1.1,994.9,93.0,0.0,0.0,6.2,0
2025-03-26T03:00+00:00,4115,0.4,994.6,96.0,0.0,0.0,6.0,0
2025-03-26T04:00+00:00,4115,1.9,994.4,83.0,0.0,0.0,9.0,0
2025-03-26T05:00+00:00,4115,1.2,994.7,88.0,0.0,0.0,7.2,3
2025-03-26T06:00+00:00,4115,0.7,995.1,82.0,0.0,0.5,9.5,74
2025-03-26T07:00+00:00,4115,1.6,995.3,78.0,0.0,0.6,10.8,182
2025-03-26T08:00+00:00,4115,2.1,995.5,71.0,0.0,1.0,12.3,389
2025-03-26T09:00+00:00,4115,2.0,995.4,67.0,0.0,1.0,14.0,524
2025-03-26T10:00+00:00,4115,2.7,995.3,62.0,0.0,1.0,15.0,602
2025-03-26T11:00+00:00,4115,2.8,994.9,59.0,0.0,0.7,15.0,461
2025-03-26T12:00+00:00,4115,2.8,994.4,56.0,0.0,0.8,15.8,561
2025-03-26T13:00+00:00,4115,1.9,993.8,53.0,0.0,0.6,16.4,475
2025-03-26T14:00+00:00,4115,2.7,993.8,62.0,0.1,0.2,14.3,204
2025-03-26T15:00+00:00,4115,2.8,993.6,68.0,1.7,0.1,12.9,129
2025-03-26T16:00+00:00,4115,3.2,993.8,75.0,0.0,0.0,11.8,104
2025-03-26T17:00+00:00,4115,3.7,994.3,75.0,0.0,0.0,11.8,37
2025-03-26T18:00+00:00,4115,3.2,994.7,73.0,0.0,0.0,11.8,0
2025-03-26T19:00+00:00,4115,3.5,994.9,73.0,0.0,0.0,11.5,0
2025-03-26T20:00+00:00,4115,4.4,995.5,66.0,0.0,0.0,11.1,0
2025-03-26T21:00+00:00,4115,4.5,996.0,71.0,0.0,0.0,9.7,0
2025-03-26T22:00+00:00,4115,4.2,996.3,74.0,0.0,0.0,9.3,0
2025-03-26T23:00+00:00,4115,4.3,996.2,77.0,0.0,0.0,8.4,0
2025-03-27T00:00+00:00,4115,4.1,996.2,80.0,0.0,0.0,7.9,0
2025-03-27T01:00+00:00,4115,4.8,996.0,83.0,0.0,0.0,7.4,0
2025-03-27T02:00+00:00,4115,4.1,995.5,83.0,0.0,0.0,7.2,0
2025-03-27T03:00+00:00,4115,3.5,995.6,83.0,0.0,0.0,7.8,0
2025-03-27T04:00+00:00,4115,3.6,995.7,84.0,0.0,0.0,7.5,0
2025-03-27T05:00+00:00,4115,3.4,996.3,85.0,0.0,0.0,7.3,1
2025-03-27T06:00+00:00,4115,3.5,996.6,83.0,0.0,0.2,8.3,67
2025-03-27T07:00+00:00,4115,4.2,996.6,78.0,0.0,0.7,9.1,191
2025-03-27T08:00+00:00,4115,4.6,996.5,73.0,0.0,0.9,10.8,415
2025-03-27T09:00+00:00,4115,4.9,996.6,68.0,0.0,0.7,11.3,480
2025-03-27T10:00+00:00,4115,5.3,996.3,63.0,0.0,0.9,11.8,607
2025-03-27T11:00+00:00,4115,5.6,995.6,58.0,0.0,0.5,12.2,484
2025-03-27T12:00+00:00,4115,5.5,995.5,57.0,0.0,0.2,12.7,422
2025-03-27T13:00+00:00,4115,5.7,994.9,56.0,0.0,0.3,12.9,401
2025-03-27T14:00+00:00,4115,6.2,994.7,55.0,0.0,0.2,12.4,308
2025-03-27T15:00+00:00,4115,5.6,994.7,56.0,0.0,0.2,12.1,232
2025-03-27T16:00+00:00,4115,4.9,994.6,58.0,0.0,0.4,11.6,159
2025-03-27T17:00+00:00,4115,3.8,994.4,61.0,0.0,0.9,10.6,78
2025-03-27T18:00+00:00,4115,3.0,994.6,66.0,0.0,0.0,9.3,3
2025-03-27T19:00+00:00,4115,3.8,995.1,68.0,0.0,0.0,8.6,0
2025-03-27T20:00+00:00,4115,3.2,995.5,71.0,0.0,0.0,7.3,0
2025-03-27T21:00+00:00,4115,2.5,995.5,74.0,0.0,0.0,6.4,0
2025-03-27T22:00+00:00,4115,2.3,995.2,74.0,0.0,0.0,6.5,0
2025-03-27T23:00+00:00,4115,3.1,994.8,76.0,0.0,0.0,5.9,0
2025-03-28T00:00+00:00,4115,3.2,994.3,78.0,0.0,0.0,5.3,0
2025-03-28T01:00+00:00,4115,3.4,993.7,79.0,0.0,0.0,4.9,0
2025-03-28T02:00+00:00,4115,3.4,993.2,80.0,0.0,0.0,4.5,0
2025-03-28T03:00+00:00,4115,4.0,992.9,81.0,0.0,0.0,4.2,0
2025-03-28T04:00+00:00,4115,3.9,992.6,82.0,0.0,0.0,3.8,0
2025-03-28T05:00+00:00,4115,3.9,992.2,82.0,0.0,0.0,3.8,3
2025-03-28T06:00+00:00,4115,3.4,992.2,80.0,0.0,0.3,4.5,76
2025-03-28T07:00+00:00,4115,3.9,992.0,78.0,0.0,0.5,5.4,151
2025-03-28T08:00+00:00,4115,3.8,991.6,73.0,0.0,0.9,6.8,339
2025-03-28T09:00+00:00,4115,2.6,991.3,70.0,0.0,0.5,9.0,347
2025-03-28T10:00+00:00,4115,3.2,990.4,66.0,0.0,0.5,9.9,434
2025-03-28T11:00+00:00,4115,3.1,990.0,64.0,0.0,0.0,10.1,229
2025-03-28T12:00+00:00,4115,2.2,989.1,62.0,0.0,0.1,11.4,327
2025-03-28T13:00+00:00,4115,2.6,988.5,58.0,0.0,0.0,12.5,247
2025-03-28T14:00+00:00,4115,2.8,987.9,60.0,0.0,0.0,12.3,112
2025-03-28T15:00+00:00,4115,1.5,987.4,61.0,0.0,0.0,12.6,102
2025-03-28T16:00+00:00,4115,1.6,986.9,66.0,0.0,0.0,11.6,84
2025-03-28T17:00+00:00,4115,0.9,986.6,69.0,0.0,0.0,10.8,13
2025-03-28T18:00+00:00,4115,1.4,986.5,75.0,0.0,0.0,9.9,0
2025-03-28T19:00+00:00,4115,2.3,986.5,72.0,0.0,0.0,10.0,0
2025-03-28T20:00+00:00,4115,1.1,986.6,74.0,0.0,0.0,9.9,0
2025-03-28T21:00+00:00,4115,0.6,986.4,82.0,0.2,0.0,9.4,0
2025-03-28T22:00+00:00,4115,0.8,985.8,88.0,0.8,0.0,8.7,0
2025-03-28T23:00+00:00,4115,2.1,985.6,90.0,1.0,0.0,8.6,0
2025-03-29T00:00+00:00,4115,1.8,985.3,93.0,1.0,0.0,8.4,0
2025-03-29T01:00+00:00,4115,1.2,984.8,95.0,1.5,0.0,8.6,0
2025-03-29T02:00+00:00,4115,0.6,984.5,96.0,0.7,0.0,8.6,0
2025-03-29T03:00+00:00,4115,0.3,984.5,97.0,0.4,0.0,8.6,0
2025-03-29T04:00+00:00,4115,1.1,984.3,96.0,0.1,0.0,8.6,0
2025-03-29T05:00+00:00,4115,0.9,984.6,97.0,0.1,0.0,8.5,0
2025-03-29T06:00+00:00,4115,2.0,984.8,97.0,0.8,0.0,8.4,10
2025-03-29T07:00+00:00,4115,2.2,984.9,95.0,0.2,0.0,8.7,37
2025-03-29T08:00+00:00,4115,2.4,985.3,97.0,0.9,0.0,9.0,39
2025-03-29T09:00+00:00,4115,0.7,985.6,96.0,1.5,0.0,9.2,49
2025-03-29T10:00+00:00,4115,1.6,985.8,95.0,0.7,0.0,9.5,66
2025-03-29T11:00+00:00,4115,1.7,986.0,95.0,0.5,0.0,9.9,75
2025-03-29T12:00+00:00,4115,1.5,986.0,96.0,1.1,0.0,9.6,53
2025-03-29T13:00+00:00,4115,2.1,986.3,97.0,1.4,0.0,9.7,56
2025-03-29T14:00+00:00,4115,2.0,986.4,97.0,2.3,0.0,9.7,55
2025-03-29T15:00+00:00,4115,1.8,986.8,97.0,3.4,0.0,9.8,39
2025-03-29T16:00+00:00,4115,0.4,987.5,97.0,2.7,0.0,9.6,18
2025-03-29T17:00+00:00,4115,0.7,987.8,98.0,1.3,0.0,9.7,10
2025-03-29T18:00+00:00,4115,0.9,988.6,98.0,1.7,0.0,9.4,0
2025-03-29T19:00+00:00,4115,0.7,988.9,98.0,0.9,0.0,9.2,0
2025-03-29T20:00+00:00,4115,0.7,989.1,99.0,0.7,0.0,9.2,0
2025-03-29T21:00+00:00,4115,0.5,989.5,99.0,0.4,0.0,9.0,0
2025-03-29T22:00+00:00,4115,0.5,989.7,99.0,0.5,0.0,9.0,0
2025-03-29T23:00+00:00,4115,0.8,989.9,99.0,0.4,0.0,9.1,0
2025-03-30T00:00+00:00,4115,1.3,989.8,95.0,0.1,0.0,9.2,0
2025-03-30T01:00+00:00,4115,3.8,989.8,92.0,0.3,0.0,9.2,0
2025-03-30T02:00+00:00,4115,3.7,989.8,92.0,0.0,0.0,9.0,0
2025-03-30T03:00+00:00,4115,4.0,990.0,90.0,0.0,0.0,9.2,0
2025-03-30T04:00+00:00,4115,4.6,990.1,90.0,0.0,0.0,9.0,0
2025-03-30T05:00+00:00,4115,4.4,990.8,95.0,0.4,0.0,8.5,0
2025-03-30T06:00+00:00,4115,4.0,991.2,93.0,0.2,0.0,8.4,7
2025-03-30T07:00+00:00,4115,4.0,991.6,88.0,0.1,0.0,8.5,17
2025-03-30T08:00+00:00,4115,4.7,991.6,85.0,0.0,0.0,8.9,88
2025-03-30T09:00+00:00,4115,4.7,992.2,84.0,0.0,0.0,8.9,136
2025-03-30T10:00+00:00,4115,4.2,991.9,79.0,0.0,0.0,9.8,139
2025-03-30T11:00+00:00,4115,4.9,991.0,76.0,0.0,0.0,10.8,311
2025-03-30T12:00+00:00,4115,5.9,990.3,70.0,0.0,1.0,13.1,623
2025-03-30T13:00+00:00,4115,5.7,989.6,59.0,0.0,0.7,14.1,538
2025-03-30T14:00+00:00,4115,6.7,989.3,56.0,0.0,0.6,13.5,396
2025-03-30T15:00+00:00,4115,5.8,988.9,57.0,0.0,0.4,13.0,254
2025-03-30T16:00+00:00,4115,4.8,988.6,58.0,0.0,0.0,12.3,74
2025-03-30T17:00+00:00,4115,3.6,988.4,61.0,0.0,0.0,12.1,15
2025-03-30T18:00+00:00,4115,3.5,988.8,61.0,0.0,0.0,11.9,1
2025-03-30T19:00+00:00,4115,4.2,989.1,53.0,0.0,0.0,11.7,0
2025-03-30T20:00+00:00,4115,3.6,989.6,57.0,0.0,0.0,10.4,0
2025-03-30T21:00+00:00,4115,3.6,989.5,60.0,0.0,0.0,9.7,0
2025-03-30T22:00+00:00,4115,4.3,989.6,60.0,0.0,0.0,9.4,0
2025-03-30T23:00+00:00,4115,3.7,990.3,66.0,0.0,0.0,8.5,0
2025-03-31T00:00+00:00,4115,4.2,989.9,71.0,0.0,0.0,7.7,0
2025-03-31T01:00+00:00,4115,4.0,990.0,73.0,0.0,0.0,6.9,0
2025-03-31T02:00+00:00,4115,4.4,990.4,74.0,0.0,0.0,6.6,0
2025-03-31T03:00+00:00,4115,4.5,990.7,76.0,0.0,0.0,6.5,0
2025-03-31T04:00+00:00,4115,3.5,991.2,82.0,0.0,0.0,5.8,0
2025-03-31T05:00+00:00,4115,3.2,991.9,81.0,0.0,0.1,6.1,6
2025-03-31T06:00+00:00,4115,3.5,992.2,75.0,0.0,0.5,7.4,101
2025-03-31T07:00+00:00,4115,3.9,992.7,74.0,0.0,0.8,7.8,288
2025-03-31T08:00+00:00,4115,4.0,993.3,73.0,0.0,0.7,8.3,331
2025-03-31T09:00+00:00,4115,4.3,993.7,70.0,0.0,0.1,8.9,229
2025-03-31T10:00+00:00,4115,4.7,993.8,69.0,0.0,0.6,9.7,547
2025-03-31T11:00+00:00,4115,3.4,994.1,77.0,0.9,0.1,9.5,207
2025-03-31T12:00+00:00,4115,4.6,994.1,81.0,0.9,0.4,7.9,432
2025-03-31T13:00+00:00,4115,4.6,993.8,58.0,0.1,0.7,11.0,439
2025-03-31T14:00+00:00,4115,3.7,994.0,71.0,0.3,0.2,9.2,191
2025-03-31T15:00+00:00,4115,4.4,994.3,58.0,0.0,0.8,10.7,369
2025-03-31T16:00+00:00,4115,5.8,995.3,73.0,0.0,0.3,8.6,129
2025-03-31T17:00+00:00,4115,4.8,996.0,74.0,0.0,0.0,8.3,49
2025-03-31T18:00+00:00,4115,4.5,996.7,78.0,0.0,0.0,7.3,3
2025-03-31T19:00+00:00,4115,4.3,997.3,82.0,0.0,0.0,6.5,0
2025-03-31T20:00+00:00,4115,4.1,997.7,82.0,0.0,0.0,6.5,0
2025-03-31T21:00+00:00,4115,4.3,997.8,81.0,0.0,0.0,6.9,0
2025-03-31T22:00+00:00,4115,4.1,997.8,82.0,0.0,0.0,7.0,0
2025-03-31T23:00+00:00,4115,3.8,997.8,81.0,0.0,0.0,7.0,0
2025-04-01T00:00+00:00,4115,4.0,997.8,80.0,0.0,0.0,7.2,0
2025-04-01T01:00+00:00,4115,4.5,997.4,79.0,0.0,0.0,7.1,0
2025-04-01T02:00+00:00,4115,4.7,997.3,81.0,0.0,0.0,6.9,0
2025-04-01T03:00+00:00,4115,4.3,997.5,82.0,0.0,0.0,6.8,0
2025-04-01T04:00+00:00,4115,4.8,997.4,82.0,0.0,0.0,6.8,0
2025-04-01T05:00+00:00,4115,4.1,997.7,82.0,0.0,0.0,6.9,1
2025-04-01T06:00+00:00,4115,4.5,998.1,80.0,0.0,0.0,7.3,25
2025-04-01T07:00+00:00,4115,4.8,998.6,78.0,0.0,0.0,7.9,77
2025-04-01T08:00+00:00,4115,4.4,999.0,75.0,0.0,0.0,8.7,148
2025-04-01T09:00+00:00,4115,4.6,999.2,66.0,0.0,0.0,9.3,188
2025-04-01T10:00+00:00,4115,5.7,999.2,61.0,0.0,0.0,9.8,274
2025-04-01T11:00+00:00,4115,6.9,999.2,62.0,0.0,0.0,10.3,280
2025-04-01T12:00+00:00,4115,6.5,998.9,63.0,0.0,0.2,10.7,258
2025-04-01T13:00+00:00,4115,6.4,998.8,65.0,0.0,0.0,11.0,201
2025-04-01T14:00+00:00,4115,5.8,998.7,69.0,0.0,0.0,10.5,160
2025-04-01T15:00+00:00,4115,6.5,998.5,69.0,0.0,0.2,10.6,214
2025-04-01T16:00+00:00,4115,6.2,998.5,70.0,0.0,0.3,10.2,136
2025-04-01T17:00+00:00,4115,5.7,999.0,72.0,0.0,0.0,9.3,38
2025-04-01T18:00+00:00,4115,4.2,999.3,75.0,0.0,0.0,8.4,3
2025-04-01T19:00+00:00,4115,5.1,999.8,75.0,0.0,0.0,8.6,0
2025-04-01T20:00+00:00,4115,5.6,999.9,76.0,0.0,0.0,8.5,0
2025-04-01T21:00+00:00,4115,4.5,1000.0,75.0,0.0,0.0,8.6,0
2025-04-01T22:00+00:00,4115,4.5,999.9,77.0,0.0,0.0,7.8,0
2025-04-01T23:00+00:00,4115,3.9,999.9,80.0,0.0,0.0,7.2,0
2025-04-02T00:00+00:00,4115,3.9,999.7,81.0,0.0,0.0,6.7,0
2025-04-02T01:00+00:00,4115,3.2,999.3,81.0,0.0,0.0,6.5,0
2025-04-02T02:00+00:00,4115,3.9,998.9,79.0,0.0,0.0,6.5,0
2025-04-02T03:00+00:00,4115,4.5,998.7,80.0,0.0,0.0,6.4,0
2025-04-02T04:00+00:00,4115,4.5,998.8,79.0,0.0,0.0,6.8,0
2025-04-02T05:00+00:00,4115,4.5,998.8,80.0,0.0,0.0,6.9,4
2025-04-02T06:00+00:00,4115,3.2,999.2,77.0,0.0,0.7,7.8,106
2025-04-02T07:00+00:00,4115,3.2,999.6,77.0,0.0,1.0,8.3,223
2025-04-02T08:00+00:00,4115,3.1,999.9,74.0,0.0,0.4,9.9,299
2025-04-02T09:00+00:00,4115,2.8,999.8,71.0,0.0,0.4,11.5,399
2025-04-02T10:00+00:00,4115,3.0,999.3,66.0,0.0,0.5,13.5,524
2025-04-02T11:00+00:00,4115,4.6,999.3,61.0,0.0,0.5,13.4,462
2025-04-02T12:00+00:00,4115,4.9,999.3,57.0,0.0,0.2,14.0,383
2025-04-02T13:00+00:00,4115,5.1,999.0,55.0,0.0,0.4,13.6,432
2025-04-02T14:00+00:00,4115,4.2,998.6,53.0,0.0,0.0,13.9,229
2025-04-02T15:00+00:00,4115,5.8,998.6,56.0,0.0,0.0,12.7,121
2025-04-02T16:00+00:00,4115,4.8,998.9,60.0,0.0,0.0,12.4,51
2025-04-02T17:00+00:00,4115,5.3,999.3,66.0,0.0,0.0,11.4,32
2025-04-02T18:00+00:00,4115,0.8,999.5,73.0,0.0,0.0,10.5,1
2025-04-02T19:00+00:00,4115,0.8,999.8,71.0,0.0,0.0,10.5,0
2025-04-02T20:00+00:00,4115,1.0,999.9,67.0,0.0,0.0,10.6,0
2025-04-02T21:00+00:00,4115,1.4,999.9,63.0,0.0,0.0,11.2,0
2025-04-02T22:00+00:00,4115,2.8,999.9,62.0,0.0,0.0,11.0,0
2025-04-02T23:00+00:00,4115,2.7,1000.1,64.0,0.0,0.0,10.4,0
2025-04-03T00:00+00:00,4115,3.3,1000.1,66.0,0.0,0.0,9.9,0
2025-04-03T01:00+00:00,4115,3.0,1000.0,70.0,0.0,0.0,9.0,0
2025-04-03T02:00+00:00,4115,1.6,999.9,71.0,0.0,0.0,8.2,0
2025-04-03T03:00+00:00,4115,0.9,1000.0,74.0,0.0,0.0,7.0,0
2025-04-03T04:00+00:00,4115,1.6,1000.4,74.0,0.0,0.0,7.3,0
2025-04-03T05:00+00:00,4115,1.6,1000.9,72.0,0.0,0.2,7.3,11
2025-04-03T06:00+00:00,4115,1.7,1001.2,67.0,0.0,1.0,8.7,129
2025-04-03T07:00+00:00,4115,2.5,1001.4,62.0,0.0,1.0,10.3,296
2025-04-03T08:00+00:00,4115,2.1,1001.9,59.0,0.0,1.0,11.4,451
2025-04-03T09:00+00:00,4115,3.0,1001.5,55.0,0.0,1.0,13.4,591
2025-04-03T10:00+00:00,4115,4.1,1001.1,52.0,0.0,1.0,15.2,690
2025-04-03T11:00+00:00,4115,4.0,1000.7,39.0,0.0,1.0,17.1,725
2025-04-03T12:00+00:00,4115,5.6,1000.4,38.0,0.0,1.0,17.7,712
2025-04-03T13:00+00:00,4115,5.0,1000.0,36.0,0.0,1.0,18.2,651
2025-04-03T14:00+00:00,4115,5.9,999.5,35.0,0.0,1.0,18.2,551
2025-04-03T15:00+00:00,4115,5.4,999.1,33.0,0.0,1.0,18.6,400
2025-04-03T16:00+00:00,4115,5.7,999.1,34.0,0.0,1.0,17.7,240
2025-04-03T17:00+00:00,4115,4.4,999.5,42.0,0.0,1.0,15.9,89
2025-04-03T18:00+00:00,4115,2.4,999.9,48.0,0.0,0.1,13.6,5
2025-04-03T19:00+00:00,4115,2.5,1000.1,52.0,0.0,0.0,13.0,0
2025-04-03T20:00+00:00,4115,3.1,1000.0,53.0,0.0,0.0,13.1,0
2025-04-03T21:00+00:00,4115,3.9,1000.2,54.0,0.0,0.0,12.6,0
2025-04-03T22:00+00:00,4115,4.2,1000.3,55.0,0.0,0.0,12.4,0
2025-04-03T23:00+00:00,4115,4.4,1000.4,58.0,0.0,0.0,11.6,0
2025-04-04T00:00+00:00,4115,2.0,1000.5,71.0,0.0,0.0,8.6,0
2025-04-04T01:00+00:00,4115,1.0,1000.1,68.0,0.0,0.0,8.5,0
2025-04-04T02:00+00:00,4115,0.6,999.9,72.0,0.0,0.0,7.4,0
2025-04-04T03:00+00:00,4115,0.3,999.9,73.0,0.0,0.0,7.0,0
2025-04-04T04:00+00:00,4115,0.4,999.9,75.0,0.0,0.0,6.6,0
2025-04-04T05:00+00:00,4115,0.4,1000.0,74.0,0.0,0.1,7.2,11
2025-04-04T06:00+00:00,4115,0.4,1000.2,73.0,0.0,1.0,9.3,131
2025-04-04T07:00+00:00,4115,1.2,1000.0,63.0,0.0,1.0,11.7,296
2025-04-04T08:00+00:00,4115,0.5,1000.1,54.0,0.0,1.0,13.9,451
2025-04-04T09:00+00:00,4115,1.2,999.9,49.0,0.0,1.0,15.3,587
2025-04-04T10:00+00:00,4115,1.2,999.5,31.0,0.0,1.0,16.8,688
2025-04-04T11:00+00:00,4115,0.7,998.8,35.0,0.0,1.0,17.6,724
2025-04-04T12:00+00:00,4115,1.4,998.1,33.0,0.0,1.0,18.1,716
2025-04-04T13:00+00:00,4115,0.8,997.1,32.0,0.0,1.0,18.8,653
2025-04-04T14:00+00:00,4115,0.7,996.3,31.0,0.0,1.0,19.3,545
2025-04-04T15:00+00:00,4115,1.7,995.5,30.0,0.0,1.0,19.0,398
2025-04-04T16:00+00:00,4115,1.0,994.8,33.0,0.0,1.0,19.1,241
2025-04-04T17:00+00:00,4115,0.8,994.3,34.0,0.0,1.0,17.7,90
2025-04-04T18:00+00:00,4115,0.6,994.1,70.0,0.0,0.1,10.0,7
2025-04-04T19:00+00:00,4115,0.5,994.1,58.0,0.0,0.0,10.8,0
2025-04-04T20:00+00:00,4115,0.8,993.5,58.0,0.0,0.0,10.6,0
2025-04-04T21:00+00:00,4115,0.8,993.0,62.0,0.0,0.0,9.3,0
2025-04-04T22:00+00:00,4115,0.6,992.6,70.0,0.0,0.0,8.0,0
2025-04-04T23:00+00:00,4115,0.2,992.1,74.0,0.0,0.0,6.8,0
2025-04-05T00:00+00:00,4115,0.2,991.5,76.0,0.0,0.0,6.3,0
2025-04-05T01:00+00:00,4115,0.1,991.1,68.0,0.0,0.0,7.9,0
2025-04-05T02:00+00:00,4115,0.7,990.5,74.0,0.0,0.0,6.7,0
2025-04-05T03:00+00:00,4115,0.6,989.9,70.0,0.0,0.0,7.7,0
2025-04-05T04:00+00:00,4115,1.4,989.5,61.0,0.0,0.0,10.2,0
2025-04-05T05:00+00:00,4115,2.5,989.1,63.0,0.0,0.0,9.9,10
2025-04-05T06:00+00:00,4115,3.8,989.1,60.0,0.0,1.0,11.4,130
2025-04-05T07:00+00:00,4115,3.9,989.1,55.0,0.0,1.0,13.2,292
2025-04-05T08:00+00:00,4115,3.8,988.9,52.0,0.0,1.0,14.8,450
2025-04-05T09:00+00:00,4115,3.8,988.6,52.0,0.0,1.0,16.4,606
2025-04-05T10:00+00:00,4115,3.7,987.7,51.0,0.0,1.0,17.5,677
2025-04-05T11:00+00:00,4115,3.4,986.9,43.0,0.0,0.6,19.0,512
2025-04-05T12:00+00:00,4115,5.2,986.2,42.0,0.0,0.6,19.8,553
2025-04-05T13:00+00:00,4115,6.2,985.8,43.0,0.0,0.5,18.6,453
2025-04-05T14:00+00:00,4115,6.9,985.6,40.0,0.0,0.2,17.4,266
2025-04-05T15:00+00:00,4115,8.2,986.0,40.0,0.0,0.1,15.2,214
2025-04-05T16:00+00:00,4115,8.2,987.0,38.0,0.0,0.2,12.7,144
2025-04-05T17:00+00:00,4115,8.3,988.0,31.0,0.0,0.0,10.7,36
2025-04-05T18:00+00:00,4115,8.4,989.1,38.0,0.0,0.0,9.1,4
2025-04-05T19:00+00:00,4115,8.4,990.7,41.0,0.0,0.0,7.6,0
2025-04-05T20:00+00:00,4115,6.3,991.1,42.0,0.0,0.0,7.3,0
2025-04-05T21:00+00:00,4115,5.6,991.8,47.0,0.0,0.0,6.7,0
2025-04-05T22:00+00:00,4115,6.9,992.9,62.0,0.0,0.0,4.3,0
2025-04-05T23:00+00:00,4115,6.0,993.5,59.0,0.0,0.0,3.6,0
2025-04-06T00:00+00:00,4115,5.8,994.3,54.0,0.0,0.0,3.5,0
2025-04-06T01:00+00:00,4115,5.8,994.9,51.0,0.0,0.0,2.2,0
2025-04-06T02:00+00:00,4115,4.3,995.6,48.0,0.0,0.0,1.3,0
2025-04-06T03:00+00:00,4115,5.8,995.9,49.0,0.0,0.0,0.6,0
2025-04-06T04:00+00:00,4115,5.4,996.7,52.0,0.0,0.0,-0.4,0
2025-04-06T05:00+00:00,4115,5.5,997.3,52.0,0.0,0.3,-0.6,20
2025-04-06T06:00+00:00,4115,5.7,998.1,48.0,0.0,1.0,0.4,162
2025-04-06T07:00+00:00,4115,6.2,998.2,46.0,0.0,1.0,1.4,333
2025-04-06T08:00+00:00,4115,6.3,998.8,45.0,0.0,0.9,2.6,514
2025-04-06T09:00+00:00,4115,6.0,998.8,43.0,0.0,0.3,3.6,356
2025-04-06T10:00+00:00,4115,5.8,998.9,41.0,0.0,0.2,3.2,406
2025-04-06T11:00+00:00,4115,5.8,999.2,42.0,0.0,0.0,2.8,233
2025-04-06T12:00+00:00,4115,5.7,999.0,43.0,0.0,0.0,3.8,275
2025-04-06T13:00+00:00,4115,5.2,998.7,42.0,0.0,0.0,3.9,210
2025-04-06T14:00+00:00,4115,6.1,998.5,41.0,0.0,0.1,4.2,210
2025-04-06T15:00+00:00,4115,6.1,998.2,40.0,0.0,0.0,4.1,202
2025-04-06T16:00+00:00,4115,5.7,998.1,39.0,0.0,0.0,4.1,126
2025-04-06T17:00+00:00,4115,4.8,998.4,41.0,0.0,0.0,3.9,41
2025-04-06T18:00+00:00,4115,5.0,998.9,43.0,0.0,0.0,3.4,3
2025-04-06T19:00+00:00,4115,4.5,999.8,46.0,0.0,0.0,3.1,0
2025-04-06T20:00+00:00,4115,4.2,1000.2,46.0,0.0,0.0,3.1,0
2025-04-06T21:00+00:00,4115,3.3,1000.4,47.0,0.0,0.0,2.8,0
2025-04-06T22:00+00:00,4115,2.7,1000.3,49.0,0.0,0.0,2.6,0
2025-04-06T23:00+00:00,4115,2.7,1000.2,49.0,0.0,0.0,2.7,0
2025-04-07T00:00+00:00,4115,2.5,999.7,50.0,0.0,0.0,2.8,0
2025-04-07T01:00+00:00,4115,1.8,999.1,52.0,0.0,0.0,2.2,0
2025-04-07T02:00+00:00,4115,1.7,998.8,52.0,0.0,0.0,2.5,0
2025-04-07T03:00+00:00,4115,2.3,998.6,57.0,0.0,0.0,2.3,0
2025-04-07T04:00+00:00,4115,3.2,999.1,53.0,0.0,0.0,2.5,0
2025-04-07T05:00+00:00,4115,2.9,999.6,54.0,0.0,0.0,2.5,7
2025-04-07T06:00+00:00,4115,3.7,999.9,53.0,0.0,0.0,3.1,48
2025-04-07T07:00+00:00,4115,3.3,1000.2,51.0,0.0,0.0,3.8,130
2025-04-07T08:00+00:00,4115,4.4,1000.5,49.0,0.0,0.0,4.7,219
2025-04-07T09:00+00:00,4115,4.5,1000.7,47.0,0.0,0.0,6.4,385
2025-04-07T10:00+00:00,4115,5.2,1000.7,47.0,0.0,0.3,6.0,369
2025-04-07T11:00+00:00,4115,4.2,1000.5,49.0,0.0,0.0,7.5,357
2025-04-07T12:00+00:00,4115,4.6,1000.1,46.0,0.0,0.0,7.9,430
2025-04-07T13:00+00:00,4115,3.8,1000.1,48.0,0.0,0.0,7.5,169
2025-04-07T14:00+00:00,4115,4.3,999.9,50.0,0.0,0.0,8.0,214
2025-04-07T15:00+00:00,4115,4.6,1000.0,51.0,0.0,0.0,8.0,134
2025-04-07T16:00+00:00,4115,4.8,1000.2,53.0,0.0,0.0,7.8,77
2025-04-07T17:00+00:00,4115,4.5,1000.5,51.0,0.0,0.0,7.9,65
2025-04-07T18:00+00:00,4115,3.7,1001.1,53.0,0.0,0.0,7.5,3
2025-04-07T19:00+00:00,4115,2.5,1001.8,54.0,0.0,0.0,7.3,0
2025-04-07T20:00+00:00,4115,2.0,1002.2,55.0,0.0,0.0,7.2,0
2025-04-07T21:00+00:00,4115,2.5,1002.4,59.0,0.0,0.0,6.8,0
2025-04-07T22:00+00:00,4115,2.1,1002.6,61.0,0.0,0.0,6.5,0
2025-04-07T23:00+00:00,4115,1.8,1002.5,61.0,0.0,0.0,6.4,0
2025-04-08T00:00+00:00,4115,2.1,1002.7,64.0,0.0,0.0,6.1,0
2025-04-08T01:00+00:00,4115,2.4,1002.5,67.0,0.0,0.0,6.1,0
2025-04-08T02:00+00:00,4115,1.3,1002.3,69.0,0.1,0.0,5.7,0
2025-04-08T03:00+00:00,4115,1.2,1002.2,68.0,0.1,0.0,5.7,0
2025-04-08T04:00+00:00,4115,1.6,1002.3,67.0,0.0,0.0,5.8,0
2025-04-08T05:00+00:00,4115,1.6,1002.3,68.0,0.0,0.0,5.8,3
2025-04-08T06:00+00:00,4115,1.7,1002.5,67.0,0.0,0.0,6.2,25
2025-04-08T07:00+00:00,4115,1.9,1002.6,67.0,0.1,0.0,6.8,79
2025-04-08T08:00+00:00,4115,2.6,1002.9,66.0,0.0,0.0,8.0,184
2025-04-08T09:00+00:00,4115,3.0,1002.9,59.0,0.0,0.0,9.4,350
2025-04-08T10:00+00:00,4115,3.4,1002.7,58.0,0.0,0.2,9.3,382
2025-04-08T11:00+00:00,4115,2.9,1002.5,62.0,0.0,0.0,8.6,86
2025-04-08T12:00+00:00,4115,1.9,1002.4,59.0,0.0,0.0,9.6,140
2025-04-08T13:00+00:00,4115,2.9,1002.1,53.0,0.0,0.0,10.4,226
2025-04-08T14:00+00:00,4115,3.3,1001.6,48.0,0.0,0.0,10.8,213
2025-04-08T15:00+00:00,4115,3.3,1001.3,46.0,0.0,0.0,11.2,167
2025-04-08T16:00+00:00,4115,3.7,1001.0,43.0,0.0,0.8,11.8,224
2025-04-08T17:00+00:00,4115,3.2,1001.0,44.0,0.0,1.0,10.6,106
2025-04-08T18:00+00:00,4115,2.3,1001.1,49.0,0.0,0.2,8.9,9
2025-04-08T19:00+00:00,4115,2.8,1001.6,51.0,0.0,0.0,8.5,0
2025-04-08T20:00+00:00,4115,3.7,1001.5,51.0,0.0,0.0,8.3,0
2025-04-08T21:00+00:00,4115,3.6,1001.2,53.0,0.0,0.0,7.6,0
2025-04-08T22:00+00:00,4115,3.0,1001.4,61.0,0.0,0.0,5.8,0
2025-04-08T23:00+00:00,4115,2.6,1001.6,64.0,0.0,0.0,5.0,0
2025-04-09T00:00+00:00,4115,1.4,1001.4,72.0,0.0,0.0,2.6,0
2025-04-09T01:00+00:00,4115,1.2,1000.8,80.0,0.0,0.0,0.5,0
2025-04-09T02:00+00:00,4115,0.8,1000.3,80.0,0.0,0.0,0.5,0
2025-04-09T03:00+00:00,4115,0.3,999.9,80.0,0.0,0.0,-0.2,0
2025-04-09T04:00+00:00,4115,0.5,999.9,76.0,0.0,0.0,1.0,0
2025-04-09T05:00+00:00,4115,0.2,1000.0,76.0,0.0,0.0,1.9,20
2025-04-09T06:00+00:00,4115,0.3,1000.2,78.0,0.0,0.0,3.0,95
2025-04-09T07:00+00:00,4115,0.4,1000.4,72.0,0.0,0.0,5.6,185
2025-04-09T08:00+00:00,4115,0.2,1000.5,54.0,0.0,1.0,8.3,378
2025-04-09T09:00+00:00,4115,1.0,1000.5,52.0,0.0,1.0,10.2,529
2025-04-09T10:00+00:00,4115,2.6,1000.0,45.0,0.0,1.0,11.0,659
2025-04-09T11:00+00:00,4115,2.5,999.6,41.0,0.0,1.0,11.9,722
2025-04-09T12:00+00:00,4115,2.8,999.0,42.0,0.0,0.8,12.2,626
2025-04-09T13:00+00:00,4115,2.7,998.0,35.0,0.0,0.8,14.3,577
2025-04-09T14:00+00:00,4115,3.1,997.6,29.0,0.0,1.0,14.0,598
2025-04-09T15:00+00:00,4115,3.7,997.5,33.0,0.0,0.6,14.3,347
2025-04-09T16:00+00:00,4115,3.2,997.5,32.0,0.0,0.5,13.7,195
2025-04-09T17:00+00:00,4115,3.1,997.7,34.0,0.0,0.8,12.6,126
2025-04-09T18:00+00:00,4115,2.9,997.9,40.0,0.0,0.0,10.9,5
2025-04-09T19:00+00:00,4115,2.5,998.2,44.0,0.0,0.0,9.7,0
2025-04-09T20:00+00:00,4115,3.0,998.2,44.0,0.0,0.0,9.6,0
2025-04-09T21:00+00:00,4115,3.4,998.1,45.0,0.0,0.0,9.6,0
2025-04-09T22:00+00:00,4115,2.7,997.9,47.0,0.0,0.0,9.0,0
2025-04-09T23:00+00:00,4115,3.6,997.5,48.0,0.0,0.0,8.7,0
2025-04-10T00:00+00:00,4115,3.9,996.7,48.0,0.0,0.0,8.9,0
2025-04-10T01:00+00:00,4115,3.7,996.6,50.0,0.0,0.0,9.0,0
2025-04-10T02:00+00:00,4115,4.1,996.4,52.0,0.0,0.0,9.1,0
2025-04-10T03:00+00:00,4115,3.7,996.4,52.0,0.0,0.0,9.3,0
2025-04-10T04:00+00:00,4115,3.4,996.6,52.0,0.0,0.0,9.6,0
2025-04-10T05:00+00:00,4115,3.9,996.8,55.0,0.0,0.0,9.5,9
2025-04-10T06:00+00:00,4115,3.5,997.7,57.0,0.0,0.1,9.9,95
2025-04-10T07:00+00:00,4115,4.9,998.2,57.0,0.0,0.0,10.0,135
2025-04-10T08:00+00:00,4115,6.7,998.6,49.0,0.0,0.8,11.3,445
2025-04-10T09:00+00:00,4115,6.7,998.8,46.0,0.0,0.5,11.2,423
2025-04-10T10:00+00:00,4115,5.4,998.9,56.0,0.0,0.1,10.9,297
2025-04-10T11:00+00:00,4115,5.6,999.2,63.0,0.0,0.0,9.1,216
2025-04-10T12:00+00:00,4115,5.7,999.0,49.0,0.0,0.2,11.3,419
2025-04-10T13:00+00:00,4115,6.9,998.8,46.0,0.0,0.5,12.2,453
2025-04-10T14:00+00:00,4115,7.0,998.7,43.0,0.0,0.6,12.1,434
2025-04-10T15:00+00:00,4115,6.1,998.6,42.0,0.0,0.3,11.8,272
2025-04-10T16:00+00:00,4115,6.1,998.5,45.0,0.0,0.0,11.4,171
2025-04-10T17:00+00:00,4115,5.2,998.6,47.0,0.0,0.0,10.7,71
2025-04-10T18:00+00:00,4115,3.9,998.8,50.0,0.0,0.0,9.5,8
2025-04-10T19:00+00:00,4115,3.1,999.2,53.0,0.0,0.0,9.0,0
2025-04-10T20:00+00:00,4115,2.9,999.2,56.0,0.0,0.0,8.1,0
2025-04-10T21:00+00:00,4115,2.0,999.0,61.0,0.0,0.0,7.2,0
2025-04-10T22:00+00:00,4115,2.4,998.8,60.0,0.0,0.0,7.4,0
2025-04-10T23:00+00:00,4115,2.8,998.8,61.0,0.0,0.0,7.3,0
2025-04-11T00:00+00:00,4115,0.7,998.1,73.0,0.0,0.0,4.7,0
2025-04-11T01:00+00:00,4115,1.1,997.4,72.0,0.0,0.0,4.8,0
2025-04-11T02:00+00:00,4115,2.5,996.4,58.0,0.0,0.0,8.6,0
2025-04-11T03:00+00:00,4115,2.7,995.4,60.0,0.0,0.0,8.5,0
2025-04-11T04:00+00:00,4115,3.3,994.7,61.0,0.0,0.0,8.8,0
2025-04-11T05:00+00:00,4115,3.9,994.2,60.0,0.0,0.3,9.4,26
2025-04-11T06:00+00:00,4115,3.7,993.8,56.0,0.0,1.0,10.7,182
2025-04-11T07:00+00:00,4115,4.1,993.4,49.0,0.0,1.0,12.1,346
2025-04-11T08:00+00:00,4115,5.6,992.7,46.0,0.0,1.0,13.4,495
2025-04-11T09:00+00:00,4115,5.5,992.2,44.0,0.0,1.0,14.7,643
2025-04-11T10:00+00:00,4115,5.9,991.6,40.0,0.0,1.0,16.4,718
2025-04-11T11:00+00:00,4115,5.5,991.2,37.0,0.0,1.0,17.4,753
2025-04-11T12:00+00:00,4115,5.3,990.8,31.0,0.0,1.0,19.5,742
2025-04-11T13:00+00:00,4115,6.1,990.3,34.0,0.0,0.6,18.8,557
2025-04-11T14:00+00:00,4115,5.8,990.2,29.0,0.0,0.0,18.7,311
2025-04-11T15:00+00:00,4115,4.6,990.2,31.0,0.0,0.4,18.6,286
2025-04-11T16:00+00:00,4115,4.4,990.3,34.0,0.0,0.0,18.1,114
2025-04-11T17:00+00:00,4115,3.8,990.7,35.0,0.0,0.0,17.4,35
2025-04-11T18:00+00:00,4115,3.5,991.4,40.0,0.0,0.0,16.0,7
2025-04-11T19:00+00:00,4115,4.8,992.7,44.0,0.0,0.0,15.0,0
2025-04-11T20:00+00:00,4115,5.1,993.8,56.0,0.0,0.0,13.6,0
2025-04-11T21:00+00:00,4115,4.2,994.5,63.0,0.0,0.0,12.1,0
2025-04-11T22:00+00:00,4115,4.1,994.9,63.0,0.0,0.0,12.1,0
2025-04-11T23:00+00:00,4115,4.5,995.2,61.0,0.0,0.0,11.8,0
2025-04-12T00:00+00:00,4115,4.5,995.4,62.0,0.0,0.0,11.6,0
2025-04-12T01:00+00:00,4115,2.4,995.4,64.0,0.0,0.0,11.2,0
2025-04-12T02:00+00:00,4115,1.3,995.3,66.0,0.0,0.0,10.9,0
2025-04-12T03:00+00:00,4115,0.7,995.2,70.0,0.0,0.0,10.4,0
2025-04-12T04:00+00:00,4115,0.3,995.4,69.0,0.0,0.0,10.0,0
2025-04-12T05:00+00:00,4115,1.1,996.0,76.0,0.0,0.0,8.8,12
2025-04-12T06:00+00:00,4115,0.6,996.3,75.0,0.0,0.0,10.0,70
2025-04-12T07:00+00:00,4115,0.5,996.4,63.0,0.0,0.0,12.1,166
2025-04-12T08:00+00:00,4115,0.9,996.6,58.0,0.0,0.2,14.1,373
2025-04-12T09:00+00:00,4115,1.2,996.4,51.0,0.0,1.0,16.1,636
2025-04-12T10:00+00:00,4115,1.4,995.9,49.0,0.0,1.0,16.5,727
2025-04-12T11:00+00:00,4115,1.7,995.3,49.0,0.0,1.0,17.0,763
2025-04-12T12:00+00:00,4115,1.6,994.5,46.0,0.0,1.0,17.4,748
2025-04-12T13:00+00:00,4115,2.3,994.1,46.0,0.0,1.0,18.1,687
2025-04-12T14:00+00:00,4115,2.7,993.3,45.0,0.0,1.0,17.9,558
2025-04-12T15:00+00:00,4115,2.9,992.5,43.0,0.0,1.0,18.7,405
2025-04-12T16:00+00:00,4115,2.8,991.6,45.0,0.0,1.0,17.9,262
2025-04-12T17:00+00:00,4115,3.1,991.1,48.0,0.0,1.0,16.8,113
2025-04-12T18:00+00:00,4115,2.7,991.0,55.0,0.0,0.2,15.1,13
2025-04-12T19:00+00:00,4115,2.8,991.0,60.0,0.0,0.0,13.6,0
2025-04-12T20:00+00:00,4115,2.6,990.5,63.0,0.0,0.0,12.8,0
2025-04-12T21:00+00:00,4115,2.4,990.2,63.0,0.0,0.0,12.7,0
2025-04-12T22:00+00:00,4115,3.0,989.6,61.0,0.0,0.0,13.3,0
2025-04-12T23:00+00:00,4115,3.1,989.1,65.0,0.0,0.0,12.2,0
2025-04-13T00:00+00:00,4115,2.9,989.1,68.0,0.0,0.0,11.4,0
2025-04-13T01:00+00:00,4115,2.1,988.4,69.0,0.0,0.0,11.0,0
2025-04-13T02:00+00:00,4115,2.1,988.0,73.0,0.0,0.0,10.3,0
2025-04-13T03:00+00:00,4115,1.8,988.2,75.0,0.0,0.0,9.6,0
2025-04-13T04:00+00:00,4115,2.2,988.0,78.0,0.0,0.0,8.8,0
2025-04-13T05:00+00:00,4115,2.0,988.0,75.0,0.0,0.4,9.4,42
2025-04-13T06:00+00:00,4115,2.5,988.1,69.0,0.0,0.7,10.8,175
2025-04-13T07:00+00:00,4115,2.9,988.7,65.0,0.0,1.0,12.3,283
2025-04-13T08:00+00:00,4115,2.9,988.7,60.0,0.0,1.0,14.4,452
2025-04-13T09:00+00:00,4115,2.8,989.0,57.0,0.0,0.7,15.0,490
2025-04-13T10:00+00:00,4115,2.6,988.8,55.0,0.0,0.3,16.3,404
2025-04-13T11:00+00:00,4115,2.9,988.7,52.0,0.0,0.0,16.6,348
2025-04-13T12:00+00:00,4115,2.6,988.5,52.0,0.0,0.0,17.5,264
2025-04-13T13:00+00:00,4115,2.1,988.0,50.0,0.0,0.0,18.3,275
2025-04-13T14:00+00:00,4115,1.9,987.9,48.0,0.0,0.2,18.6,336
2025-04-13T15:00+00:00,4115,1.0,987.7,47.0,0.0,0.0,18.7,124
2025-04-13T16:00+00:00,4115,0.9,987.6,55.0,0.0,0.0,18.1,87
2025-04-13T17:00+00:00,4115,1.4,987.6,60.0,0.0,0.0,17.3,42
2025-04-13T18:00+00:00,4115,1.5,987.7,68.0,0.0,0.0,15.6,11
2025-04-13T19:00+00:00,4115,1.9,988.0,69.0,0.0,0.0,15.0,0
2025-04-13T20:00+00:00,4115,1.9,988.0,72.0,0.0,0.0,14.4,0
2025-04-13T21:00+00:00,4115,1.8,987.8,79.0,0.0,0.0,11.7,0
2025-04-13T22:00+00:00,4115,0.7,987.9,82.0,0.0,0.0,10.5,0
2025-04-13T23:00+00:00,4115,0.3,988.2,86.0,0.0,0.0,9.7,0
2025-04-14T00:00+00:00,4115,0.3,988.1,85.0,0.0,0.0,10.3,0
2025-04-14T01:00+00:00,4115,0.4,988.2,87.0,0.0,0.0,8.1,0
2025-04-14T02:00+00:00,4115,0.4,988.1,92.0,0.0,0.0,7.9,0
2025-04-14T03:00+00:00,4115,0.7,988.6,95.0,0.0,0.0,7.6,0
2025-04-14T04:00+00:00,4115,1.3,989.0,94.0,0.0,0.0,7.0,0
2025-04-14T05:00+00:00,4115,0.5,989.3,96.0,0.0,0.3,7.5,32
2025-04-14T06:00+00:00,4115,0.4,990.0,82.0,0.0,1.0,10.3,157
2025-04-14T07:00+00:00,4115,0.7,990.3,71.0,0.0,1.0,13.9,340
2025-04-14T08:00+00:00,4115,1.4,990.9,64.0,0.0,1.0,15.5,484
2025-04-14T09:00+00:00,4115,2.0,990.7,62.0,0.0,1.0,16.7,618
2025-04-14T10:00+00:00,4115,1.8,990.4,58.0,0.0,1.0,18.2,667
2025-04-14T11:00+00:00,4115,2.5,989.9,54.0,0.0,1.0,19.0,703
2025-04-14T12:00+00:00,4115,3.0,989.9,52.0,0.0,1.0,19.9,682
2025-04-14T13:00+00:00,4115,2.8,989.5,50.0,0.0,1.0,20.4,531
2025-04-14T14:00+00:00,4115,3.5,989.0,50.0,0.0,1.0,20.7,521
2025-04-14T15:00+00:00,4115,3.3,988.7,46.0,0.0,1.0,20.9,374
2025-04-14T16:00+00:00,4115,2.9,988.6,48.0,0.0,0.2,20.2,177
2025-04-14T17:00+00:00,4115,2.9,988.2,50.0,0.0,0.0,19.7,74
2025-04-14T18:00+00:00,4115,2.6,988.7,60.0,0.0,0.0,18.3,12
2025-04-14T19:00+00:00,4115,2.6,989.0,65.0,0.0,0.0,17.0,0
2025-04-14T20:00+00:00,4115,3.1,988.8,68.0,0.0,0.0,16.3,0
2025-04-14T21:00+00:00,4115,3.9,988.4,73.0,0.0,0.0,15.6,0
2025-04-14T22:00+00:00,4115,4.0,987.7,79.0,0.0,0.0,14.7,0
2025-04-14T23:00+00:00,4115,3.8,987.3,79.0,0.0,0.0,14.5,0
2025-04-15T00:00+00:00,4115,3.4,986.6,77.0,0.0,0.0,14.8,0
2025-04-15T01:00+00:00,4115,4.2,986.3,81.0,0.0,0.0,14.6,0
2025-04-15T02:00+00:00,4115,3.6,985.9,85.0,0.0,0.0,14.0,0
2025-04-15T03:00+00:00,4115,4.0,985.3,89.0,0.0,0.0,13.6,0
2025-04-15T04:00+00:00,4115,3.9,984.9,90.0,0.0,0.0,13.9,0
2025-04-15T05:00+00:00,4115,3.6,984.9,94.0,0.0,0.0,13.3,0
2025-04-15T06:00+00:00,4115,3.9,984.6,95.0,0.0,0.0,12.6,12
2025-04-15T07:00+00:00,4115,4.1,984.3,96.0,0.0,0.0,12.3,20
2025-04-15T08:00+00:00,4115,3.9,983.8,92.0,0.0,0.0,13.4,70
2025-04-15T09:00+00:00,4115,3.8,983.7,85.0,0.0,0.0,15.2,130
2025-04-15T10:00+00:00,4115,4.8,983.6,85.0,0.0,0.0,15.7,171
2025-04-15T11:00+00:00,4115,4.4,983.3,79.0,0.0,0.0,16.2,217
2025-04-15T12:00+00:00,4115,5.3,982.7,71.0,0.0,0.0,17.7,246
2025-04-15T13:00+00:00,4115,7.0,982.9,64.0,0.0,0.5,18.9,552
2025-04-15T14:00+00:00,4115,6.2,983.1,68.0,0.0,0.2,18.2,359
2025-04-15T15:00+00:00,4115,4.3,983.5,81.0,0.2,0.0,16.8,123
2025-04-15T16:00+00:00,4115,4.1,983.3,81.0,0.1,0.0,16.8,98
2025-04-15T17:00+00:00,4115,4.1,983.7,76.0,0.1,0.0,17.2,50
2025-04-15T18:00+00:00,4115,4.5,983.5,79.0,0.0,0.0,16.8,9
2025-04-15T19:00+00:00,4115,4.2,984.1,81.0,0.0,0.0,16.4,0
2025-04-15T20:00+00:00,4115,2.4,984.5,84.0,0.0,0.0,15.3,0
2025-04-15T21:00+00:00,4115,1.9,984.6,87.0,0.0,0.0,14.6,0
2025-04-15T22:00+00:00,4115,1.7,985.1,88.0,0.0,0.0,14.1,0
2025-04-15T23:00+00:00,4115,1.5,985.5,92.0,0.0,0.0,12.5,0
2025-04-16T00:00+00:00,4115,2.0,985.7,95.0,0.0,0.0,12.0,0
2025-04-16T01:00+00:00,4115,2.4,986.0,97.0,0.0,0.0,11.5,0
2025-04-16T02:00+00:00,4115,2.0,986.5,98.0,0.0,0.0,11.1,0
2025-04-16T03:00+00:00,4115,2.1,986.8,99.0,0.0,0.0,10.3,0
2025-04-16T04:00+00:00,4115,2.5,987.5,98.0,0.0,0.0,10.3,0
2025-04-16T05:00+00:00,4115,2.5,987.9,97.0,0.0,0.6,11.7,55
2025-04-16T06:00+00:00,4115,2.4,988.5,87.0,0.0,1.0,14.1,207
2025-04-16T07:00+00:00,4115,2.4,988.7,79.0,0.0,1.0,16.7,370
2025-04-16T08:00+00:00,4115,2.7,988.8,71.0,0.0,1.0,18.8,524
2025-04-16T09:00+00:00,4115,2.8,988.7,64.0,0.0,1.0,21.5,648
2025-04-16T10:00+00:00,4115,3.8,988.6,50.0,0.0,1.0,22.5,679
2025-04-16T11:00+00:00,4115,4.9,988.6,47.0,0.0,1.0,24.0,680
2025-04-16T12:00+00:00,4115,6.4,988.2,39.0,0.0,1.0,25.0,764
2025-04-16T13:00+00:00,4115,6.0,988.0,43.0,0.0,1.0,25.3,696
2025-04-16T14:00+00:00,4115,5.7,988.0,44.0,0.0,1.0,24.8,578
2025-04-16T15:00+00:00,4115,6.5,988.2,45.0,0.0,1.0,24.5,420
2025-04-16T16:00+00:00,4115,5.7,988.4,47.0,0.0,0.5,22.9,191
2025-04-16T17:00+00:00,4115,4.0,988.9,45.0,0.0,0.1,21.6,63
2025-04-16T18:00+00:00,4115,3.4,989.2,47.0,0.0,0.0,20.5,8
2025-04-16T19:00+00:00,4115,2.0,989.8,51.0,0.0,0.0,19.3,0
2025-04-16T20:00+00:00,4115,1.9,990.0,53.0,0.0,0.0,18.7,0
2025-04-16T21:00+00:00,4115,1.6,990.0,56.0,0.0,0.0,17.7,0
2025-04-16T22:00+00:00,4115,1.1,989.3,57.0,0.0,0.0,17.2,0
2025-04-16T23:00+00:00,4115,0.9,989.1,62.0,0.0,0.0,15.5,0
2025-04-17T00:00+00:00,4115,1.3,988.7,65.0,0.0,0.0,14.8,0
2025-04-17T01:00+00:00,4115,1.2,988.7,61.0,0.0,0.0,15.7,0
2025-04-17T02:00+00:00,4115,2.7,988.8,58.0,0.0,0.0,16.4,0
2025-04-17T03:00+00:00,4115,1.8,988.5,61.0,0.0,0.0,15.7,0
2025-04-17T04:00+00:00,4115,1.9,988.6,66.0,0.0,0.0,14.6,0
2025-04-17T05:00+00:00,4115,1.5,989.3,62.0,0.0,0.3,15.7,51
2025-04-17T06:00+00:00,4115,2.8,989.0,54.0,0.0,0.5,17.9,159
2025-04-17T07:00+00:00,4115,3.7,989.2,47.0,0.0,1.0,19.2,308
2025-04-17T08:00+00:00,4115,3.9,988.6,47.0,0.0,0.9,20.8,404
2025-04-17T09:00+00:00,4115,4.1,989.5,42.0,0.0,1.0,23.2,608
2025-04-17T10:00+00:00,4115,4.7,988.6,40.0,0.0,1.0,24.4,710
2025-04-17T11:00+00:00,4115,4.6,988.0,40.0,0.0,0.9,23.9,647
2025-04-17T12:00+00:00,4115,4.8,987.7,40.0,0.0,0.8,25.1,645
2025-04-17T13:00+00:00,4115,4.6,986.8,45.0,0.0,0.4,23.7,405
2025-04-17T14:00+00:00,4115,4.9,986.9,49.0,0.0,0.0,23.3,237
2025-04-17T15:00+00:00,4115,5.5,987.7,54.0,0.0,0.0,22.4,104
2025-04-17T16:00+00:00,4115,6.6,987.9,61.0,0.0,0.0,20.3,96
2025-04-17T17:00+00:00,4115,4.4,987.6,70.0,0.0,0.0,19.2,61
2025-04-17T18:00+00:00,4115,3.2,987.8,75.0,0.0,0.0,18.5,9
2025-04-17T19:00+00:00,4115,3.1,987.7,81.0,0.0,0.0,17.6,0
2025-04-17T20:00+00:00,4115,3.5,986.8,82.0,0.0,0.0,17.1,0
2025-04-17T21:00+00:00,4115,2.5,986.6,76.0,0.0,0.0,17.0,0
2025-04-17T22:00+00:00,4115,3.4,987.0,78.0,0.0,0.0,17.0,0
2025-04-17T23:00+00:00,4115,3.0,987.1,79.0,0.0,0.0,16.6,0
2025-04-18T00:00+00:00,4115,2.2,987.0,82.0,0.0,0.0,16.3,0
2025-04-18T01:00+00:00,4115,1.5,986.7,86.0,0.0,0.0,15.2,0
2025-04-18T02:00+00:00,4115,1.6,986.5,90.0,0.0,0.0,14.9,0
2025-04-18T03:00+00:00,4115,1.6,986.5,96.0,0.6,0.0,14.7,0
2025-04-18T04:00+00:00,4115,1.2,985.8,98.0,0.8,0.0,14.9,0
2025-04-18T05:00+00:00,4115,0.4,986.6,91.0,0.1,0.0,13.7,1
2025-04-18T06:00+00:00,4115,2.5,986.4,91.0,1.0,0.0,12.0,12
2025-04-18T07:00+00:00,4115,3.4,986.4,91.0,2.4,0.0,11.4,29
2025-04-18T08:00+00:00,4115,3.9,987.4,94.0,4.6,0.0,10.9,42
2025-04-18T09:00+00:00,4115,5.1,987.7,90.0,0.9,0.0,10.7,110
2025-04-18T10:00+00:00,4115,5.0,987.9,84.0,0.3,0.0,11.8,262
2025-04-18T11:00+00:00,4115,5.2,988.2,77.0,0.0,0.0,12.9,305
2025-04-18T12:00+00:00,4115,6.1,988.2,73.0,0.0,0.2,12.0,400
2025-04-18T13:00+00:00,4115,5.7,988.7,87.0,0.6,0.0,10.3,130
2025-04-18T14:00+00:00,4115,5.5,989.1,82.0,0.0,0.0,10.2,127
2025-04-18T15:00+00:00,4115,5.5,989.5,87.0,0.5,0.0,9.5,80
2025-04-18T16:00+00:00,4115,5.1,989.7,89.0,0.4,0.0,9.5,65
2025-04-18T17:00+00:00,4115,4.7,990.1,85.0,0.0,0.0,9.6,25
2025-04-18T18:00+00:00,4115,4.6,990.1,82.0,0.0,0.0,9.7,8
2025-04-18T19:00+00:00,4115,4.7,991.2,79.0,0.0,0.0,9.6,0
2025-04-18T20:00+00:00,4115,3.3,991.9,80.0,0.0,0.0,9.5,0
2025-04-18T21:00+00:00,4115,3.2,992.0,80.0,0.0,0.0,9.2,0
2025-04-18T22:00+00:00,4115,1.4,992.0,84.0,0.0,0.0,7.8,0
2025-04-18T23:00+00:00,4115,1.0,991.8,88.0,0.0,0.0,6.5,0
2025-04-19T00:00+00:00,4115,0.6,991.6,91.0,0.0,0.0,5.6,0
2025-04-19T01:00+00:00,4115,0.9,992.0,95.0,0.0,0.0,5.0,0
2025-04-19T02:00+00:00,4115,0.7,991.6,96.0,0.0,0.0,4.4,0
2025-04-19T03:00+00:00,4115,0.6,991.6,97.0,0.0,0.0,3.9,0
2025-04-19T04:00+00:00,4115,1.6,991.2,98.0,0.0,0.0,3.7,1
2025-04-19T05:00+00:00,4115,1.5,991.2,98.0,0.0,0.5,6.1,56
2025-04-19T06:00+00:00,4115,1.6,991.2,89.0,0.0,0.3,8.3,173
2025-04-19T07:00+00:00,4115,1.9,991.0,89.0,0.0,0.4,9.8,287
2025-04-19T08:00+00:00,4115,2.9,990.5,70.0,0.0,0.6,12.5,430
2025-04-19T09:00+00:00,4115,3.6,990.2,68.0,0.0,0.7,14.4,584
2025-04-19T10:00+00:00,4115,3.0,990.1,73.0,0.0,0.1,14.1,359
2025-04-19T11:00+00:00,4115,2.6,989.9,68.0,0.0,0.0,15.3,346
2025-04-19T12:00+00:00,4115,2.2,989.2,63.0,0.0,0.1,16.5,371
2025-04-19T13:00+00:00,4115,2.6,989.0,61.0,0.0,0.6,18.2,547
2025-04-19T14:00+00:00,4115,2.7,988.2,58.0,0.0,0.9,19.3,573
2025-04-19T15:00+00:00,4115,2.7,987.6,52.0,0.0,1.0,20.0,464
2025-04-19T16:00+00:00,4115,3.0,987.4,47.0,0.0,1.0,19.8,300
2025-04-19T17:00+00:00,4115,2.9,986.9,51.0,0.0,1.0,19.0,140
2025-04-19T18:00+00:00,4115,2.4,986.8,64.0,0.0,0.5,16.5,23
2025-04-19T19:00+00:00,4115,1.9,986.9,69.0,0.0,0.0,14.9,0
2025-04-19T20:00+00:00,4115,1.5,986.9,72.0,0.0,0.0,14.0,0
2025-04-19T21:00+00:00,4115,1.9,986.9,72.0,0.0,0.0,13.7,0
2025-04-19T22:00+00:00,4115,1.4,986.8,76.0,0.0,0.0,12.6,0
2025-04-19T23:00+00:00,4115,1.1,986.6,86.0,0.0,0.0,10.5,0
2025-04-20T00:00+00:00,4115,1.4,986.3,88.0,0.0,0.0,10.0,0
2025-04-20T01:00+00:00,4115,2.0,986.0,89.0,0.0,0.0,9.2,0
2025-04-20T02:00+00:00,4115,1.8,985.8,92.0,0.0,0.0,8.3,0
2025-04-20T03:00+00:00,4115,2.1,985.5,93.0,0.0,0.0,7.9,0
2025-04-20T04:00+00:00,4115,2.3,985.4,92.0,0.0,0.0,7.7,1
2025-04-20T05:00+00:00,4115,1.6,985.6,91.0,0.0,0.3,8.5,47
2025-04-20T06:00+00:00,4115,1.4,985.9,78.0,0.0,1.0,11.6,224
2025-04-20T07:00+00:00,4115,2.4,986.0,73.0,0.0,1.0,13.2,396
2025-04-20T08:00+00:00,4115,2.1,986.3,68.0,0.0,1.0,14.5,492
2025-04-20T09:00+00:00,4115,2.5,986.4,68.0,0.0,0.8,15.2,567
2025-04-20T10:00+00:00,4115,2.4,986.6,63.0,0.0,1.0,16.3,722
2025-04-20T11:00+00:00,4115,2.5,986.6,62.0,0.0,0.8,17.5,709
2025-04-20T12:00+00:00,4115,1.7,986.6,56.0,0.0,1.0,19.2,750
2025-04-20T13:00+00:00,4115,1.6,986.0,47.0,0.0,1.0,20.1,737
2025-04-20T14:00+00:00,4115,1.3,985.5,47.0,0.0,1.0,21.1,606
2025-04-20T15:00+00:00,4115,1.0,985.6,46.0,0.0,1.0,21.4,460
2025-04-20T16:00+00:00,4115,0.7,985.4,47.0,0.0,1.0,21.1,282
2025-04-20T17:00+00:00,4115,1.9,985.1,62.0,0.0,0.2,18.1,77
2025-04-20T18:00+00:00,4115,2.4,985.3,70.0,0.0,0.0,15.9,19
2025-04-20T19:00+00:00,4115,3.0,985.5,71.0,0.0,0.0,14.9,0
2025-04-20T20:00+00:00,4115,3.5,985.6,68.0,0.0,0.0,15.4,0
2025-04-20T21:00+00:00,4115,1.7,985.5,75.0,0.0,0.0,14.2,0
2025-04-20T22:00+00:00,4115,0.6,985.4,74.0,0.0,0.0,13.9,0
2025-04-20T23:00+00:00,4115,1.0,985.5,81.0,0.0,0.0,12.3,0
2025-04-21T00:00+00:00,4115,0.9,985.6,83.0,0.0,0.0,11.8,0
2025-04-21T01:00+00:00,4115,1.3,986.0,79.0,0.0,0.0,13.0,0
2025-04-21T02:00+00:00,4115,2.7,986.0,73.0,0.0,0.0,13.5,0
2025-04-21T03:00+00:00,4115,1.0,986.2,74.0,0.0,0.0,12.6,0
2025-04-21T04:00+00:00,4115,1.2,986.8,72.0,0.0,0.0,12.6,1
2025-04-21T05:00+00:00,4115,3.2,987.5,67.0,0.0,0.1,13.2,53
2025-04-21T06:00+00:00,4115,2.7,987.6,65.0,0.0,0.8,14.2,181
2025-04-21T07:00+00:00,4115,1.5,987.7,65.0,0.0,0.6,14.9,277
2025-04-21T08:00+00:00,4115,1.9,987.8,64.0,0.0,0.5,15.7,383
2025-04-21T09:00+00:00,4115,2.4,988.1,64.0,0.0,0.4,15.8,404
2025-04-21T10:00+00:00,4115,1.2,988.2,58.0,0.0,0.9,17.9,529
2025-04-21T11:00+00:00,4115,0.5,988.0,54.0,0.0,1.0,19.8,720
2025-04-21T12:00+00:00,4115,1.0,988.0,54.0,0.0,1.0,20.3,643
2025-04-21T13:00+00:00,4115,1.7,987.7,53.0,0.0,1.0,21.4,693
2025-04-21T14:00+00:00,4115,1.8,987.3,52.0,0.0,1.0,21.3,530
2025-04-21T15:00+00:00,4115,1.7,987.4,55.0,0.0,1.0,21.5,356
2025-04-21T16:00+00:00,4115,1.3,987.4,54.0,0.0,0.9,21.7,201
2025-04-21T17:00+00:00,4115,1.3,987.4,65.0,0.0,0.2,18.9,79
2025-04-21T18:00+00:00,4115,1.1,987.8,77.0,0.0,0.0,16.0,12
2025-04-21T19:00+00:00,4115,1.7,988.7,63.0,0.0,0.0,17.6,0
2025-04-21T20:00+00:00,4115,3.3,989.6,60.0,0.0,0.0,18.0,0
2025-04-21T21:00+00:00,4115,3.9,990.1,61.0,0.0,0.0,17.2,0
2025-04-21T22:00+00:00,4115,3.9,990.7,70.0,0.0,0.0,16.1,0
2025-04-21T23:00+00:00,4115,3.8,991.2,74.0,0.0,0.0,15.5,0
2025-04-22T00:00+00:00,4115,2.0,991.8,80.0,0.0,0.0,14.8,0
2025-04-22T01:00+00:00,4115,2.1,991.9,83.0,0.0,0.0,14.7,0
2025-04-22T02:00+00:00,4115,2.8,992.1,85.0,0.0,0.0,14.0,0
2025-04-22T03:00+00:00,4115,2.4,992.4,83.0,0.0,0.0,13.8,0
2025-04-22T04:00+00:00,4115,2.3,993.1,85.0,0.0,0.0,13.3,1
2025-04-22T05:00+00:00,4115,2.5,993.8,75.0,0.0,0.5,14.0,53
2025-04-22T06:00+00:00,4115,3.5,994.4,68.0,0.0,0.9,14.7,164
2025-04-22T07:00+00:00,4115,4.1,994.8,63.0,0.0,1.0,16.5,382
2025-04-22T08:00+00:00,4115,3.3,995.3,62.0,0.0,1.0,17.5,546
2025-04-22T09:00+00:00,4115,3.4,995.4,60.0,0.0,1.0,19.2,659
2025-04-22T10:00+00:00,4115,3.7,995.2,54.0,0.0,1.0,20.1,733
2025-04-22T11:00+00:00,4115,3.3,994.9,47.0,0.0,1.0,20.1,782
2025-04-22T12:00+00:00,4115,3.1,994.8,41.0,0.0,1.0,21.1,765
2025-04-22T13:00+00:00,4115,2.9,994.5,43.0,0.0,0.7,21.5,563
2025-04-22T14:00+00:00,4115,2.5,994.2,41.0,0.0,0.7,21.4,401
2025-04-22T15:00+00:00,4115,2.8,993.8,41.0,0.0,1.0,21.4,398
2025-04-22T16:00+00:00,4115,2.9,993.4,42.0,0.0,1.0,20.7,280
2025-04-22T17:00+00:00,4115,2.3,993.5,45.0,0.0,0.8,19.9,110
2025-04-22T18:00+00:00,4115,2.1,994.1,55.0,0.0,0.1,16.9,18
2025-04-22T19:00+00:00,4115,2.0,994.9,64.0,0.0,0.0,14.4,0
2025-04-22T20:00+00:00,4115,1.8,995.2,55.0,0.0,0.0,16.9,0
2025-04-22T21:00+00:00,4115,2.0,995.2,55.0,0.0,0.0,17.2,0
2025-04-22T22:00+00:00,4115,1.9,995.4,58.0,0.0,0.0,16.4,0
2025-04-22T23:00+00:00,4115,2.1,995.3,59.0,0.0,0.0,15.8,0
2025-04-23T00:00+00:00,4115,1.6,995.1,60.0,0.0,0.0,15.6,0
2025-04-23T01:00+00:00,4115,1.9,994.9,62.0,0.0,0.0,15.3,0
2025-04-23T02:00+00:00,4115,1.6,994.6,65.0,0.0,0.0,15.0,0
2025-04-23T03:00+00:00,4115,1.9,994.5,67.0,0.0,0.0,14.9,0
2025-04-23T04:00+00:00,4115,2.5,994.6,68.0,0.0,0.0,14.7,0
2025-04-23T05:00+00:00,4115,2.1,994.4,69.0,0.0,0.2,15.1,63
2025-04-23T06:00+00:00,4115,1.7,994.4,69.0,0.0,0.3,15.8,177
2025-04-23T07:00+00:00,4115,2.4,994.4,67.0,0.0,1.0,17.2,364
2025-04-23T08:00+00:00,4115,2.8,994.3,63.0,0.0,1.0,18.1,525
2025-04-23T09:00+00:00,4115,2.5,993.8,58.0,0.0,1.0,19.4,602
2025-04-23T10:00+00:00,4115,1.8,993.3,56.0,0.0,1.0,21.2,716
2025-04-23T11:00+00:00,4115,1.6,992.6,53.0,0.0,1.0,22.3,765
2025-04-23T12:00+00:00,4115,1.3,991.9,48.0,0.0,1.0,22.8,772
2025-04-23T13:00+00:00,4115,1.4,991.2,46.0,0.0,1.0,23.8,746
2025-04-23T14:00+00:00,4115,0.9,990.2,43.0,0.0,0.4,22.2,296
2025-04-23T15:00+00:00,4115,0.7,989.8,44.0,0.0,0.6,23.1,323
2025-04-23T16:00+00:00,4115,1.7,989.3,53.0,0.0,0.3,20.5,161
2025-04-23T17:00+00:00,4115,0.9,988.7,60.0,0.0,0.0,20.1,94
2025-04-23T18:00+00:00,4115,0.4,989.0,73.0,0.0,0.0,17.1,27
2025-04-23T19:00+00:00,4115,1.1,988.9,74.0,0.0,0.0,15.1,0
2025-04-23T20:00+00:00,4115,1.2,988.9,75.0,0.0,0.0,15.4,0
2025-04-23T21:00+00:00,4115,0.8,988.6,78.0,0.0,0.0,15.2,0
2025-04-23T22:00+00:00,4115,0.6,988.9,82.0,0.0,0.0,14.8,0
2025-04-23T23:00+00:00,4115,1.7,988.4,83.0,0.0,0.0,14.9,0
2025-04-24T00:00+00:00,4115,1.2,987.9,86.0,0.0,0.0,14.3,0
2025-04-24T01:00+00:00,4115,1.3,987.9,91.0,0.0,0.0,12.8,0
2025-04-24T02:00+00:00,4115,1.5,987.9,95.0,0.0,0.0,12.5,0
2025-04-24T03:00+00:00,4115,1.4,988.0,95.0,0.0,0.0,12.2,0
2025-04-24T04:00+00:00,4115,1.9,988.7,80.0,0.0,0.0,14.5,0
2025-04-24T05:00+00:00,4115,3.6,988.7,78.0,0.0,0.0,14.4,31
2025-04-24T06:00+00:00,4115,5.1,988.7,76.0,0.0,0.2,13.8,132
2025-04-24T07:00+00:00,4115,5.9,989.3,77.0,0.0,0.0,13.5,209
2025-04-24T08:00+00:00,4115,6.3,989.9,73.0,0.0,0.4,14.1,392
2025-04-24T09:00+00:00,4115,6.7,990.5,80.0,0.2,0.1,12.9,319
2025-04-24T10:00+00:00,4115,6.5,990.7,75.0,0.0,0.6,13.7,659
2025-04-24T11:00+00:00,4115,5.9,990.5,73.0,0.0,0.0,14.1,323
2025-04-24T12:00+00:00,4115,6.3,990.2,66.0,0.0,0.1,15.0,492
2025-04-24T13:00+00:00,4115,6.2,989.8,62.0,0.0,0.6,16.5,525
2025-04-24T14:00+00:00,4115,5.9,989.8,64.0,0.0,0.9,15.4,371
2025-04-24T15:00+00:00,4115,5.8,989.9,61.0,0.0,1.0,15.9,340
2025-04-24T16:00+00:00,4115,6.4,990.1,64.0,0.0,0.5,14.9,261
2025-04-24T17:00+00:00,4115,5.3,989.9,67.0,0.0,0.0,14.5,67
2025-04-24T18:00+00:00,4115,4.4,990.5,70.0,0.0,0.0,14.0,17
2025-04-24T19:00+00:00,4115,3.7,991.5,68.0,0.0,0.0,14.3,0
2025-04-24T20:00+00:00,4115,3.3,991.0,72.0,0.0,0.0,13.6,0
2025-04-24T21:00+00:00,4115,3.9,990.8,72.0,0.0,0.0,13.2,0
2025-04-24T22:00+00:00,4115,3.8,991.2,74.0,0.0,0.0,12.9,0
2025-04-24T23:00+00:00,4115,4.0,991.0,75.0,0.0,0.0,12.8,0
2025-04-25T00:00+00:00,4115,4.3,990.8,76.0,0.0,0.0,12.5,0
2025-04-25T01:00+00:00,4115,4.5,990.4,77.0,0.0,0.0,12.0,0
2025-04-25T02:00+00:00,4115,5.1,990.3,81.0,0.0,0.0,11.5,0
2025-04-25T03:00+00:00,4115,5.1,990.2,85.0,0.1,0.0,10.8,0
2025-04-25T04:00+00:00,4115,4.9,990.2,88.0,0.3,0.0,10.3,1
2025-04-25T05:00+00:00,4115,5.4,990.5,85.0,0.0,0.0,10.5,23
2025-04-25T06:00+00:00,4115,5.3,990.7,87.0,0.0,0.0,10.2,30
2025-04-25T07:00+00:00,4115,5.8,991.0,90.0,2.0,0.0,10.0,61
2025-04-25T08:00+00:00,4115,5.5,990.9,90.0,0.1,0.0,10.2,91
2025-04-25T09:00+00:00,4115,5.4,991.3,90.0,0.1,0.0,10.4,91
2025-04-25T10:00+00:00,4115,5.3,991.2,91.0,0.6,0.0,10.5,101
2025-04-25T11:00+00:00,4115,5.3,991.0,90.0,0.2,0.0,10.7,110
2025-04-25T12:00+00:00,4115,5.1,990.9,91.0,0.2,0.0,10.9,69
2025-04-25T13:00+00:00,4115,4.9,990.8,93.0,0.6,0.0,10.8,58
2025-04-25T14:00+00:00,4115,4.6,991.1,94.0,0.3,0.0,10.9,49
2025-04-25T15:00+00:00,4115,4.4,991.2,94.0,0.8,0.0,10.9,81
2025-04-25T16:00+00:00,4115,3.9,991.3,96.0,0.3,0.0,10.9,36
2025-04-25T17:00+00:00,4115,3.5,991.6,96.0,1.0,0.0,10.9,3
2025-04-25T18:00+00:00,4115,2.7,992.3,93.0,0.1,0.0,11.0,0
2025-04-25T19:00+00:00,4115,2.7,993.1,91.0,0.0,0.0,10.9,0
2025-04-25T20:00+00:00,4115,3.4,993.5,92.0,0.0,0.0,10.7,0
2025-04-25T21:00+00:00,4115,4.3,993.6,90.0,0.0,0.0,10.4,0
2025-04-25T22:00+00:00,4115,3.7,993.8,90.0,0.0,0.0,10.1,0
2025-04-25T23:00+00:00,4115,3.1,993.8,90.0,0.0,0.0,10.1,0
2025-04-26T00:00+00:00,4115,3.1,993.8,90.0,0.0,0.0,9.8,0
2025-04-26T01:00+00:00,4115,2.6,993.8,88.0,0.0,0.0,9.6,0
2025-04-26T02:00+00:00,4115,3.2,993.5,87.0,0.0,0.0,9.4,0
2025-04-26T03:00+00:00,4115,3.6,994.0,86.0,0.0,0.0,9.4,0
2025-04-26T04:00+00:00,4115,3.3,994.5,83.0,0.0,0.0,9.6,0
2025-04-26T05:00+00:00,4115,3.7,995.4,81.0,0.0,0.0,9.8,37
2025-04-26T06:00+00:00,4115,4.1,995.9,79.0,0.0,0.0,9.9,106
2025-04-26T07:00+00:00,4115,4.3,996.5,75.0,0.0,0.0,10.5,116
2025-04-26T08:00+00:00,4115,3.8,996.9,72.0,0.0,0.0,11.6,240
2025-04-26T09:00+00:00,4115,3.4,997.1,61.0,0.0,0.0,12.9,320
2025-04-26T10:00+00:00,4115,3.4,997.3,62.0,0.0,0.0,14.2,352
2025-04-26T11:00+00:00,4115,2.9,997.1,58.0,0.0,0.0,15.0,239
2025-04-26T12:00+00:00,4115,3.3,997.0,56.0,0.0,0.0,16.0,296
2025-04-26T13:00+00:00,4115,3.6,996.9,48.0,0.0,0.0,16.8,317
2025-04-26T14:00+00:00,4115,4.8,996.8,46.0,0.0,0.2,17.2,357
2025-04-26T15:00+00:00,4115,5.5,997.0,46.0,0.0,0.6,16.8,343
2025-04-26T16:00+00:00,4115,5.3,997.0,50.0,0.0,0.9,16.3,266
2025-04-26T17:00+00:00,4115,4.6,997.7,55.0,0.0,1.0,14.9,160
2025-04-26T18:00+00:00,4115,3.6,998.4,58.0,0.0,0.5,12.9,33
2025-04-26T19:00+00:00,4115,2.8,999.2,61.0,0.0,0.0,11.2,0
2025-04-26T20:00+00:00,4115,3.5,999.9,58.0,0.0,0.0,11.0,0
2025-04-26T21:00+00:00,4115,3.9,1000.2,59.0,0.0,0.0,10.1,0
2025-04-26T22:00+00:00,4115,3.6,1000.5,59.0,0.0,0.0,9.2,0
2025-04-26T23:00+00:00,4115,4.4,1000.5,60.0,0.0,0.0,8.7,0
2025-04-27T00:00+00:00,4115,3.3,1000.7,67.0,0.0,0.0,7.2,0
2025-04-27T01:00+00:00,4115,2.1,1001.0,69.0,0.0,0.0,6.5,0
2025-04-27T02:00+00:00,4115,0.9,1001.1,80.0,0.0,0.0,5.0,0
2025-04-27T03:00+00:00,4115,1.1,1001.1,79.0,0.0,0.0,4.4,0
2025-04-27T04:00+00:00,4115,1.2,1001.6,79.0,0.0,0.0,4.6,3
2025-04-27T05:00+00:00,4115,1.0,1002.0,75.0,0.0,0.9,6.4,97
2025-04-27T06:00+00:00,4115,1.4,1002.4,67.0,0.0,1.0,8.8,260
2025-04-27T07:00+00:00,4115,1.9,1002.9,61.0,0.0,1.0,10.9,431
2025-04-27T08:00+00:00,4115,1.5,1003.0,53.0,0.0,1.0,12.9,587
2025-04-27T09:00+00:00,4115,2.4,1003.3,49.0,0.0,1.0,13.7,717
2025-04-27T10:00+00:00,4115,2.1,1003.2,49.0,0.0,1.0,15.0,795
2025-04-27T11:00+00:00,4115,2.0,1003.1,48.0,0.0,1.0,15.7,827
2025-04-27T12:00+00:00,4115,2.0,1002.9,44.0,0.0,1.0,16.5,814
2025-04-27T13:00+00:00,4115,1.9,1002.9,48.0,0.0,1.0,17.7,752
2025-04-27T14:00+00:00,4115,1.9,1002.6,42.0,0.0,1.0,18.0,635
2025-04-27T15:00+00:00,4115,2.2,1002.3,45.0,0.0,1.0,18.2,488
2025-04-27T16:00+00:00,4115,2.6,1002.3,47.0,0.0,1.0,17.7,319
2025-04-27T17:00+00:00,4115,2.4,1002.3,49.0,0.0,1.0,16.9,155
2025-04-27T18:00+00:00,4115,1.6,1002.6,57.0,0.0,0.6,14.4,35
2025-04-27T19:00+00:00,4115,1.6,1003.1,63.0,0.0,0.0,12.3,0
2025-04-27T20:00+00:00,4115,1.9,1003.3,65.0,0.0,0.0,11.1,0
2025-04-27T21:00+00:00,4115,2.0,1003.4,66.0,0.0,0.0,10.2,0
2025-04-27T22:00+00:00,4115,2.2,1003.6,73.0,0.0,0.0,8.4,0
2025-04-27T23:00+00:00,4115,1.8,1003.7,78.0,0.0,0.0,7.0,0
2025-04-28T00:00+00:00,4115,2.5,1003.5,71.0,0.0,0.0,8.2,0
2025-04-28T01:00+00:00,4115,2.9,1003.2,74.0,0.0,0.0,7.9,0
2025-04-28T02:00+00:00,4115,2.4,1003.1,76.0,0.0,0.0,7.2,0
2025-04-28T03:00+00:00,4115,2.1,1003.1,80.0,0.0,0.0,6.3,0
2025-04-28T04:00+00:00,4115,2.3,1003.5,75.0,0.0,0.0,7.3,3
2025-04-28T05:00+00:00,4115,2.4,1003.8,73.0,0.0,0.9,8.9,92
2025-04-28T06:00+00:00,4115,1.8,1004.4,65.0,0.0,1.0,11.2,252
2025-04-28T07:00+00:00,4115,1.4,1004.5,63.0,0.0,1.0,13.2,423
2025-04-28T08:00+00:00,4115,2.1,1004.4,55.0,0.0,1.0,16.3,575
2025-04-28T09:00+00:00,4115,2.8,1004.2,51.0,0.0,1.0,17.6,698
2025-04-28T10:00+00:00,4115,3.1,1004.1,50.0,0.0,1.0,19.1,776
2025-04-28T11:00+00:00,4115,3.1,1003.6,49.0,0.0,1.0,19.8,805
2025-04-28T12:00+00:00,4115,2.8,1003.4,45.0,0.0,1.0,21.0,790
2025-04-28T13:00+00:00,4115,2.4,1002.9,45.0,0.0,1.0,22.0,737
2025-04-28T14:00+00:00,4115,2.8,1002.6,42.0,0.0,1.0,21.8,628
2025-04-28T15:00+00:00,4115,2.5,1002.2,42.0,0.0,1.0,21.8,486
2025-04-28T16:00+00:00,4115,2.2,1001.9,43.0,0.0,1.0,21.5,323
2025-04-28T17:00+00:00,4115,2.5,1001.6,47.0,0.0,1.0,20.4,161
2025-04-28T18:00+00:00,4115,1.8,1001.8,56.0,0.0,0.6,18.2,35
2025-04-28T19:00+00:00,4115,1.2,1002.3,69.0,0.0,0.0,15.0,0
2025-04-28T20:00+00:00,4115,1.5,1002.6,77.0,0.0,0.0,13.0,0
2025-04-28T21:00+00:00,4115,2.0,1002.9,78.0,0.0,0.0,12.5,0
2025-04-28T22:00+00:00,4115,2.3,1002.9,80.0,0.0,0.0,11.4,0
2025-04-28T23:00+00:00,4115,2.2,1002.9,83.0,0.0,0.0,10.5,0
2025-04-29T00:00+00:00,4115,2.0,1002.3,83.0,0.0,0.0,10.0,0
2025-04-29T01:00+00:00,4115,2.7,1002.1,86.0,0.0,0.0,9.4,0
2025-04-29T02:00+00:00,4115,2.7,1002.1,85.0,0.0,0.0,9.4,0
2025-04-29T03:00+00:00,4115,2.1,1002.2,89.0,0.0,0.0,8.3,0
2025-04-29T04:00+00:00,4115,1.9,1002.5,91.0,0.0,0.0,7.8,4
2025-04-29T05:00+00:00,4115,1.5,1003.1,86.0,0.0,0.9,10.8,93
2025-04-29T06:00+00:00,4115,0.4,1003.4,73.0,0.0,1.0,13.9,255
2025-04-29T07:00+00:00,4115,0.6,1003.5,67.0,0.0,1.0,15.7,425
2025-04-29T08:00+00:00,4115,0.7,1003.4,66.0,0.0,1.0,16.9,573
2025-04-29T09:00+00:00,4115,1.0,1003.2,61.0,0.0,1.0,18.6,694
2025-04-29T10:00+00:00,4115,1.1,1002.9,57.0,0.0,1.0,20.7,768
2025-04-29T11:00+00:00,4115,1.1,1002.5,55.0,0.0,0.5,19.8,486
2025-04-29T12:00+00:00,4115,1.0,1002.0,44.0,0.0,0.4,21.6,492
2025-04-29T13:00+00:00,4115,1.0,1001.5,45.0,0.0,1.0,23.0,773
2025-04-29T14:00+00:00,4115,1.3,1000.9,38.0,0.0,0.9,22.4,594
2025-04-29T15:00+00:00,4115,1.0,1000.4,36.0,0.0,0.9,23.0,441
2025-04-29T16:00+00:00,4115,0.8,1000.1,38.0,0.0,1.0,23.0,326
2025-04-29T17:00+00:00,4115,1.8,999.9,45.0,0.0,1.0,21.5,167
2025-04-29T18:00+00:00,4115,1.5,999.9,64.0,0.0,0.6,16.3,38
2025-04-29T19:00+00:00,4115,1.3,1000.2,73.0,0.0,0.0,12.9,0
2025-04-29T20:00+00:00,4115,0.6,1000.4,77.0,0.0,0.0,12.3,0
2025-04-29T21:00+00:00,4115,0.3,1000.5,81.0,0.0,0.0,11.4,0
2025-04-29T22:00+00:00,4115,0.1,1000.7,78.0,0.0,0.0,11.9,0
2025-04-29T23:00+00:00,4115,0.5,1000.7,84.0,0.0,0.0,10.7,0
2025-04-30T00:00+00:00,4115,1.4,1000.4,70.0,0.0,0.0,13.0,0
2025-04-30T01:00+00:00,4115,0.7,1000.2,77.0,0.0,0.0,11.8,0
2025-04-30T02:00+00:00,4115,0.3,1000.4,79.0,0.0,0.0,11.5,0
2025-04-30T03:00+00:00,4115,0.9,1000.4,78.0,0.0,0.0,11.4,0
2025-04-30T04:00+00:00,4115,0.3,1000.5,82.0,0.0,0.0,10.0,4
2025-04-30T05:00+00:00,4115,0.6,1001.0,72.0,0.0,0.9,12.5,90
2025-04-30T06:00+00:00,4115,1.4,1001.1,63.0,0.0,1.0,15.0,249
2025-04-30T07:00+00:00,4115,1.2,1001.3,56.0,0.0,1.0,16.2,406
2025-04-30T08:00+00:00,4115,1.8,1001.4,56.0,0.0,1.0,18.0,555
2025-04-30T09:00+00:00,4115,1.6,1001.2,52.0,0.0,1.0,19.5,689
2025-04-30T10:00+00:00,4115,1.3,1001.0,47.0,0.0,1.0,21.2,766
2025-04-30T11:00+00:00,4115,1.9,1000.5,42.0,0.0,1.0,22.6,795
2025-04-30T12:00+00:00,4115,1.5,1000.2,40.0,0.0,1.0,23.3,789
2025-04-30T13:00+00:00,4115,1.3,999.6,32.0,0.0,1.0,23.5,734
2025-04-30T14:00+00:00,4115,1.6,999.1,34.0,0.0,1.0,24.1,625
2025-04-30T15:00+00:00,4115,1.2,998.7,32.0,0.0,1.0,24.1,489
2025-04-30T16:00+00:00,4115,1.2,998.4,33.0,0.0,1.0,23.7,308
2025-04-30T17:00+00:00,4115,1.5,998.2,38.0,0.0,1.0,22.7,168
2025-04-30T18:00+00:00,4115,1.8,998.1,64.0,0.0,0.6,16.6,45
2025-04-30T19:00+00:00,4115,1.4,998.5,67.0,0.0,0.0,14.0,1
2025-04-30T20:00+00:00,4115,0.5,998.4,72.0,0.0,0.0,12.6,0
2025-04-30T21:00+00:00,4115,0.3,998.5,73.0,0.0,0.0,12.2,0
2025-04-30T22:00+00:00,4115,0.2,998.6,69.0,0.0,0.0,12.3,0
2025-04-30T23:00+00:00,4115,0.5,998.5,72.0,0.0,0.0,12.5,0
2025-05-01T00:00+00:00,4115,0.8,998.5,72.0,0.0,0.0,12.2,0
2025-05-01T01:00+00:00,4115,0.5,998.6,83.0,0.0,0.0,10.0,0
2025-05-01T02:00+00:00,4115,1.4,998.6,75.0,0.0,0.0,11.6,0
2025-05-01T03:00+00:00,4115,0.6,998.5,76.0,0.0,0.0,11.5,0
2025-05-01T04:00+00:00,4115,0.8,998.8,77.0,0.0,0.0,11.3,4
2025-05-01T05:00+00:00,4115,0.7,999.3,72.0,0.0,0.9,13.2,96
2025-05-01T06:00+00:00,4115,0.8,999.7,64.0,0.0,1.0,16.5,251
2025-05-01T07:00+00:00,4115,1.2,999.9,60.0,0.0,1.0,17.6,419
2025-05-01T08:00+00:00,4115,1.7,1000.1,57.0,0.0,1.0,19.4,569
2025-05-01T09:00+00:00,4115,1.6,999.9,55.0,0.0,1.0,21.8,689
2025-05-01T10:00+00:00,4115,1.0,999.6,49.0,0.0,1.0,22.7,748
2025-05-01T11:00+00:00,4115,2.1,999.2,46.0,0.0,1.0,23.5,813
2025-05-01T12:00+00:00,4115,2.1,998.9,41.0,0.0,1.0,24.0,752
2025-05-01T13:00+00:00,4115,2.2,998.5,41.0,0.0,0.9,24.1,693
2025-05-01T14:00+00:00,4115,2.7,998.0,34.0,0.0,0.9,24.8,570
2025-05-01T15:00+00:00,4115,1.9,997.7,36.0,0.0,1.0,24.7,486
2025-05-01T16:00+00:00,4115,2.0,997.3,36.0,0.0,1.0,24.5,326
2025-05-01T17:00+00:00,4115,1.9,996.8,43.0,0.0,1.0,23.3,167
2025-05-01T18:00+00:00,4115,1.2,996.8,59.0,0.0,0.6,18.8,40
2025-05-01T19:00+00:00,4115,1.5,997.4,66.0,0.0,0.0,16.2,1
2025-05-01T20:00+00:00,4115,1.0,997.5,76.0,0.0,0.0,13.9,0
2025-05-01T21:00+00:00,4115,0.6,997.5,80.0,0.0,0.0,12.7,0
2025-05-01T22:00+00:00,4115,1.0,997.7,81.0,0.0,0.0,12.5,0
2025-05-01T23:00+00:00,4115,0.9,997.6,83.0,0.0,0.0,11.8,0
2025-05-02T00:00+00:00,4115,1.6,997.5,85.0,0.0,0.0,11.5,0
2025-05-02T01:00+00:00,4115,1.8,997.4,84.0,0.0,0.0,11.1,0
2025-05-02T02:00+00:00,4115,2.2,997.3,89.0,0.0,0.0,10.5,0
2025-05-02T03:00+00:00,4115,2.4,997.0,91.0,0.0,0.0,10.0,0
2025-05-02T04:00+00:00,4115,2.2,996.9,90.0,0.0,0.0,9.8,7
2025-05-02T05:00+00:00,4115,1.3,997.3,85.0,0.0,1.0,12.4,105
2025-05-02T06:00+00:00,4115,0.3,997.5,69.0,0.0,1.0,16.4,263
2025-05-02T07:00+00:00,4115,1.0,997.3,53.0,0.0,1.0,18.7,431
2025-05-02T08:00+00:00,4115,2.1,997.1,52.0,0.0,1.0,20.4,580
2025-05-02T09:00+00:00,4115,1.7,997.0,50.0,0.0,1.0,22.0,701
2025-05-02T10:00+00:00,4115,1.0,996.5,47.0,0.0,1.0,23.2,774
2025-05-02T11:00+00:00,4115,1.3,996.0,44.0,0.0,1.0,24.3,802
2025-05-02T12:00+00:00,4115,0.8,995.5,40.0,0.0,1.0,25.2,792
2025-05-02T13:00+00:00,4115,0.7,994.7,41.0,0.0,1.0,26.0,736
2025-05-02T14:00+00:00,4115,1.3,994.0,40.0,0.0,1.0,26.5,598
2025-05-02T15:00+00:00,4115,0.9,993.3,38.0,0.0,1.0,26.9,485
2025-05-02T16:00+00:00,4115,1.0,992.7,35.0,0.0,1.0,26.7,332
2025-05-02T17:00+00:00,4115,0.9,992.4,40.0,0.0,1.0,25.9,173
2025-05-02T18:00+00:00,4115,1.4,992.3,42.0,0.0,0.7,23.2,43
2025-05-02T19:00+00:00,4115,0.8,992.4,70.0,0.0,0.0,16.6,1
2025-05-02T20:00+00:00,4115,0.5,992.4,73.0,0.0,0.0,15.9,0
2025-05-02T21:00+00:00,4115,1.1,992.1,77.0,0.0,0.0,15.0,0
2025-05-02T22:00+00:00,4115,1.3,991.9,78.0,0.0,0.0,14.6,0
2025-05-02T23:00+00:00,4115,0.6,991.9,81.0,0.0,0.0,14.0,0
2025-05-03T00:00+00:00,4115,0.8,991.4,80.0,0.0,0.0,14.0,0
2025-05-03T01:00+00:00,4115,0.2,991.1,84.0,0.0,0.0,12.8,0
2025-05-03T02:00+00:00,4115,0.6,990.8,91.0,0.0,0.0,11.7,0
2025-05-03T03:00+00:00,4115,0.8,990.2,89.0,0.0,0.0,11.4,0
2025-05-03T04:00+00:00,4115,0.7,990.5,92.0,0.0,0.0,10.9,8
2025-05-03T05:00+00:00,4115,0.2,990.7,85.0,0.0,0.5,13.7,95
2025-05-03T06:00+00:00,4115,0.5,990.4,75.0,0.0,0.3,15.4,155
2025-05-03T07:00+00:00,4115,0.4,990.2,67.0,0.0,0.6,18.6,325
2025-05-03T08:00+00:00,4115,0.6,990.0,56.0,0.0,1.0,22.0,543
2025-05-03T09:00+00:00,4115,0.6,989.6,47.0,0.0,1.0,25.0,681
2025-05-03T10:00+00:00,4115,1.3,988.8,36.0,0.0,1.0,27.1,735
2025-05-03T11:00+00:00,4115,1.6,988.0,27.0,0.0,1.0,28.2,770
2025-05-03T12:00+00:00,4115,3.4,987.4,23.0,0.0,1.0,28.9,777
2025-05-03T13:00+00:00,4115,3.4,986.6,30.0,0.0,1.0,28.2,647
2025-05-03T14:00+00:00,4115,3.3,986.2,35.0,0.0,0.0,26.4,336
2025-05-03T15:00+00:00,4115,6.2,988.0,77.0,2.4,0.0,18.0,42
2025-05-03T16:00+00:00,4115,1.9,986.9,89.0,0.8,0.0,18.3,79
2025-05-03T17:00+00:00,4115,0.4,985.5,83.0,0.0,0.0,19.3,106
2025-05-03T18:00+00:00,4115,0.8,985.5,85.0,0.1,0.0,18.3,63
2025-05-03T19:00+00:00,4115,0.5,985.7,87.0,0.0,0.0,16.5,1
2025-05-03T20:00+00:00,4115,1.2,985.1,84.0,0.0,0.0,17.5,0
2025-05-03T21:00+00:00,4115,1.4,984.6,68.0,0.0,0.0,18.2,0
2025-05-03T22:00+00:00,4115,1.5,984.4,59.0,0.0,0.0,19.3,0
2025-05-03T23:00+00:00,4115,1.1,984.1,77.0,0.0,0.0,16.1,0
2025-05-04T00:00+00:00,4115,0.3,983.6,84.0,0.0,0.0,14.0,0
2025-05-04T01:00+00:00,4115,0.6,983.7,90.0,0.0,0.0,12.9,0
2025-05-04T02:00+00:00,4115,3.0,984.3,73.0,0.0,0.0,16.5,0
2025-05-04T03:00+00:00,4115,2.1,984.3,69.0,0.0,0.0,17.0,0
2025-05-04T04:00+00:00,4115,3.0,984.1,62.0,0.0,0.0,17.8,8
2025-05-04T05:00+00:00,4115,2.8,984.6,63.0,0.0,0.8,17.9,132
2025-05-04T06:00+00:00,4115,3.7,985.2,66.0,0.0,0.8,17.9,224
2025-05-04T07:00+00:00,4115,2.1,985.4,62.0,0.0,0.5,18.4,295
2025-05-04T08:00+00:00,4115,1.9,985.6,66.0,0.0,0.0,18.1,183
2025-05-04T09:00+00:00,4115,2.5,985.6,66.0,0.0,0.0,18.8,222
2025-05-04T10:00+00:00,4115,2.7,986.6,85.0,0.3,0.0,14.7,138
2025-05-04T11:00+00:00,4115,2.9,986.8,78.0,0.2,0.0,15.5,222
2025-05-04T12:00+00:00,4115,3.3,986.9,75.0,0.0,0.1,16.0,362
2025-05-04T13:00+00:00,4115,3.7,986.8,78.0,0.0,0.2,16.0,423
2025-05-04T14:00+00:00,4115,3.8,986.8,75.0,0.0,0.1,15.8,335
2025-05-04T15:00+00:00,4115,2.9,986.6,73.0,0.0,0.0,15.5,145
2025-05-04T16:00+00:00,4115,2.4,986.5,68.0,0.0,0.6,16.0,299
2025-05-04T17:00+00:00,4115,2.0,986.2,71.0,0.0,0.3,15.3,106
2025-05-04T18:00+00:00,4115,1.6,986.5,75.0,0.0,0.0,14.0,32
2025-05-04T19:00+00:00,4115,1.3,986.9,80.0,0.0,0.0,13.4,1
2025-05-04T20:00+00:00,4115,1.3,986.9,79.0,0.0,0.0,13.5,0
2025-05-04T21:00+00:00,4115,1.9,987.0,72.0,0.0,0.0,13.5,0
2025-05-04T22:00+00:00,4115,2.8,987.7,67.0,0.0,0.0,12.7,0
2025-05-04T23:00+00:00,4115,2.3,987.8,81.0,0.6,0.0,10.8,0
2025-05-05T00:00+00:00,4115,2.3,987.6,76.0,0.1,0.0,10.5,0
2025-05-05T01:00+00:00,4115,2.9,987.5,85.0,0.6,0.0,9.4,0
2025-05-05T02:00+00:00,4115,2.8,987.7,82.0,0.0,0.0,9.3,0
2025-05-05T03:00+00:00,4115,2.9,988.0,85.0,0.4,0.0,8.7,0
2025-05-05T04:00+00:00,4115,2.0,988.7,91.0,2.9,0.0,8.2,0
2025-05-05T05:00+00:00,4115,1.8,988.6,89.0,0.8,0.0,8.3,19
2025-05-05T06:00+00:00,4115,2.4,988.7,88.0,0.1,0.0,9.1,85
2025-05-05T07:00+00:00,4115,1.8,988.6,87.0,0.0,0.0,9.7,110
2025-05-05T08:00+00:00,4115,2.5,988.9,84.0,0.1,0.0,10.3,125
2025-05-05T09:00+00:00,4115,3.1,989.1,79.0,0.0,0.0,10.9,182
2025-05-05T10:00+00:00,4115,3.3,989.1,79.0,0.0,0.0,11.8,203
2025-05-05T11:00+00:00,4115,4.1,988.9,73.0,0.1,0.0,12.5,302
2025-05-05T12:00+00:00,4115,4.4,988.7,71.0,0.0,0.0,12.3,200
2025-05-05T13:00+00:00,4115,3.6,988.8,80.0,0.1,0.0,11.5,90
2025-05-05T14:00+00:00,4115,3.7,989.1,87.0,0.7,0.0,10.6,85
2025-05-05T15:00+00:00,4115,4.2,989.1,86.0,0.4,0.0,10.0,82
2025-05-05T16:00+00:00,4115,3.5,989.5,88.0,1.5,0.0,9.2,37
2025-05-05T17:00+00:00,4115,3.0,989.6,86.0,0.1,0.0,9.0,17
2025-05-05T18:00+00:00,4115,3.4,990.2,82.0,0.0,0.0,8.9,4
2025-05-05T19:00+00:00,4115,4.1,991.1,87.0,0.0,0.0,8.3,0
2025-05-05T20:00+00:00,4115,3.7,991.5,93.0,0.3,0.0,7.5,0
2025-05-05T21:00+00:00,4115,3.5,991.4,92.0,0.1,0.0,7.3,0
2025-05-05T22:00+00:00,4115,2.8,991.5,89.0,0.0,0.0,7.4,0
2025-05-05T23:00+00:00,4115,2.1,991.4,93.0,0.1,0.0,6.9,0
2025-05-06T00:00+00:00,4115,2.8,991.2,92.0,0.4,0.0,6.7,0
2025-05-06T01:00+00:00,4115,2.3,991.2,90.0,0.1,0.0,6.8,0
2025-05-06T02:00+00:00,4115,2.0,991.2,87.0,0.0,0.0,6.9,0
2025-05-06T03:00+00:00,4115,2.0,991.2,87.0,0.0,0.0,6.8,0
2025-05-06T04:00+00:00,4115,2.4,991.3,91.0,0.7,0.0,6.5,1
2025-05-06T05:00+00:00,4115,2.1,991.5,93.0,1.0,0.0,6.7,12
2025-05-06T06:00+00:00,4115,2.2,991.6,91.0,0.6,0.0,7.0,61
2025-05-06T07:00+00:00,4115,2.2,992.0,90.0,0.2,0.0,7.4,97
2025-05-06T08:00+00:00,4115,2.2,992.2,83.0,0.3,0.0,8.5,171
2025-05-06T09:00+00:00,4115,2.9,992.3,80.0,0.0,0.0,9.6,249
2025-05-06T10:00+00:00,4115,2.9,992.4,76.0,0.0,0.0,10.7,367
2025-05-06T11:00+00:00,4115,2.9,992.2,71.0,0.0,0.0,12.2,420
2025-05-06T12:00+00:00,4115,2.8,992.1,67.0,0.0,0.0,13.3,441
2025-05-06T13:00+00:00,4115,3.2,991.5,64.0,0.0,0.7,15.0,651
2025-05-06T14:00+00:00,4115,3.7,991.4,62.0,0.0,0.4,13.8,413
2025-05-06T15:00+00:00,4115,3.1,991.5,68.0,0.0,0.0,12.7,90
2025-05-06T16:00+00:00,4115,2.8,991.8,67.0,0.0,0.0,12.5,69
2025-05-06T17:00+00:00,4115,2.2,992.1,66.0,0.0,0.0,12.5,57
2025-05-06T18:00+00:00,4115,1.4,992.4,72.0,0.0,0.0,11.5,36
2025-05-06T19:00+00:00,4115,1.4,992.9,73.0,0.0,0.0,10.8,1
2025-05-06T20:00+00:00,4115,2.4,993.4,71.0,0.0,0.0,10.5,0
2025-05-06T21:00+00:00,4115,1.5,993.7,78.0,0.0,0.0,9.7,0
2025-05-06T22:00+00:00,4115,1.5,993.8,77.0,0.0,0.0,9.4,0
2025-05-06T23:00+00:00,4115,1.9,993.8,75.0,0.0,0.0,9.2,0
2025-05-07T00:00+00:00,4115,2.2,993.7,80.0,0.0,0.0,8.7,0
2025-05-07T01:00+00:00,4115,2.6,993.3,79.0,0.0,0.0,8.6,0
2025-05-07T02:00+00:00,4115,2.7,993.3,77.0,0.0,0.0,8.2,0
2025-05-07T03:00+00:00,4115,2.8,993.3,79.0,0.0,0.0,7.4,0
2025-05-07T04:00+00:00,4115,3.0,993.3,76.0,0.0,0.0,7.4,7
2025-05-07T05:00+00:00,4115,3.1,993.5,72.0,0.0,0.0,7.8,63
2025-05-07T06:00+00:00,4115,3.2,993.8,72.0,0.0,0.0,8.3,108
2025-05-07T07:00+00:00,4115,3.4,994.0,69.0,0.0,0.0,9.3,194
2025-05-07T08:00+00:00,4115,3.6,994.1,64.0,0.0,0.0,11.3,331
2025-05-07T09:00+00:00,4115,3.2,994.0,56.0,0.0,0.5,13.9,614
2025-05-07T10:00+00:00,4115,4.3,993.8,49.0,0.0,0.9,14.7,743
2025-05-07T11:00+00:00,4115,3.9,993.5,46.0,0.0,0.4,15.0,628
2025-05-07T12:00+00:00,4115,2.7,993.3,45.0,0.0,0.5,15.0,638
2025-05-07T13:00+00:00,4115,2.6,992.9,48.0,0.0,0.2,15.0,414
2025-05-07T14:00+00:00,4115,2.7,992.5,43.0,0.0,0.5,15.2,506
2025-05-07T15:00+00:00,4115,1.8,992.5,50.0,0.0,0.1,15.0,232
2025-05-07T16:00+00:00,4115,1.8,992.3,49.0,0.0,0.5,15.3,243
2025-05-07T17:00+00:00,4115,1.8,992.1,53.0,0.0,1.0,14.6,216
2025-05-07T18:00+00:00,4115,1.0,992.4,59.0,0.0,0.2,13.2,61
2025-05-07T19:00+00:00,4115,0.6,992.9,79.0,0.0,0.0,11.6,0
2025-05-07T20:00+00:00,4115,1.5,993.1,73.0,0.0,0.0,10.9,0
2025-05-07T21:00+00:00,4115,3.0,992.9,67.0,0.0,0.0,11.1,0
2025-05-07T22:00+00:00,4115,2.2,992.7,65.0,0.0,0.0,10.7,0
2025-05-07T23:00+00:00,4115,2.1,992.4,65.0,0.0,0.0,10.2,0
2025-05-08T00:00+00:00,4115,2.4,992.0,64.0,0.0,0.0,9.9,0
2025-05-08T01:00+00:00,4115,2.6,991.5,66.0,0.0,0.0,9.7,0
2025-05-08T02:00+00:00,4115,3.2,991.5,64.0,0.0,0.0,9.6,0
2025-05-08T03:00+00:00,4115,1.2,991.4,72.0,0.0,0.0,8.2,0
2025-05-08T04:00+00:00,4115,1.2,991.5,66.0,0.0,0.0,8.7,7
2025-05-08T05:00+00:00,4115,3.1,991.5,65.0,0.0,0.0,9.1,51
2025-05-08T06:00+00:00,4115,3.1,991.8,65.0,0.0,0.0,9.6,105
2025-05-08T07:00+00:00,4115,3.4,992.1,60.0,0.0,0.0,10.0,163
2025-05-08T08:00+00:00,4115,3.3,992.3,64.0,0.0,0.0,10.1,177
2025-05-08T09:00+00:00,4115,3.3,992.7,63.0,0.0,0.0,9.9,184
2025-05-08T10:00+00:00,4115,2.6,992.9,62.0,0.0,0.0,9.8,143
2025-05-08T11:00+00:00,4115,2.0,992.7,64.0,0.0,0.0,10.1,65
2025-05-08T12:00+00:00,4115,0.8,992.7,61.0,0.0,0.0,11.3,130
2025-05-08T13:00+00:00,4115,0.2,992.3,54.0,0.0,0.4,14.8,531
2025-05-08T14:00+00:00,4115,0.6,992.0,48.0,0.0,0.3,14.8,512
2025-05-08T15:00+00:00,4115,2.0,992.1,42.0,0.0,0.2,14.5,316
2025-05-08T16:00+00:00,4115,3.3,992.2,44.0,0.0,0.0,13.7,153
2025-05-08T17:00+00:00,4115,2.4,992.4,47.0,0.0,0.0,12.8,80
2025-05-08T18:00+00:00,4115,2.0,992.7,50.0,0.0,0.0,12.0,40
2025-05-08T19:00+00:00,4115,1.7,993.6,48.0,0.0,0.0,11.2,1
2025-05-08T20:00+00:00,4115,2.1,994.2,49.0,0.0,0.0,10.7,0
2025-05-08T21:00+00:00,4115,2.2,994.5,48.0,0.0,0.0,10.4,0
2025-05-08T22:00+00:00,4115,2.6,994.8,50.0,0.0,0.0,9.8,0
2025-05-08T23:00+00:00,4115,2.4,994.9,53.0,0.0,0.0,8.4,0
2025-05-09T00:00+00:00,4115,2.7,995.1,57.0,0.0,0.0,6.9,0
2025-05-09T01:00+00:00,4115,2.9,995.1,57.0,0.0,0.0,6.7,0
2025-05-09T02:00+00:00,4115,1.8,995.2,61.0,0.0,0.0,5.7,0
2025-05-09T03:00+00:00,4115,0.4,995.5,66.0,0.0,0.0,5.1,0
2025-05-09T04:00+00:00,4115,0.6,995.9,67.0,0.0,0.1,4.9,20
2025-05-09T05:00+00:00,4115,0.9,996.6,57.0,0.0,0.8,7.7,142
2025-05-09T06:00+00:00,4115,1.6,997.0,56.0,0.0,0.5,8.1,218
2025-05-09T07:00+00:00,4115,1.3,997.1,52.0,0.0,0.9,10.3,431
2025-05-09T08:00+00:00,4115,1.6,997.4,49.0,0.0,1.0,11.9,586
2025-05-09T09:00+00:00,4115,2.8,997.4,41.0,0.0,1.0,13.2,803
2025-05-09T10:00+00:00,4115,3.1,997.4,43.0,0.0,1.0,13.9,848
2025-05-09T11:00+00:00,4115,3.7,997.1,40.0,0.0,0.9,13.3,831
2025-05-09T12:00+00:00,4115,3.4,997.1,40.0,0.0,0.8,13.4,719
2025-05-09T13:00+00:00,4115,4.2,997.0,39.0,0.0,0.9,14.9,707
2025-05-09T14:00+00:00,4115,3.4,997.0,35.0,0.0,0.7,15.1,502
2025-05-09T15:00+00:00,4115,4.7,997.0,33.0,0.0,0.9,15.3,515
2025-05-09T16:00+00:00,4115,3.5,996.9,33.0,0.0,0.8,14.9,314
2025-05-09T17:00+00:00,4115,4.0,997.1,35.0,0.0,1.0,13.9,206
2025-05-09T18:00+00:00,4115,3.3,997.7,44.0,0.0,0.8,11.2,60
2025-05-09T19:00+00:00,4115,2.5,998.6,63.0,0.0,0.0,7.1,2
2025-05-09T20:00+00:00,4115,2.7,999.1,55.0,0.0,0.0,7.5,0
2025-05-09T21:00+00:00,4115,1.7,999.3,66.0,0.0,0.0,5.2,0
2025-05-09T22:00+00:00,4115,1.5,999.7,63.0,0.0,0.0,5.3,0
2025-05-09T23:00+00:00,4115,0.8,999.8,70.0,0.0,0.0,4.3,0
2025-05-10T00:00+00:00,4115,1.1,999.6,63.0,0.0,0.0,5.5,0
2025-05-10T01:00+00:00,4115,0.9,999.5,69.0,0.0,0.0,5.1,0
2025-05-10T02:00+00:00,4115,1.2,999.5,73.0,0.0,0.0,4.3,0
2025-05-10T03:00+00:00,4115,1.1,999.3,75.0,0.0,0.0,3.7,0
2025-05-10T04:00+00:00,4115,0.6,999.6,82.0,0.0,0.1,2.4,16
2025-05-10T05:00+00:00,4115,0.9,999.9,73.0,0.0,1.0,6.0,127
2025-05-10T06:00+00:00,4115,0.6,1000.0,60.0,0.0,1.0,10.1,300
2025-05-10T07:00+00:00,4115,1.0,1000.0,55.0,0.0,1.0,11.9,477
2025-05-10T08:00+00:00,4115,0.5,999.8,43.0,0.0,1.0,13.6,627
2025-05-10T09:00+00:00,4115,1.4,999.6,41.0,0.0,1.0,15.2,743
2025-05-10T10:00+00:00,4115,1.3,999.1,39.0,0.0,1.0,15.4,823
2025-05-10T11:00+00:00,4115,1.4,998.7,39.0,0.0,1.0,16.6,845
2025-05-10T12:00+00:00,4115,0.8,998.0,37.0,0.0,1.0,16.8,832
2025-05-10T13:00+00:00,4115,1.1,997.1,35.0,0.0,1.0,18.2,775
2025-05-10T14:00+00:00,4115,1.3,996.5,38.0,0.0,1.0,18.5,663
2025-05-10T15:00+00:00,4115,0.9,996.2,33.0,0.0,1.0,18.5,521
2025-05-10T16:00+00:00,4115,1.0,995.9,37.0,0.0,1.0,18.7,351
2025-05-10T17:00+00:00,4115,1.0,995.5,33.0,0.0,1.0,18.4,195
2025-05-10T18:00+00:00,4115,0.6,995.4,61.0,0.0,0.8,13.5,60
2025-05-10T19:00+00:00,4115,1.0,995.5,68.0,0.0,0.0,10.1,3
2025-05-10T20:00+00:00,4115,1.1,995.5,55.0,0.0,0.0,11.2,0
2025-05-10T21:00+00:00,4115,1.0,995.4,64.0,0.0,0.0,9.1,0
2025-05-10T22:00+00:00,4115,0.2,995.3,71.0,0.0,0.0,7.5,0
2025-05-10T23:00+00:00,4115,0.2,994.8,73.0,0.0,0.0,7.9,0
2025-05-11T00:00+00:00,4115,0.4,994.6,61.0,0.0,0.0,9.7,0
2025-05-11T01:00+00:00,4115,1.1,995.2,66.0,0.0,0.0,9.0,0
2025-05-11T02:00+00:00,4115,1.8,995.1,65.0,0.0,0.0,10.2,0
2025-05-11T03:00+00:00,4115,2.4,994.8,73.0,0.0,0.0,10.0,0
2025-05-11T04:00+00:00,4115,2.0,995.1,74.0,0.0,0.0,9.9,3
2025-05-11T05:00+00:00,4115,1.9,995.3,76.0,0.0,0.0,10.1,24
2025-05-11T06:00+00:00,4115,1.5,995.5,76.0,0.0,0.0,10.7,77
2025-05-11T07:00+00:00,4115,2.5,995.6,72.0,0.0,0.1,12.7,232
2025-05-11T08:00+00:00,4115,3.3,995.8,54.0,0.0,0.8,13.7,521
2025-05-11T09:00+00:00,4115,4.2,996.0,46.0,0.0,0.6,15.1,666
2025-05-11T10:00+00:00,4115,4.0,995.7,53.0,0.0,0.8,15.0,710
2025-05-11T11:00+00:00,4115,3.0,995.2,52.0,0.0,0.9,16.5,808
2025-05-11T12:00+00:00,4115,3.1,994.7,48.0,0.0,0.6,17.1,627
2025-05-11T13:00+00:00,4115,3.5,994.3,42.0,0.0,1.0,17.1,771
2025-05-11T14:00+00:00,4115,3.2,993.6,39.0,0.0,1.0,17.7,680
2025-05-11T15:00+00:00,4115,3.6,993.3,29.0,0.0,1.0,17.5,540
2025-05-11T16:00+00:00,4115,3.9,992.9,32.0,0.0,1.0,16.9,376
2025-05-11T17:00+00:00,4115,3.3,992.7,37.0,0.0,1.0,16.1,204
2025-05-11T18:00+00:00,4115,2.3,993.0,47.0,0.0,0.8,13.2,63
2025-05-11T19:00+00:00,4115,1.8,993.2,62.0,0.0,0.0,9.2,3
2025-05-11T20:00+00:00,4115,2.5,993.3,59.0,0.0,0.0,9.0,0
2025-05-11T21:00+00:00,4115,1.7,993.3,64.0,0.0,0.0,7.5,0
2025-05-11T22:00+00:00,4115,1.6,993.3,67.0,0.0,0.0,6.4,0
2025-05-11T23:00+00:00,4115,2.0,993.0,60.0,0.0,0.0,7.3,0
2025-05-12T00:00+00:00,4115,0.7,992.6,67.0,0.0,0.0,5.8,0
2025-05-12T01:00+00:00,4115,0.9,992.3,73.0,0.0,0.0,4.7,0
2025-05-12T02:00+00:00,4115,0.4,992.2,77.0,0.0,0.0,4.3,0
2025-05-12T03:00+00:00,4115,0.6,992.1,71.0,0.0,0.0,4.7,0
2025-05-12T04:00+00:00,4115,0.8,992.3,73.0,0.0,0.2,5.0,18
2025-05-12T05:00+00:00,4115,0.2,992.7,60.0,0.0,1.0,8.7,168
2025-05-12T06:00+00:00,4115,3.1,993.2,54.0,0.0,1.0,10.5,310
2025-05-12T07:00+00:00,4115,3.5,993.3,54.0,0.0,1.0,11.9,483
2025-05-12T08:00+00:00,4115,2.7,993.5,52.0,0.0,1.0,14.2,632
2025-05-12T09:00+00:00,4115,2.7,993.4,44.0,0.0,1.0,15.7,753
2025-05-12T10:00+00:00,4115,3.6,993.4,35.0,0.0,1.0,16.2,816
2025-05-12T11:00+00:00,4115,3.7,993.3,32.0,0.0,1.0,16.9,870
2025-05-12T12:00+00:00,4115,3.2,993.2,30.0,0.0,1.0,17.4,857
2025-05-12T13:00+00:00,4115,2.8,993.0,36.0,0.0,1.0,18.2,807
2025-05-12T14:00+00:00,4115,2.0,992.7,32.0,0.0,0.8,18.3,595
2025-05-12T15:00+00:00,4115,2.6,992.6,39.0,0.0,0.9,17.2,528
2025-05-12T16:00+00:00,4115,2.1,992.7,43.0,0.0,0.3,15.6,202
2025-05-12T17:00+00:00,4115,1.5,992.7,35.0,0.0,1.0,17.3,229
2025-05-12T18:00+00:00,4115,1.8,993.0,47.0,0.0,0.9,13.9,78
2025-05-12T19:00+00:00,4115,1.9,993.5,60.0,0.0,0.0,9.8,3
2025-05-12T20:00+00:00,4115,2.6,994.3,55.0,0.0,0.0,10.0,0
2025-05-12T21:00+00:00,4115,2.6,994.6,60.0,0.0,0.0,8.6,0
2025-05-12T22:00+00:00,4115,2.9,994.7,52.0,0.0,0.0,10.2,0
2025-05-12T23:00+00:00,4115,2.9,994.8,54.0,0.0,0.0,9.7,0
2025-05-13T00:00+00:00,4115,1.6,994.9,59.0,0.0,0.0,8.7,0
2025-05-13T01:00+00:00,4115,1.3,994.8,64.0,0.0,0.0,7.7,0
2025-05-13T02:00+00:00,4115,0.5,995.2,67.0,0.0,0.0,7.7,0
2025-05-13T03:00+00:00,4115,0.6,995.1,68.0,0.0,0.0,7.2,0
2025-05-13T04:00+00:00,4115,1.1,995.6,68.0,0.0,0.0,6.8,17
2025-05-13T05:00+00:00,4115,0.2,996.0,66.0,0.0,0.9,8.9,145
2025-05-13T06:00+00:00,4115,1.3,996.4,55.0,0.0,1.0,10.9,280
2025-05-13T07:00+00:00,4115,1.7,996.6,55.0,0.0,1.0,12.7,458
2025-05-13T08:00+00:00,4115,1.3,996.6,51.0,0.0,1.0,14.7,624
2025-05-13T09:00+00:00,4115,1.0,996.6,42.0,0.0,1.0,16.5,749
2025-05-13T10:00+00:00,4115,2.6,996.3,39.0,0.0,1.0,17.5,845
2025-05-13T11:00+00:00,4115,1.8,996.2,34.0,0.0,0.7,17.7,688
2025-05-13T12:00+00:00,4115,1.7,995.9,34.0,0.0,1.0,18.1,863
2025-05-13T13:00+00:00,4115,2.0,995.5,35.0,0.0,0.8,18.2,693
2025-05-13T14:00+00:00,4115,1.8,995.3,31.0,0.0,0.8,19.1,591
2025-05-13T15:00+00:00,4115,1.7,994.9,34.0,0.0,0.8,19.2,461
2025-05-13T16:00+00:00,4115,2.4,994.9,31.0,0.0,1.0,18.6,384
2025-05-13T17:00+00:00,4115,3.0,994.9,34.0,0.0,1.0,17.5,213
2025-05-13T18:00+00:00,4115,2.8,995.1,41.0,0.0,0.9,14.5,71
2025-05-13T19:00+00:00,4115,2.1,995.2,57.0,0.0,0.0,9.7,3
2025-05-13T20:00+00:00,4115,1.4,995.3,62.0,0.0,0.0,8.3,0
2025-05-13T21:00+00:00,4115,0.3,995.5,70.0,0.0,0.0,6.8,0
2025-05-13T22:00+00:00,4115,1.6,996.0,67.0,0.0,0.0,6.9,0
2025-05-13T23:00+00:00,4115,1.7,996.0,66.0,0.0,0.0,7.2,0
2025-05-14T00:00+00:00,4115,0.6,995.9,66.0,0.0,0.0,6.8,0
2025-05-14T01:00+00:00,4115,0.6,995.6,74.0,0.0,0.0,5.3,0
2025-05-14T02:00+00:00,4115,0.3,995.5,77.0,0.0,0.0,4.5,0
2025-05-14T03:00+00:00,4115,0.4,995.5,75.0,0.0,0.0,5.0,0
2025-05-14T04:00+00:00,4115,0.4,995.5,80.0,0.0,0.0,4.8,18
2025-05-14T05:00+00:00,4115,0.1,995.5,77.0,0.0,0.3,6.9,96
2025-05-14T06:00+00:00,4115,0.2,995.5,66.0,0.0,1.0,10.2,231
2025-05-14T07:00+00:00,4115,0.6,995.5,59.0,0.0,1.0,12.9,389
2025-05-14T08:00+00:00,4115,0.2,995.4,51.0,0.0,1.0,14.8,486
2025-05-14T09:00+00:00,4115,1.7,994.9,41.0,0.0,1.0,17.4,717
2025-05-14T10:00+00:00,4115,1.5,994.4,33.0,0.0,1.0,18.7,813
2025-05-14T11:00+00:00,4115,1.7,993.4,32.0,0.0,1.0,19.9,852
2025-05-14T12:00+00:00,4115,2.3,992.9,28.0,0.0,1.0,20.5,833
2025-05-14T13:00+00:00,4115,2.3,992.1,31.0,0.0,1.0,21.3,767
2025-05-14T14:00+00:00,4115,2.9,991.4,27.0,0.0,0.9,22.0,634
2025-05-14T15:00+00:00,4115,2.5,990.8,29.0,0.0,0.9,21.8,444
2025-05-14T16:00+00:00,4115,2.6,990.1,30.0,0.0,0.2,21.5,220
2025-05-14T17:00+00:00,4115,2.4,989.3,29.0,0.0,0.4,20.9,175
2025-05-14T18:00+00:00,4115,1.8,989.0,32.0,0.0,0.8,19.0,76
2025-05-14T19:00+00:00,4115,2.1,989.1,31.0,0.0,0.0,18.2,4
2025-05-14T20:00+00:00,4115,1.8,988.7,33.0,0.0,0.0,17.3,0
2025-05-14T21:00+00:00,4115,1.7,988.1,34.0,0.0,0.0,17.0,0
2025-05-14T22:00+00:00,4115,2.2,987.6,35.0,0.0,0.0,17.2,0
2025-05-14T23:00+00:00,4115,2.8,987.6,41.0,0.0,0.0,15.9,0
2025-05-15T00:00+00:00,4115,2.5,987.0,44.0,0.0,0.0,15.3,0
2025-05-15T01:00+00:00,4115,1.9,986.5,47.0,0.0,0.0,14.7,0
2025-05-15T02:00+00:00,4115,2.0,985.8,48.0,0.0,0.0,14.5,0
2025-05-15T03:00+00:00,4115,2.5,985.2,48.0,0.0,0.0,14.5,0
2025-05-15T04:00+00:00,4115,2.2,985.3,49.0,0.0,0.0,14.5,11
2025-05-15T05:00+00:00,4115,2.4,985.1,49.0,0.0,0.0,14.9,59
2025-05-15T06:00+00:00,4115,2.5,984.9,51.0,0.0,0.0,15.0,72
2025-05-15T07:00+00:00,4115,2.4,985.1,52.0,0.0,0.0,15.7,184
2025-05-15T08:00+00:00,4115,2.7,985.5,55.0,0.0,0.0,15.6,170
2025-05-15T09:00+00:00,4115,3.3,986.0,47.0,0.0,0.0,17.0,351
2025-05-15T10:00+00:00,4115,6.7,988.0,73.0,0.0,0.0,11.2,216
2025-05-15T11:00+00:00,4115,4.6,988.8,72.0,0.0,0.0,11.0,135
2025-05-15T12:00+00:00,4115,3.6,989.6,76.0,0.0,0.0,10.6,121
2025-05-15T13:00+00:00,4115,1.4,989.9,78.0,0.0,0.0,11.2,149
2025-05-15T14:00+00:00,4115,0.6,990.0,68.0,0.0,0.4,12.4,395
2025-05-15T15:00+00:00,4115,0.6,989.9,61.0,0.0,0.8,13.8,469
2025-05-15T16:00+00:00,4115,1.6,989.8,36.0,0.0,0.5,14.2,277
2025-05-15T17:00+00:00,4115,4.4,990.0,30.0,0.0,0.9,14.5,214
2025-05-15T18:00+00:00,4115,3.1,990.8,37.0,0.0,0.6,12.6,68
2025-05-15T19:00+00:00,4115,3.8,992.1,46.0,0.0,0.0,11.8,2
2025-05-15T20:00+00:00,4115,3.7,992.6,57.0,0.0,0.0,9.6,0
2025-05-15T21:00+00:00,4115,2.5,992.7,64.0,0.0,0.0,8.3,0
2025-05-15T22:00+00:00,4115,2.4,993.6,68.0,0.0,0.0,7.3,0
2025-05-15T23:00+00:00,4115,2.3,994.2,69.0,0.0,0.0,6.9,0
2025-05-16T00:00+00:00,4115,1.9,994.5,72.0,0.0,0.0,6.0,0
2025-05-16T01:00+00:00,4115,2.8,994.1,74.0,0.0,0.0,5.7,0
2025-05-16T02:00+00:00,4115,2.2,994.0,74.0,0.0,0.0,5.8,0
2025-05-16T03:00+00:00,4115,1.8,993.8,76.0,0.0,0.0,5.6,0
2025-05-16T04:00+00:00,4115,2.4,994.0,74.0,0.0,0.4,6.2,28
2025-05-16T05:00+00:00,4115,3.1,993.4,72.0,0.0,0.1,7.1,50
2025-05-16T06:00+00:00,4115,2.8,993.5,70.0,0.0,0.0,8.7,123
2025-05-16T07:00+00:00,4115,3.1,993.4,64.0,0.0,0.2,10.3,295
2025-05-16T08:00+00:00,4115,3.9,993.3,54.0,0.0,0.7,11.8,553
2025-05-16T09:00+00:00,4115,3.6,993.2,52.0,0.0,0.4,12.7,552
2025-05-16T10:00+00:00,4115,3.6,993.0,48.0,0.0,0.4,13.6,535
2025-05-16T11:00+00:00,4115,3.3,992.7,51.0,0.0,0.1,13.7,459
2025-05-16T12:00+00:00,4115,3.0,992.2,51.0,0.0,0.3,14.9,561
2025-05-16T13:00+00:00,4115,3.1,991.8,59.0,0.1,0.3,12.8,372
2025-05-16T14:00+00:00,4115,2.0,990.9,59.0,0.4,0.0,13.6,231
2025-05-16T15:00+00:00,4115,2.7,991.0,58.0,0.0,0.1,13.8,231
2025-05-16T16:00+00:00,4115,4.5,990.9,58.0,0.0,0.3,13.1,195
2025-05-16T17:00+00:00,4115,2.7,990.9,60.0,0.0,0.4,12.1,170
2025-05-16T18:00+00:00,4115,2.6,991.2,66.0,0.0,0.0,10.5,81
2025-05-16T19:00+00:00,4115,2.2,991.2,73.0,0.0,0.0,9.8,3
2025-05-16T20:00+00:00,4115,3.4,991.1,75.0,0.0,0.0,9.8,0
2025-05-16T21:00+00:00,4115,3.5,991.2,78.0,0.1,0.0,9.3,0
2025-05-16T22:00+00:00,4115,3.3,991.2,79.0,0.0,0.0,8.7,0
2025-05-16T23:00+00:00,4115,3.2,991.1,79.0,0.0,0.0,8.5,0
2025-05-17T00:00+00:00,4115,3.3,991.0,78.0,0.0,0.0,8.7,0
2025-05-17T01:00+00:00,4115,3.2,990.9,79.0,0.0,0.0,8.4,0
2025-05-17T02:00+00:00,4115,2.8,990.8,79.0,0.0,0.0,8.3,0
2025-05-17T03:00+00:00,4115,2.3,990.7,79.0,0.1,0.0,8.6,0
2025-05-17T04:00+00:00,4115,2.8,990.7,77.0,0.0,0.0,9.1,8
2025-05-17T05:00+00:00,4115,2.9,991.1,75.0,0.0,0.0,9.5,53
2025-05-17T06:00+00:00,4115,2.8,991.1,74.0,0.0,0.0,9.8,106
2025-05-17T07:00+00:00,4115,2.4,991.2,78.0,0.1,0.0,10.3,131
2025-05-17T08:00+00:00,4115,2.9,991.2,79.0,0.0,0.0,10.2,167
2025-05-17T09:00+00:00,4115,2.4,991.2,80.0,0.4,0.1,12.3,302
2025-05-17T10:00+00:00,4115,3.8,991.1,65.0,0.0,0.2,12.7,562
2025-05-17T11:00+00:00,4115,3.5,990.7,61.0,0.0,0.2,14.0,562
2025-05-17T12:00+00:00,4115,4.1,990.0,61.0,0.0,0.1,15.5,359
2025-05-17T13:00+00:00,4115,3.7,989.6,58.0,0.0,0.2,14.4,374
2025-05-17T14:00+00:00,4115,3.9,988.8,52.0,0.0,0.2,15.8,350
2025-05-17T15:00+00:00,4115,2.9,988.5,55.0,0.0,0.3,14.8,272
2025-05-17T16:00+00:00,4115,3.3,988.4,58.0,0.2,0.2,15.8,174
2025-05-17T17:00+00:00,4115,3.4,988.6,57.0,0.0,0.2,14.6,123
2025-05-17T18:00+00:00,4115,1.8,988.2,62.0,0.0,0.1,13.8,42
2025-05-17T19:00+00:00,4115,1.8,988.6,60.0,0.0,0.0,13.5,4
2025-05-17T20:00+00:00,4115,1.9,988.9,64.0,0.0,0.0,12.9,0
2025-05-17T21:00+00:00,4115,1.9,988.8,57.0,0.0,0.0,13.5,0
2025-05-17T22:00+00:00,4115,2.0,989.2,64.0,0.0,0.0,11.6,0
2025-05-17T23:00+00:00,4115,3.6,990.1,72.0,0.0,0.0,10.4,0
2025-05-18T00:00+00:00,4115,1.3,989.9,77.0,0.0,0.0,9.6,0
2025-05-18T01:00+00:00,4115,0.9,989.6,76.0,0.0,0.0,9.8,0
2025-05-18T02:00+00:00,4115,1.2,989.6,73.0,0.0,0.0,10.0,0
2025-05-18T03:00+00:00,4115,1.2,989.6,72.0,0.0,0.0,10.2,0
2025-05-18T04:00+00:00,4115,1.2,989.8,81.0,0.1,0.0,9.4,0
2025-05-18T05:00+00:00,4115,1.3,990.2,91.0,2.7,0.0,8.4,7
2025-05-18T06:00+00:00,4115,1.8,990.3,91.0,2.3,0.0,8.8,36
2025-05-18T07:00+00:00,4115,2.1,990.7,90.0,1.0,0.0,9.2,76
2025-05-18T08:00+00:00,4115,1.6,991.2,92.0,1.5,0.0,9.4,87
2025-05-18T09:00+00:00,4115,1.7,991.2,87.0,0.5,0.0,10.7,249
2025-05-18T10:00+00:00,4115,2.3,991.3,85.0,0.2,0.2,12.1,444
2025-05-18T11:00+00:00,4115,2.8,991.4,77.0,0.0,0.4,13.7,593
2025-05-18T12:00+00:00,4115,2.8,991.0,66.0,0.1,0.6,14.5,631
2025-05-18T13:00+00:00,4115,3.3,991.2,65.0,0.0,0.5,13.7,517
2025-05-18T14:00+00:00,4115,3.5,991.1,66.0,0.0,0.4,14.7,486
2025-05-18T15:00+00:00,4115,3.6,991.3,85.0,0.2,0.2,11.6,211
2025-05-18T16:00+00:00,4115,2.4,991.1,81.0,0.5,0.0,11.8,133
2025-05-18T17:00+00:00,4115,2.0,991.0,81.0,0.0,0.1,12.0,104
2025-05-18T18:00+00:00,4115,2.4,990.9,82.0,0.0,0.4,11.5,53
2025-05-18T19:00+00:00,4115,2.4,991.2,84.0,0.0,0.0,10.8,7
2025-05-18T20:00+00:00,4115,2.0,991.6,87.0,0.0,0.0,9.7,0
2025-05-18T21:00+00:00,4115,1.4,991.8,81.0,0.0,0.0,10.9,0
2025-05-18T22:00+00:00,4115,2.3,992.2,82.0,0.0,0.0,11.0,0
2025-05-18T23:00+00:00,4115,2.1,992.2,78.0,0.0,0.0,10.9,0
2025-05-19T00:00+00:00,4115,1.7,992.2,76.0,0.0,0.0,10.4,0
2025-05-19T01:00+00:00,4115,0.6,992.4,87.0,0.0,0.0,8.6,0
2025-05-19T02:00+00:00,4115,0.9,992.2,79.0,0.0,0.0,10.1,0
2025-05-19T03:00+00:00,4115,2.0,992.3,73.0,0.0,0.0,10.9,0
2025-05-19T04:00+00:00,4115,2.7,992.7,72.0,0.0,0.0,11.0,5
2025-05-19T05:00+00:00,4115,2.9,993.3,72.0,0.0,0.0,11.3,58
2025-05-19T06:00+00:00,4115,2.7,993.5,69.0,0.0,0.1,12.7,201
2025-05-19T07:00+00:00,4115,2.9,993.7,69.0,0.0,0.1,12.7,298
2025-05-19T08:00+00:00,4115,3.3,994.3,70.0,0.0,0.0,12.8,184
2025-05-19T09:00+00:00,4115,2.7,994.6,71.0,0.0,0.0,13.3,221
2025-05-19T10:00+00:00,4115,2.8,994.8,67.0,0.0,0.0,14.2,173
2025-05-19T11:00+00:00,4115,2.5,994.9,61.0,0.0,0.0,14.9,256
2025-05-19T12:00+00:00,4115,3.6,994.8,61.0,0.0,0.2,15.5,430
2025-05-19T13:00+00:00,4115,2.6,994.5,61.0,0.0,0.0,16.4,269
2025-05-19T14:00+00:00,4115,3.3,994.3,54.0,0.0,0.0,17.6,357
2025-05-19T15:00+00:00,4115,3.9,994.2,49.0,0.0,0.3,18.6,339
2025-05-19T16:00+00:00,4115,4.0,994.4,54.0,0.0,0.4,17.6,284
2025-05-19T17:00+00:00,4115,3.2,994.4,57.0,0.0,0.3,16.9,158
2025-05-19T18:00+00:00,4115,2.4,994.4,59.0,0.0,0.0,15.9,46
2025-05-19T19:00+00:00,4115,2.5,994.7,63.0,0.0,0.0,15.1,4
2025-05-19T20:00+00:00,4115,2.1,995.5,65.0,0.0,0.0,14.2,0
2025-05-19T21:00+00:00,4115,1.6,995.8,62.0,0.0,0.0,14.7,0
2025-05-19T22:00+00:00,4115,2.1,996.0,66.0,0.0,0.0,14.1,0
2025-05-19T23:00+00:00,4115,1.3,996.2,71.0,0.0,0.0,13.3,0
2025-05-20T00:00+00:00,4115,0.4,996.3,77.0,0.0,0.0,12.6,0
2025-05-20T01:00+00:00,4115,0.5,996.0,76.0,0.0,0.0,11.9,0
2025-05-20T02:00+00:00,4115,0.9,996.0,75.0,0.0,0.0,12.2,0
2025-05-20T03:00+00:00,4115,1.1,995.9,77.0,0.0,0.0,12.1,0
2025-05-20T04:00+00:00,4115,0.5,995.6,80.0,0.0,0.0,11.5,8
2025-05-20T05:00+00:00,4115,0.8,995.8,77.0,0.0,0.2,12.3,73
2025-05-20T06:00+00:00,4115,1.8,996.2,71.0,0.0,1.0,14.8,318
2025-05-20T07:00+00:00,4115,2.3,996.3,72.0,0.0,0.1,14.8,249
2025-05-20T08:00+00:00,4115,2.4,996.4,68.0,0.0,0.1,15.3,373
2025-05-20T09:00+00:00,4115,2.0,996.4,68.0,0.0,0.6,16.5,637
2025-05-20T10:00+00:00,4115,2.8,995.8,64.0,0.0,0.8,17.9,703
2025-05-20T11:00+00:00,4115,2.1,995.4,59.0,0.0,1.0,19.0,865
2025-05-20T12:00+00:00,4115,2.1,994.7,57.0,0.0,0.8,19.3,727
2025-05-20T13:00+00:00,4115,2.7,994.4,57.0,0.0,1.0,19.9,832
2025-05-20T14:00+00:00,4115,2.5,993.8,57.0,0.0,1.0,20.5,665
2025-05-20T15:00+00:00,4115,2.6,993.3,53.0,0.0,1.0,20.3,539
2025-05-20T16:00+00:00,4115,2.1,992.7,54.0,0.0,0.9,20.4,375
2025-05-20T17:00+00:00,4115,2.0,993.0,55.0,0.0,1.0,19.5,217
2025-05-20T18:00+00:00,4115,1.6,992.7,64.0,0.0,1.0,17.6,82
2025-05-20T19:00+00:00,4115,1.7,992.9,77.0,0.0,0.0,14.2,7
2025-05-20T20:00+00:00,4115,2.1,992.9,80.0,0.0,0.0,13.4,0
2025-05-20T21:00+00:00,4115,2.0,992.7,79.0,0.0,0.0,13.3,0
2025-05-20T22:00+00:00,4115,1.9,992.7,85.0,0.0,0.0,12.1,0
2025-05-20T23:00+00:00,4115,1.6,992.5,88.0,0.0,0.0,11.2,0
2025-05-21T00:00+00:00,4115,1.0,992.2,93.0,0.0,0.0,9.7,0
2025-05-21T01:00+00:00,4115,1.9,992.0,93.0,0.0,0.0,9.7,0
2025-05-21T02:00+00:00,4115,1.6,991.6,94.0,0.0,0.0,9.1,0
2025-05-21T03:00+00:00,4115,0.9,991.5,95.0,0.0,0.0,9.5,0
2025-05-21T04:00+00:00,4115,1.1,991.4,95.0,0.0,0.0,10.9,26
2025-05-21T05:00+00:00,4115,0.1,991.6,89.0,0.0,0.0,12.0,46
2025-05-21T06:00+00:00,4115,0.2,991.6,81.0,0.0,0.2,14.3,163
2025-05-21T07:00+00:00,4115,0.3,991.5,72.0,0.0,0.3,16.6,280
2025-05-21T08:00+00:00,4115,1.6,991.5,68.0,0.0,0.1,17.2,362
2025-05-21T09:00+00:00,4115,1.3,991.2,62.0,0.0,0.4,18.6,484
2025-05-21T10:00+00:00,4115,1.8,991.0,61.0,0.0,0.9,20.1,729
2025-05-21T11:00+00:00,4115,2.1,990.3,57.0,0.0,1.0,22.0,850
2025-05-21T12:00+00:00,4115,2.5,989.6,53.0,0.0,1.0,22.2,848
2025-05-21T13:00+00:00,4115,2.4,988.9,50.0,0.0,1.0,22.8,806
2025-05-21T14:00+00:00,4115,2.7,988.2,59.0,0.0,0.5,20.7,398
2025-05-21T15:00+00:00,4115,2.0,988.0,58.0,0.0,0.4,22.1,383
2025-05-21T16:00+00:00,4115,2.4,987.7,58.0,0.0,0.0,20.9,189
2025-05-21T17:00+00:00,4115,2.0,987.6,66.0,0.0,0.0,20.1,104
2025-05-21T18:00+00:00,4115,1.5,987.7,72.0,0.0,0.0,19.3,45
2025-05-21T19:00+00:00,4115,2.1,987.8,75.0,0.0,0.0,17.8,5
2025-05-21T20:00+00:00,4115,1.3,987.8,80.0,0.0,0.0,16.4,0
2025-05-21T21:00+00:00,4115,0.3,987.8,88.0,0.0,0.0,13.6,0
2025-05-21T22:00+00:00,4115,0.6,987.7,94.0,0.0,0.0,12.3,0
2025-05-21T23:00+00:00,4115,0.6,987.4,96.0,0.0,0.0,11.7,0
2025-05-22T00:00+00:00,4115,1.2,986.8,97.0,0.0,0.0,11.2,0
2025-05-22T01:00+00:00,4115,0.7,986.5,98.0,0.0,0.0,10.7,0
2025-05-22T02:00+00:00,4115,0.4,986.2,99.0,0.0,0.0,10.6,0
2025-05-22T03:00+00:00,4115,0.9,986.0,100.0,0.0,0.0,10.4,0
2025-05-22T04:00+00:00,4115,1.4,986.3,100.0,0.0,0.0,11.3,36
2025-05-22T05:00+00:00,4115,0.8,986.5,98.0,0.0,0.0,12.7,110
2025-05-22T06:00+00:00,4115,0.6,986.6,76.0,0.0,0.0,15.5,184
2025-05-22T07:00+00:00,4115,2.3,986.8,68.0,0.0,0.4,17.1,338
2025-05-22T08:00+00:00,4115,2.5,986.7,69.0,0.0,0.0,17.2,327
2025-05-22T09:00+00:00,4115,2.2,987.0,71.0,0.0,0.0,16.7,217
2025-05-22T10:00+00:00,4115,2.1,986.8,72.0,0.0,0.0,16.8,165
2025-05-22T11:00+00:00,4115,1.5,986.6,69.0,0.0,0.0,17.1,209
2025-05-22T12:00+00:00,4115,1.8,986.3,66.0,0.0,0.0,17.3,190
2025-05-22T13:00+00:00,4115,2.2,986.2,72.0,0.0,0.0,15.6,119
2025-05-22T14:00+00:00,4115,2.5,986.0,89.0,0.0,0.0,14.0,51
2025-05-22T15:00+00:00,4115,3.2,986.5,94.0,1.1,0.0,12.7,33
2025-05-22T16:00+00:00,4115,2.4,986.7,94.0,0.9,0.0,12.8,51
2025-05-22T17:00+00:00,4115,2.0,987.0,94.0,0.6,0.0,12.8,32
2025-05-22T18:00+00:00,4115,2.1,987.5,92.0,0.4,0.0,12.7,28
2025-05-22T19:00+00:00,4115,3.3,987.9,91.0,0.1,0.0,12.2,3
2025-05-22T20:00+00:00,4115,3.7,988.2,93.0,0.2,0.0,12.0,0
2025-05-22T21:00+00:00,4115,4.0,989.7,92.0,1.1,0.0,10.0,0
2025-05-22T22:00+00:00,4115,3.3,990.5,94.0,0.6,0.0,10.2,0
2025-05-22T23:00+00:00,4115,2.6,990.9,87.0,0.0,0.0,10.1,0
2025-05-23T00:00+00:00,4115,2.3,990.7,86.0,0.0,0.0,10.1,0
2025-05-23T01:00+00:00,4115,2.4,991.0,86.0,0.0,0.0,9.8,0
2025-05-23T02:00+00:00,4115,2.5,991.2,83.0,0.0,0.0,9.8,0
2025-05-23T03:00+00:00,4115,2.8,991.3,84.0,0.0,0.0,9.4,0
2025-05-23T04:00+00:00,4115,3.0,991.6,80.0,0.0,0.0,9.0,13
2025-05-23T05:00+00:00,4115,3.0,992.2,77.0,0.0,0.0,9.2,75
2025-05-23T06:00+00:00,4115,3.1,992.5,70.0,0.0,0.0,9.6,168
2025-05-23T07:00+00:00,4115,3.4,992.6,57.0,0.0,0.7,11.7,355
2025-05-23T08:00+00:00,4115,4.1,992.7,53.0,0.0,0.5,12.6,443
2025-05-23T09:00+00:00,4115,3.9,992.9,51.0,0.0,0.4,13.0,506
2025-05-23T10:00+00:00,4115,4.6,992.7,48.0,0.0,0.9,14.6,755
2025-05-23T11:00+00:00,4115,4.4,992.3,44.0,0.0,0.2,14.9,609
2025-05-23T12:00+00:00,4115,4.7,992.3,47.0,0.0,0.0,14.6,439
2025-05-23T13:00+00:00,4115,3.9,991.9,42.0,0.0,0.1,16.3,515
2025-05-23T14:00+00:00,4115,3.9,991.6,41.0,0.0,0.0,15.6,344
2025-05-23T15:00+00:00,4115,3.7,991.4,39.0,0.0,0.4,17.0,390
2025-05-23T16:00+00:00,4115,3.5,991.3,41.0,0.0,0.3,15.4,276
2025-05-23T17:00+00:00,4115,2.4,991.8,45.0,0.0,0.6,15.2,159
2025-05-23T18:00+00:00,4115,2.1,992.3,47.0,0.0,0.6,14.2,92
2025-05-23T19:00+00:00,4115,1.3,993.0,62.0,0.0,0.1,12.5,13
2025-05-23T20:00+00:00,4115,1.7,993.7,69.0,0.0,0.0,11.5,0
2025-05-23T21:00+00:00,4115,1.6,994.0,71.0,0.0,0.0,10.7,0
2025-05-23T22:00+00:00,4115,1.6,994.4,69.0,0.0,0.0,10.9,0
2025-05-23T23:00+00:00,4115,2.0,994.4,66.0,0.0,0.0,10.6,0
2025-05-24T00:00+00:00,4115,1.8,994.6,70.0,0.0,0.0,9.4,0
2025-05-24T01:00+00:00,4115,2.4,994.3,65.0,0.0,0.0,9.4,0
2025-05-24T02:00+00:00,4115,2.2,994.2,69.0,0.0,0.0,8.6,0
2025-05-24T03:00+00:00,4115,2.2,994.4,75.0,0.0,0.0,8.6,0
2025-05-24T04:00+00:00,4115,2.2,994.7,74.0,0.0,0.4,8.8,33
2025-05-24T05:00+00:00,4115,2.5,995.2,68.0,0.0,1.0,10.3,182
2025-05-24T06:00+00:00,4115,3.0,995.5,59.0,0.0,1.0,12.3,448
2025-05-24T07:00+00:00,4115,2.5,995.9,55.0,0.0,1.0,13.6,523
2025-05-24T08:00+00:00,4115,3.1,996.0,50.0,0.0,1.0,14.5,662
2025-05-24T09:00+00:00,4115,2.1,996.0,47.0,0.0,1.0,15.5,771
2025-05-24T10:00+00:00,4115,2.4,995.8,40.0,0.0,1.0,17.0,902
2025-05-24T11:00+00:00,4115,2.5,996.0,41.0,0.0,0.1,15.3,398
2025-05-24T12:00+00:00,4115,2.5,995.5,36.0,0.0,0.8,17.6,797
2025-05-24T13:00+00:00,4115,2.1,995.5,34.0,0.0,0.5,18.0,652
2025-05-24T14:00+00:00,4115,2.0,995.5,35.0,0.0,0.6,17.2,579
2025-05-24T15:00+00:00,4115,2.6,995.4,36.0,0.0,0.1,16.3,242
2025-05-24T16:00+00:00,4115,1.4,994.9,35.0,0.0,0.7,17.0,375
2025-05-24T17:00+00:00,4115,1.5,995.1,44.0,0.0,0.1,15.7,96
2025-05-24T18:00+00:00,4115,1.4,995.4,47.0,0.0,0.4,14.6,87
2025-05-24T19:00+00:00,4115,1.2,995.5,59.0,0.0,0.0,11.6,5
2025-05-24T20:00+00:00,4115,1.0,995.9,70.0,0.0,0.0,8.7,0
2025-05-24T21:00+00:00,4115,0.5,995.8,73.0,0.0,0.0,7.8,0
2025-05-24T22:00+00:00,4115,0.2,995.7,71.0,0.0,0.0,8.0,0
2025-05-24T23:00+00:00,4115,0.2,995.6,76.0,0.0,0.0,7.1,0
2025-05-25T00:00+00:00,4115,0.3,995.5,67.0,0.0,0.0,8.9,0
2025-05-25T01:00+00:00,4115,0.4,995.3,74.0,0.0,0.0,7.8,0
2025-05-25T02:00+00:00,4115,0.9,995.2,81.0,0.0,0.0,6.5,0
2025-05-25T03:00+00:00,4115,1.0,995.3,87.0,0.0,0.0,5.0,0
2025-05-25T04:00+00:00,4115,0.8,995.4,87.0,0.0,0.6,6.1,38
2025-05-25T05:00+00:00,4115,0.3,995.3,79.0,0.0,1.0,8.2,173
2025-05-25T06:00+00:00,4115,0.5,995.2,66.0,0.0,1.0,12.1,331
2025-05-25T07:00+00:00,4115,0.9,994.9,58.0,0.0,1.0,14.0,500
2025-05-25T08:00+00:00,4115,1.2,994.6,45.0,0.0,1.0,16.8,639
2025-05-25T09:00+00:00,4115,1.4,994.1,35.0,0.0,1.0,18.3,775
2025-05-25T10:00+00:00,4115,2.2,993.4,32.0,0.0,1.0,18.9,855
2025-05-25T11:00+00:00,4115,2.7,992.9,36.0,0.0,0.9,19.0,854
2025-05-25T12:00+00:00,4115,3.1,992.6,38.0,0.0,0.8,19.6,805
2025-05-25T13:00+00:00,4115,4.6,992.3,47.0,0.0,0.5,18.4,544
2025-05-25T14:00+00:00,4115,4.2,992.2,51.0,0.0,0.3,17.5,348
2025-05-25T15:00+00:00,4115,4.3,992.3,64.0,0.0,0.0,15.5,156
2025-05-25T16:00+00:00,4115,4.4,992.4,69.0,0.0,0.0,14.5,85
2025-05-25T17:00+00:00,4115,3.9,992.5,69.0,0.0,0.0,14.7,45
2025-05-25T18:00+00:00,4115,3.7,992.5,74.0,0.0,0.0,14.2,19
2025-05-25T19:00+00:00,4115,3.6,992.7,85.0,0.0,0.0,13.2,2
2025-05-25T20:00+00:00,4115,3.0,992.9,92.0,0.5,0.0,12.8,0
2025-05-25T21:00+00:00,4115,2.7,992.6,91.0,0.3,0.0,13.1,0
2025-05-25T22:00+00:00,4115,3.1,992.6,93.0,0.4,0.0,13.1,0
2025-05-25T23:00+00:00,4115,2.8,992.3,94.0,0.6,0.0,13.2,0
2025-05-26T00:00+00:00,4115,2.3,991.8,95.0,1.1,0.0,13.3,0
2025-05-26T01:00+00:00,4115,2.6,991.5,93.0,0.3,0.0,13.4,0
2025-05-26T02:00+00:00,4115,2.2,991.5,91.0,0.0,0.0,13.7,0
2025-05-26T03:00+00:00,4115,2.2,991.6,89.0,0.0,0.0,14.0,0
2025-05-26T04:00+00:00,4115,2.0,992.0,89.0,0.0,0.0,13.8,8
2025-05-26T05:00+00:00,4115,2.0,992.3,86.0,0.0,0.0,14.6,79
2025-05-26T06:00+00:00,4115,2.6,992.6,84.0,0.0,0.0,15.1,155
2025-05-26T07:00+00:00,4115,2.9,992.7,81.0,0.0,0.0,15.9,202
2025-05-26T08:00+00:00,4115,4.0,993.3,88.0,0.0,0.1,15.2,206
2025-05-26T09:00+00:00,4115,3.4,993.2,78.0,0.2,0.5,17.6,510
2025-05-26T10:00+00:00,4115,3.2,992.7,69.0,0.0,0.9,19.8,712
2025-05-26T11:00+00:00,4115,3.2,992.7,74.0,0.2,0.4,18.7,408
2025-05-26T12:00+00:00,4115,3.3,992.2,63.0,0.0,0.6,20.3,561
2025-05-26T13:00+00:00,4115,3.6,992.1,57.0,0.0,0.8,22.3,712
2025-05-26T14:00+00:00,4115,4.3,992.3,66.0,0.1,0.6,18.9,505
2025-05-26T15:00+00:00,4115,3.3,992.1,53.0,0.0,0.7,22.3,482
2025-05-26T16:00+00:00,4115,3.7,992.9,56.0,0.0,0.6,20.6,300
2025-05-26T17:00+00:00,4115,2.2,993.4,72.0,0.0,0.2,18.2,123
2025-05-26T18:00+00:00,4115,2.1,993.8,82.0,1.8,0.0,14.5,19
2025-05-26T19:00+00:00,4115,2.9,995.2,96.0,7.4,0.0,13.6,0
2025-05-26T20:00+00:00,4115,1.3,995.9,97.0,1.0,0.0,13.4,0
2025-05-26T21:00+00:00,4115,2.7,996.2,86.0,0.0,0.0,13.8,0
2025-05-26T22:00+00:00,4115,1.8,996.3,86.0,0.0,0.0,13.2,0
2025-05-26T23:00+00:00,4115,2.0,996.5,86.0,0.0,0.0,13.5,0
2025-05-27T00:00+00:00,4115,3.0,996.5,83.0,0.0,0.0,14.1,0
2025-05-27T01:00+00:00,4115,3.1,996.4,85.0,0.0,0.0,13.8,0
2025-05-27T02:00+00:00,4115,3.5,996.5,85.0,0.0,0.0,13.6,0
2025-05-27T03:00+00:00,4115,2.5,996.7,78.0,0.0,0.0,13.3,0
2025-05-27T04:00+00:00,4115,2.5,997.1,78.0,0.0,0.0,13.1,19
2025-05-27T05:00+00:00,4115,2.4,997.4,75.0,0.0,0.7,14.7,143
2025-05-27T06:00+00:00,4115,2.7,997.7,67.0,0.0,0.8,15.8,289
2025-05-27T07:00+00:00,4115,3.3,998.0,61.0,0.0,1.0,16.8,497
2025-05-27T08:00+00:00,4115,3.3,998.1,59.0,0.0,1.0,17.6,595
2025-05-27T09:00+00:00,4115,2.3,998.0,60.0,0.0,0.8,18.0,624
2025-05-27T10:00+00:00,4115,1.8,997.7,55.0,0.0,0.3,20.1,475
2025-05-27T11:00+00:00,4115,2.3,997.5,55.0,0.0,0.7,19.6,704
2025-05-27T12:00+00:00,4115,2.7,997.0,49.0,0.0,0.3,20.7,522
2025-05-27T13:00+00:00,4115,2.2,996.6,48.0,0.0,0.6,21.2,620
2025-05-27T14:00+00:00,4115,1.8,996.5,52.0,0.0,0.0,20.2,172
2025-05-27T15:00+00:00,4115,2.3,996.2,49.0,0.0,0.4,20.6,383
2025-05-27T16:00+00:00,4115,1.7,996.0,47.0,0.0,0.4,21.7,299
2025-05-27T17:00+00:00,4115,1.6,996.2,54.0,0.0,0.3,19.9,142
2025-05-27T18:00+00:00,4115,1.5,996.4,49.0,0.0,0.7,18.5,86
2025-05-27T19:00+00:00,4115,1.7,996.7,59.0,0.0,0.1,15.6,12
2025-05-27T20:00+00:00,4115,2.2,997.4,58.0,0.0,0.0,16.6,0
2025-05-27T21:00+00:00,4115,2.7,997.7,63.0,0.0,0.0,16.3,0
2025-05-27T22:00+00:00,4115,2.3,997.7,66.0,0.0,0.0,15.5,0
2025-05-27T23:00+00:00,4115,2.5,997.5,68.0,0.0,0.0,15.3,0
2025-05-28T00:00+00:00,4115,2.5,997.1,69.0,0.0,0.0,15.1,0
2025-05-28T01:00+00:00,4115,2.9,997.0,67.0,0.0,0.0,15.9,0
2025-05-28T02:00+00:00,4115,2.3,996.4,69.0,0.0,0.0,15.6,0
2025-05-28T03:00+00:00,4115,1.9,996.0,72.0,0.0,0.0,14.7,0
2025-05-28T04:00+00:00,4115,1.8,995.8,72.0,0.0,0.0,14.9,18
2025-05-28T05:00+00:00,4115,2.1,995.8,68.0,0.0,0.0,16.3,95
2025-05-28T06:00+00:00,4115,2.8,995.8,66.0,0.0,0.3,16.6,215
2025-05-28T07:00+00:00,4115,3.3,995.7,57.0,0.0,0.8,18.7,437
2025-05-28T08:00+00:00,4115,2.9,995.5,55.0,0.0,0.1,19.3,393
2025-05-28T09:00+00:00,4115,2.5,994.9,57.0,0.0,0.0,19.4,257
2025-05-28T10:00+00:00,4115,3.3,994.4,53.0,0.0,0.0,19.8,343
2025-05-28T11:00+00:00,4115,4.4,994.0,55.0,0.0,0.1,19.7,335
2025-05-28T12:00+00:00,4115,5.4,993.6,68.0,0.0,0.0,18.7,350
2025-05-28T13:00+00:00,4115,4.3,992.9,63.0,0.0,0.0,19.1,300
2025-05-28T14:00+00:00,4115,5.0,992.2,59.0,0.0,0.0,19.5,264
2025-05-28T15:00+00:00,4115,5.2,991.3,60.0,0.0,0.0,19.1,177
2025-05-28T16:00+00:00,4115,4.1,991.9,60.0,0.0,0.0,18.9,137
2025-05-28T17:00+00:00,4115,2.4,991.9,71.0,0.1,0.0,17.7,98
2025-05-28T18:00+00:00,4115,3.3,991.9,74.0,0.0,0.0,17.1,33
2025-05-28T19:00+00:00,4115,3.5,992.0,78.0,0.0,0.0,16.4,7
2025-05-28T20:00+00:00,4115,3.7,992.2,77.0,0.0,0.0,16.3,0
2025-05-28T21:00+00:00,4115,2.9,993.0,87.0,2.9,0.0,14.0,0
2025-05-28T22:00+00:00,4115,2.7,992.7,87.0,0.2,0.0,13.0,0
2025-05-28T23:00+00:00,4115,2.8,992.5,84.0,0.0,0.0,13.0,0
2025-05-29T00:00+00:00,4115,3.2,992.5,82.0,0.1,0.0,13.2,0
2025-05-29T01:00+00:00,4115,4.0,992.5,82.0,0.0,0.0,13.3,0
2025-05-29T02:00+00:00,4115,3.8,993.0,80.0,0.0,0.0,13.4,0
2025-05-29T03:00+00:00,4115,3.8,993.4,81.0,0.0,0.0,13.3,0
2025-05-29T04:00+00:00,4115,3.2,994.1,84.0,0.0,0.0,13.2,8
2025-05-29T05:00+00:00,4115,3.1,994.7,83.0,0.3,0.0,13.6,41
2025-05-29T06:00+00:00,4115,2.9,995.4,79.0,0.0,0.0,14.1,84
2025-05-29T07:00+00:00,4115,2.8,995.7,75.0,0.0,0.0,15.1,131
2025-05-29T08:00+00:00,4115,3.0,996.3,76.0,0.0,0.1,15.4,246
2025-05-29T09:00+00:00,4115,3.1,996.7,86.0,0.3,0.1,14.1,324
2025-05-29T10:00+00:00,4115,3.1,997.1,69.0,0.0,0.4,17.2,593
2025-05-29T11:00+00:00,4115,3.7,997.1,59.0,0.0,0.4,17.6,573
2025-05-29T12:00+00:00,4115,5.5,997.1,45.0,0.0,0.7,19.0,725
2025-05-29T13:00+00:00,4115,5.8,997.6,48.0,0.0,0.4,18.3,568
2025-05-29T14:00+00:00,4115,6.2,997.7,50.0,0.0,1.0,18.8,735
2025-05-29T15:00+00:00,4115,5.8,997.7,46.0,0.0,1.0,18.7,582
2025-05-29T16:00+00:00,4115,4.6,997.9,46.0,0.0,0.9,19.3,423
2025-05-29T17:00+00:00,4115,3.6,998.1,47.0,0.0,0.9,18.0,243
2025-05-29T18:00+00:00,4115,2.7,998.6,51.0,0.0,0.6,16.9,92
2025-05-29T19:00+00:00,4115,1.8,999.0,57.0,0.0,0.0,15.1,12
2025-05-29T20:00+00:00,4115,2.1,999.6,58.0,0.0,0.0,14.8,0
2025-05-29T21:00+00:00,4115,2.5,999.9,65.0,0.0,0.0,13.5,0
2025-05-29T22:00+00:00,4115,2.5,999.9,68.0,0.0,0.0,13.1,0
2025-05-29T23:00+00:00,4115,2.6,999.7,68.0,0.0,0.0,13.2,0
2025-05-30T00:00+00:00,4115,1.5,999.9,74.0,0.0,0.0,12.2,0
2025-05-30T01:00+00:00,4115,2.0,999.8,74.0,0.0,0.0,13.0,0
2025-05-30T02:00+00:00,4115,2.0,999.6,77.0,0.0,0.0,13.3,0
2025-05-30T03:00+00:00,4115,2.1,999.9,74.0,0.0,0.0,14.1,0
2025-05-30T04:00+00:00,4115,2.4,1000.0,77.0,0.0,0.0,14.4,8
2025-05-30T05:00+00:00,4115,2.8,1000.3,83.0,0.0,0.0,14.0,55
2025-05-30T06:00+00:00,4115,2.7,1000.4,94.0,0.1,0.0,13.2,73
2025-05-30T07:00+00:00,4115,1.9,1000.3,92.0,0.1,0.0,14.1,160
2025-05-30T08:00+00:00,4115,1.5,1000.2,90.0,0.2,0.0,15.1,190
2025-05-30T09:00+00:00,4115,1.7,1000.2,87.0,0.0,0.0,15.2,137
2025-05-30T10:00+00:00,4115,1.1,1000.0,83.0,0.0,0.0,16.6,191
2025-05-30T11:00+00:00,4115,0.9,999.7,82.0,0.0,0.0,17.7,193
2025-05-30T12:00+00:00,4115,1.9,999.3,79.0,0.0,0.0,18.5,347
2025-05-30T13:00+00:00,4115,1.8,999.1,72.0,0.0,0.0,19.9,288
2025-05-30T14:00+00:00,4115,1.5,999.0,66.0,0.0,0.0,21.2,351
2025-05-30T15:00+00:00,4115,1.2,998.8,63.0,0.0,0.1,21.7,332
2025-05-30T16:00+00:00,4115,0.8,998.6,61.0,0.0,0.4,22.5,330
2025-05-30T17:00+00:00,4115,0.8,998.4,62.0,0.0,0.6,22.4,210
2025-05-30T18:00+00:00,4115,0.6,998.4,68.0,0.0,0.9,21.2,97
2025-05-30T19:00+00:00,4115,0.4,998.5,84.0,0.0,0.2,17.8,13
2025-05-30T20:00+00:00,4115,0.6,998.7,91.0,0.0,0.0,15.3,0
2025-05-30T21:00+00:00,4115,1.0,998.6,88.0,0.0,0.0,16.6,0
2025-05-30T22:00+00:00,4115,0.5,998.4,94.0,0.0,0.0,14.7,0
2025-05-30T23:00+00:00,4115,0.3,998.5,83.0,0.0,0.0,16.2,0
2025-05-31T00:00+00:00,4115,0.7,998.4,91.0,0.0,0.0,14.3,0
2025-05-31T01:00+00:00,4115,1.3,998.5,95.0,0.0,0.0,12.9,0
2025-05-31T02:00+00:00,4115,1.5,998.5,98.0,0.0,0.0,12.8,0
2025-05-31T03:00+00:00,4115,1.1,998.6,98.0,0.0,0.0,11.7,0
2025-05-31T04:00+00:00,4115,0.2,999.0,99.0,0.0,0.0,12.7,18
2025-05-31T05:00+00:00,4115,0.5,999.1,94.0,0.0,0.6,14.2,143
2025-05-31T06:00+00:00,4115,0.6,998.9,81.0,0.0,1.0,17.6,316
2025-05-31T07:00+00:00,4115,0.6,999.1,68.0,0.0,1.0,21.6,485
2025-05-31T08:00+00:00,4115,0.7,998.8,63.0,0.0,1.0,23.8,623
2025-05-31T09:00+00:00,4115,1.1,998.7,53.0,0.0,1.0,24.9,744
2025-05-31T10:00+00:00,4115,1.2,998.4,48.0,0.0,1.0,26.1,822
2025-05-31T11:00+00:00,4115,1.4,997.9,45.0,0.0,1.0,27.1,859
2025-05-31T12:00+00:00,4115,0.9,997.5,42.0,0.0,1.0,28.0,847
2025-05-31T13:00+00:00,4115,1.1,996.9,40.0,0.0,1.0,27.9,793
2025-05-31T14:00+00:00,4115,0.5,996.5,36.0,0.0,1.0,29.1,690
2025-05-31T15:00+00:00,4115,0.9,995.8,36.0,0.0,1.0,29.1,540
2025-05-31T16:00+00:00,4115,1.3,995.7,39.0,0.0,1.0,28.7,383
2025-05-31T17:00+00:00,4115,1.7,995.6,47.0,0.0,1.0,27.8,228
2025-05-31T18:00+00:00,4115,2.1,995.7,54.0,0.0,0.1,25.1,38
2025-05-31T19:00+00:00,4115,0.6,995.6,59.0,0.0,0.0,23.2,13
2025-05-31T20:00+00:00,4115,0.7,996.5,67.0,0.0,0.0,21.3,0
2025-05-31T21:00+00:00,4115,3.7,996.6,69.0,0.0,0.0,20.3,0
2025-05-31T22:00+00:00,4115,3.3,996.7,76.0,0.0,0.0,18.6,0
2025-05-31T23:00+00:00,4115,1.0,996.3,87.0,0.0,0.0,16.0,0
2025-06-01T00:00+00:00,4115,0.6,995.7,92.0,0.0,0.0,14.9,0
2025-06-01T01:00+00:00,4115,0.7,995.4,92.0,0.0,0.0,14.4,0
2025-06-01T02:00+00:00,4115,0.3,995.1,94.0,0.0,0.0,14.0,0
2025-06-01T03:00+00:00,4115,0.2,995.3,95.0,0.0,0.0,13.4,0
2025-06-01T04:00+00:00,4115,0.4,995.5,96.0,0.0,0.1,14.3,29
2025-06-01T05:00+00:00,4115,1.1,995.6,82.0,0.0,0.9,17.7,169
2025-06-01T06:00+00:00,4115,0.9,995.5,77.0,0.0,1.0,19.1,294
2025-06-01T07:00+00:00,4115,1.1,995.2,69.0,0.0,1.0,21.9,483
2025-06-01T08:00+00:00,4115,1.4,994.9,66.0,0.0,0.9,23.1,497
2025-06-01T09:00+00:00,4115,1.1,994.7,61.0,0.0,0.6,25.1,631
2025-06-01T10:00+00:00,4115,1.2,994.8,55.0,0.0,1.0,26.0,799
2025-06-01T11:00+00:00,4115,1.0,994.4,55.0,0.0,1.0,27.3,833
2025-06-01T12:00+00:00,4115,0.9,993.7,51.0,0.0,1.0,28.3,813
2025-06-01T13:00+00:00,4115,1.5,993.3,48.0,0.0,1.0,29.3,770
2025-06-01T14:00+00:00,4115,1.2,992.4,50.0,0.0,0.8,28.2,571
2025-06-01T15:00+00:00,4115,0.9,992.2,54.0,0.0,0.1,28.2,164
2025-06-01T16:00+00:00,4115,2.6,993.7,46.0,0.0,0.2,24.0,156
2025-06-01T17:00+00:00,4115,1.5,992.9,89.0,3.6,0.0,18.8,25
2025-06-01T18:00+00:00,4115,0.6,992.5,89.0,0.0,0.1,18.8,55
2025-06-01T19:00+00:00,4115,0.7,992.4,93.0,0.0,0.0,18.3,8
2025-06-01T20:00+00:00,4115,1.1,992.7,89.0,0.0,0.0,18.4,0
2025-06-01T21:00+00:00,4115,0.6,993.3,92.0,0.0,0.0,17.0,0
2025-06-01T22:00+00:00,4115,1.1,993.0,94.0,0.0,0.0,16.4,0
2025-06-01T23:00+00:00,4115,1.2,993.0,90.0,0.0,0.0,17.0,0
2025-06-02T00:00+00:00,4115,0.9,993.1,90.0,0.0,0.0,16.3,0
2025-06-02T01:00+00:00,4115,0.8,993.3,91.0,0.0,0.0,16.2,0
2025-06-02T02:00+00:00,4115,0.1,993.0,95.0,0.0,0.0,14.8,0
2025-06-02T03:00+00:00,4115,0.6,993.1,94.0,0.0,0.0,15.5,0
2025-06-02T04:00+00:00,4115,0.4,993.3,95.0,0.0,0.4,15.9,41
2025-06-02T05:00+00:00,4115,0.3,993.8,86.0,0.0,0.5,18.6,150
2025-06-02T06:00+00:00,4115,0.4,994.2,87.0,0.0,0.0,19.5,130
2025-06-02T07:00+00:00,4115,0.6,994.3,79.0,0.0,0.0,21.1,253
2025-06-02T08:00+00:00,4115,0.9,994.6,75.0,0.0,0.0,21.6,236
2025-06-02T09:00+00:00,4115,0.9,994.8,70.0,0.0,0.1,22.9,407
2025-06-02T10:00+00:00,4115,0.2,994.2,61.0,0.0,0.9,26.3,783
2025-06-02T11:00+00:00,4115,1.9,993.7,47.0,0.0,1.0,27.5,846
2025-06-02T12:00+00:00,4115,2.7,993.3,51.0,0.0,0.5,26.9,646
2025-06-02T13:00+00:00,4115,1.7,993.1,51.0,0.0,1.0,28.1,704
2025-06-02T14:00+00:00,4115,1.9,992.3,45.0,0.0,1.0,28.4,688
2025-06-02T15:00+00:00,4115,0.5,991.6,49.0,0.0,0.2,27.7,280
2025-06-02T16:00+00:00,4115,2.8,991.4,56.0,0.0,0.0,25.8,147
2025-06-02T17:00+00:00,4115,1.7,992.2,69.0,0.0,0.0,22.3,59
2025-06-02T18:00+00:00,4115,3.5,993.4,91.0,1.6,0.0,19.0,7
2025-06-02T19:00+00:00,4115,3.3,994.1,95.0,2.0,0.0,18.6,0
2025-06-02T20:00+00:00,4115,0.8,994.2,94.0,1.8,0.0,18.1,0
2025-06-02T21:00+00:00,4115,0.8,994.4,97.0,0.1,0.0,17.5,0
2025-06-02T22:00+00:00,4115,0.7,994.1,96.0,1.1,0.0,17.1,0
2025-06-02T23:00+00:00,4115,1.0,993.8,97.0,0.0,0.0,16.9,0
2025-06-03T00:00+00:00,4115,0.2,993.7,98.0,0.0,0.0,16.9,0
2025-06-03T01:00+00:00,4115,0.9,993.6,96.0,0.2,0.0,16.8,0
2025-06-03T02:00+00:00,4115,1.3,993.7,95.0,0.1,0.0,16.6,0
2025-06-03T03:00+00:00,4115,1.5,993.7,93.0,0.0,0.0,16.6,0
2025-06-03T04:00+00:00,4115,2.0,993.7,91.0,0.0,0.0,17.0,26
2025-06-03T05:00+00:00,4115,2.7,994.0,94.0,0.7,0.0,16.9,26
2025-06-03T06:00+00:00,4115,2.9,994.4,95.0,1.4,0.0,17.0,59
2025-06-03T07:00+00:00,4115,2.5,994.5,95.0,1.2,0.0,17.4,102
2025-06-03T08:00+00:00,4115,1.6,994.9,92.0,0.2,0.0,18.0,169
2025-06-03T09:00+00:00,4115,1.5,995.2,84.0,0.0,0.0,18.9,300
2025-06-03T10:00+00:00,4115,1.2,995.2,83.0,0.0,0.0,19.5,293
2025-06-03T11:00+00:00,4115,1.4,995.1,79.0,0.0,0.3,21.5,480
2025-06-03T12:00+00:00,4115,1.6,994.5,67.0,0.0,0.8,22.4,735
2025-06-03T13:00+00:00,4115,1.3,994.4,61.0,0.0,0.9,24.0,732
2025-06-03T14:00+00:00,4115,0.6,993.8,56.0,0.0,0.7,25.2,568
2025-06-03T15:00+00:00,4115,1.0,993.7,51.0,0.0,1.0,24.9,572
2025-06-03T16:00+00:00,4115,1.7,993.2,54.0,0.0,1.0,24.6,372
2025-06-03T17:00+00:00,4115,1.9,993.1,61.0,0.0,1.0,24.2,235
2025-06-03T18:00+00:00,4115,2.5,993.4,67.0,0.0,0.6,22.2,95
2025-06-03T19:00+00:00,4115,2.1,993.3,75.0,0.0,0.0,20.5,13
2025-06-03T20:00+00:00,4115,1.5,993.5,79.0,0.0,0.0,19.6,0
2025-06-03T21:00+00:00,4115,1.1,993.7,84.0,0.0,0.0,18.6,0
2025-06-03T22:00+00:00,4115,1.1,993.5,91.0,0.0,0.0,17.1,0
2025-06-03T23:00+00:00,4115,0.9,993.5,94.0,0.0,0.0,16.0,0
2025-06-04T00:00+00:00,4115,1.4,993.5,95.0,0.0,0.0,15.2,0
2025-06-04T01:00+00:00,4115,1.8,993.3,97.0,0.0,0.0,15.2,0
2025-06-04T02:00+00:00,4115,1.6,993.1,98.0,0.0,0.0,15.6,0
2025-06-04T03:00+00:00,4115,1.4,992.7,98.0,0.0,0.0,14.8,0
2025-06-04T04:00+00:00,4115,0.9,993.3,98.0,0.0,0.1,15.5,33
2025-06-04T05:00+00:00,4115,0.8,993.1,96.0,0.0,0.2,17.1,103
2025-06-04T06:00+00:00,4115,1.5,993.3,96.0,0.0,0.0,17.0,104
2025-06-04T07:00+00:00,4115,1.8,993.3,93.0,0.0,0.0,17.9,145
2025-06-04T08:00+00:00,4115,1.8,993.0,89.0,0.0,0.0,19.1,210
2025-06-04T09:00+00:00,4115,1.9,992.5,83.0,0.0,0.1,21.0,326
2025-06-04T10:00+00:00,4115,2.8,992.0,75.0,0.0,0.6,23.4,692
2025-06-04T11:00+00:00,4115,3.2,991.3,67.0,0.0,0.9,25.2,806
2025-06-04T12:00+00:00,4115,3.3,990.7,61.0,0.0,0.9,26.6,759
2025-06-04T13:00+00:00,4115,2.8,990.1,58.0,0.0,1.0,27.7,680
2025-06-04T14:00+00:00,4115,2.9,989.5,55.0,0.0,1.0,28.5,616
2025-06-04T15:00+00:00,4115,3.0,988.7,55.0,0.0,1.0,28.6,461
2025-06-04T16:00+00:00,4115,2.7,987.9,53.0,0.0,1.0,29.3,382
2025-06-04T17:00+00:00,4115,2.4,987.5,49.0,0.0,0.9,28.6,202
2025-06-04T18:00+00:00,4115,2.4,987.3,52.0,0.0,0.8,27.0,97
2025-06-04T19:00+00:00,4115,2.1,987.1,54.0,0.0,0.0,24.9,12
2025-06-04T20:00+00:00,4115,2.8,986.7,49.0,0.0,0.0,24.8,0
2025-06-04T21:00+00:00,4115,4.5,986.4,49.0,0.0,0.0,24.1,0
2025-06-04T22:00+00:00,4115,4.1,986.4,46.0,0.0,0.0,24.0,0
2025-06-04T23:00+00:00,4115,1.3,987.0,52.0,0.0,0.0,22.4,0
2025-06-05T00:00+00:00,4115,2.1,989.5,60.0,0.0,0.0,22.6,0
2025-06-05T01:00+00:00,4115,2.7,990.7,58.0,0.0,0.0,21.3,0
2025-06-05T02:00+00:00,4115,3.8,991.1,67.0,0.0,0.0,19.7,0
2025-06-05T03:00+00:00,4115,3.0,991.6,69.0,0.0,0.0,18.9,0
2025-06-05T04:00+00:00,4115,3.2,992.2,67.0,0.0,0.0,19.3,42
2025-06-05T05:00+00:00,4115,2.9,992.6,63.0,0.0,1.0,20.1,153
2025-06-05T06:00+00:00,4115,2.9,993.0,61.0,0.0,1.0,21.1,300
2025-06-05T07:00+00:00,4115,3.2,993.3,58.0,0.0,1.0,22.8,470
2025-06-05T08:00+00:00,4115,2.1,992.9,56.0,0.0,1.0,23.6,610
2025-06-05T09:00+00:00,4115,2.0,992.9,52.0,0.0,1.0,25.1,737
2025-06-05T10:00+00:00,4115,0.9,992.6,47.0,0.0,1.0,25.8,806
2025-06-05T11:00+00:00,4115,0.9,992.2,48.0,0.0,0.9,27.1,783
2025-06-05T12:00+00:00,4115,2.6,991.4,47.0,0.0,1.0,27.5,800
2025-06-05T13:00+00:00,4115,2.9,990.9,51.0,0.0,0.8,27.3,657
2025-06-05T14:00+00:00,4115,2.4,990.0,53.0,0.0,0.3,28.1,367
2025-06-05T15:00+00:00,4115,2.4,989.0,52.0,0.0,0.6,27.7,409
2025-06-05T16:00+00:00,4115,3.8,987.9,54.0,0.0,1.0,27.9,348
2025-06-05T17:00+00:00,4115,3.6,989.1,58.0,0.0,1.0,25.7,198
2025-06-05T18:00+00:00,4115,4.6,990.4,66.0,0.0,0.6,22.1,93
2025-06-05T19:00+00:00,4115,2.9,991.6,76.0,0.0,0.0,20.2,12
2025-06-05T20:00+00:00,4115,1.8,992.5,80.0,0.0,0.0,19.0,0
2025-06-05T21:00+00:00,4115,1.6,992.9,83.0,0.0,0.0,18.5,0
2025-06-05T22:00+00:00,4115,1.4,993.3,84.0,0.0,0.0,18.4,0
2025-06-05T23:00+00:00,4115,1.3,992.9,82.0,0.0,0.0,18.0,0
2025-06-06T00:00+00:00,4115,0.2,992.7,91.0,0.0,0.0,16.1,0
2025-06-06T01:00+00:00,4115,1.3,992.7,85.0,0.0,0.0,16.5,0
2025-06-06T02:00+00:00,4115,0.4,992.7,92.0,0.0,0.0,14.2,0
2025-06-06T03:00+00:00,4115,0.5,992.7,94.0,0.0,0.0,13.9,0
2025-06-06T04:00+00:00,4115,0.3,993.1,92.0,0.0,0.2,14.8,35
2025-06-06T05:00+00:00,4115,0.2,993.3,80.0,0.0,1.0,18.3,161
2025-06-06T06:00+00:00,4115,0.7,993.3,69.0,0.0,1.0,20.8,302
2025-06-06T07:00+00:00,4115,0.6,993.4,68.0,0.0,1.0,23.1,457
2025-06-06T08:00+00:00,4115,1.4,993.3,55.0,0.0,1.0,24.3,607
2025-06-06T09:00+00:00,4115,2.0,993.3,50.0,0.0,1.0,25.6,729
2025-06-06T10:00+00:00,4115,1.7,993.3,50.0,0.0,1.0,27.0,814
2025-06-06T11:00+00:00,4115,1.6,993.1,40.0,0.0,1.0,27.0,845
2025-06-06T12:00+00:00,4115,0.7,992.4,42.0,0.0,1.0,28.2,832
2025-06-06T13:00+00:00,4115,1.7,992.2,42.0,0.0,1.0,28.3,776
2025-06-06T14:00+00:00,4115,2.4,991.8,43.0,0.0,1.0,28.4,677
2025-06-06T15:00+00:00,4115,2.0,991.4,44.0,0.0,1.0,29.1,548
2025-06-06T16:00+00:00,4115,1.9,990.9,47.0,0.0,1.0,28.7,395
2025-06-06T17:00+00:00,4115,1.6,991.2,49.0,0.0,1.0,28.0,231
2025-06-06T18:00+00:00,4115,1.3,991.2,57.0,0.0,0.5,25.5,83
2025-06-06T19:00+00:00,4115,1.3,991.5,69.0,0.0,0.0,23.0,11
2025-06-06T20:00+00:00,4115,2.8,992.1,63.0,0.0,0.0,23.6,0
2025-06-06T21:00+00:00,4115,0.5,992.2,71.0,0.0,0.0,22.3,0
2025-06-06T22:00+00:00,4115,1.7,992.5,72.0,0.0,0.0,22.5,0
2025-06-06T23:00+00:00,4115,4.3,993.0,66.0,0.0,0.0,21.2,0
2025-06-07T00:00+00:00,4115,4.2,992.9,69.0,0.0,0.0,20.1,0
2025-06-07T01:00+00:00,4115,2.1,993.1,74.0,0.0,0.0,19.0,0
2025-06-07T02:00+00:00,4115,0.9,992.7,84.0,0.0,0.0,17.3,0
2025-06-07T03:00+00:00,4115,0.7,992.9,81.0,0.0,0.0,17.8,0
2025-06-07T04:00+00:00,4115,1.0,993.0,80.0,0.0,0.0,18.7,20
2025-06-07T05:00+00:00,4115,0.9,992.5,75.0,0.0,0.0,20.0,87
2025-06-07T06:00+00:00,4115,1.2,992.2,70.0,0.0,0.4,22.3,267
2025-06-07T07:00+00:00,4115,2.3,992.2,64.0,0.0,0.9,23.3,471
2025-06-07T08:00+00:00,4115,1.4,991.9,63.0,0.0,0.8,24.7,581
2025-06-07T09:00+00:00,4115,1.0,991.4,56.0,0.0,0.8,24.6,603
2025-06-07T10:00+00:00,4115,1.2,991.1,55.0,0.0,0.4,25.7,546
2025-06-07T11:00+00:00,4115,1.3,991.1,53.0,0.0,0.9,26.8,759
2025-06-07T12:00+00:00,4115,1.6,990.1,53.0,0.0,0.5,26.6,628
2025-06-07T13:00+00:00,4115,4.2,991.1,84.0,2.0,0.0,20.8,152
2025-06-07T14:00+00:00,4115,2.9,991.2,79.0,0.9,0.0,19.3,98
2025-06-07T15:00+00:00,4115,1.8,990.7,73.0,0.0,0.1,21.1,269
2025-06-07T16:00+00:00,4115,0.6,990.5,80.0,0.0,0.0,20.6,98
2025-06-07T17:00+00:00,4115,1.6,990.9,77.0,0.0,0.0,19.9,26
2025-06-07T18:00+00:00,4115,2.4,991.1,72.0,0.0,0.0,19.2,19
2025-06-07T19:00+00:00,4115,2.3,992.2,83.0,0.6,0.0,17.5,1
2025-06-07T20:00+00:00,4115,2.3,992.7,79.0,0.2,0.0,17.7,0
2025-06-07T21:00+00:00,4115,1.8,992.7,78.0,0.0,0.0,18.0,0
2025-06-07T22:00+00:00,4115,1.6,992.7,80.0,0.0,0.0,18.0,0
2025-06-07T23:00+00:00,4115,2.1,992.2,80.0,0.0,0.0,18.0,0
2025-06-08T00:00+00:00,4115,3.0,992.3,78.0,0.0,0.0,17.7,0
2025-06-08T01:00+00:00,4115,3.2,992.4,72.0,0.0,0.0,17.5,0
2025-06-08T02:00+00:00,4115,1.0,992.2,80.0,0.0,0.0,16.6,0
2025-06-08T03:00+00:00,4115,0.8,992.2,88.0,0.0,0.0,15.9,0
2025-06-08T04:00+00:00,4115,0.4,991.9,90.0,0.0,0.0,16.0,10
2025-06-08T05:00+00:00,4115,0.8,992.7,86.0,0.0,0.0,16.2,18
2025-06-08T06:00+00:00,4115,0.8,993.0,93.0,0.4,0.0,16.1,35
2025-06-08T07:00+00:00,4115,1.5,993.0,93.0,1.0,0.0,15.5,43
2025-06-08T08:00+00:00,4115,0.3,992.9,93.0,1.2,0.0,15.8,59
2025-06-08T09:00+00:00,4115,0.9,993.0,95.0,0.2,0.0,16.2,80
2025-06-08T10:00+00:00,4115,0.8,993.3,93.0,0.6,0.0,16.3,99
2025-06-08T11:00+00:00,4115,1.5,994.0,95.0,1.9,0.0,15.7,53
2025-06-08T12:00+00:00,4115,1.2,994.3,96.0,4.8,0.0,15.7,49
2025-06-08T13:00+00:00,4115,1.3,993.7,94.0,1.1,0.0,15.7,63
2025-06-08T14:00+00:00,4115,2.0,993.3,84.0,0.4,0.0,16.5,220
2025-06-08T15:00+00:00,4115,2.3,993.2,77.0,0.1,0.2,17.6,343
2025-06-08T16:00+00:00,4115,1.5,993.3,75.0,0.0,0.0,18.4,229
2025-06-08T17:00+00:00,4115,1.2,993.7,69.0,0.0,0.9,19.4,250
2025-06-08T18:00+00:00,4115,2.7,994.2,59.0,0.0,0.6,18.2,110
2025-06-08T19:00+00:00,4115,3.7,994.6,65.0,0.0,0.0,16.6,20
2025-06-08T20:00+00:00,4115,4.0,995.9,61.0,0.0,0.0,16.3,0
2025-06-08T21:00+00:00,4115,3.5,996.4,62.0,0.0,0.0,15.9,0
2025-06-08T22:00+00:00,4115,2.8,997.1,66.0,0.0,0.0,15.2,0
2025-06-08T23:00+00:00,4115,2.6,997.7,65.0,0.0,0.0,15.2,0
2025-06-09T00:00+00:00,4115,3.1,998.4,64.0,0.0,0.0,14.3,0
2025-06-09T01:00+00:00,4115,3.5,998.9,69.0,0.0,0.0,12.6,0
2025-06-09T02:00+00:00,4115,3.7,999.6,68.0,0.0,0.0,12.7,0
2025-06-09T03:00+00:00,4115,2.2,1000.5,69.0,0.0,0.0,12.5,0
2025-06-09T04:00+00:00,4115,2.4,1001.3,70.0,0.0,0.0,12.4,35
2025-06-09T05:00+00:00,4115,1.8,1002.0,69.0,0.0,0.6,13.4,143
2025-06-09T06:00+00:00,4115,2.2,1002.5,62.0,0.0,1.0,14.7,300
2025-06-09T07:00+00:00,4115,2.6,1002.9,57.0,0.0,1.0,15.7,480
2025-06-09T08:00+00:00,4115,3.3,1002.9,50.0,0.0,1.0,16.8,647
2025-06-09T09:00+00:00,4115,3.0,1003.0,48.0,0.0,1.0,18.0,765
2025-06-09T10:00+00:00,4115,3.1,1002.9,44.0,0.0,1.0,18.3,841
2025-06-09T11:00+00:00,4115,2.8,1002.3,41.0,0.0,1.0,19.4,867
2025-06-09T12:00+00:00,4115,2.1,1002.2,42.0,0.0,1.0,20.2,843
2025-06-09T13:00+00:00,4115,2.0,1001.9,43.0,0.0,1.0,20.6,781
2025-06-09T14:00+00:00,4115,1.9,1001.6,43.0,0.0,1.0,21.3,691
2025-06-09T15:00+00:00,4115,1.3,1001.3,44.0,0.0,1.0,21.4,543
2025-06-09T16:00+00:00,4115,1.9,1001.1,46.0,0.0,1.0,20.6,375
2025-06-09T17:00+00:00,4115,1.8,1001.3,52.0,0.0,1.0,19.9,223
2025-06-09T18:00+00:00,4115,1.8,1001.6,55.0,0.0,0.1,17.5,93
2025-06-09T19:00+00:00,4115,1.6,1002.0,66.0,0.0,0.0,14.8,18
2025-06-09T20:00+00:00,4115,2.1,1002.4,72.0,0.0,0.0,13.7,0
2025-06-09T21:00+00:00,4115,1.7,1002.4,74.0,0.0,0.0,12.2,0
2025-06-09T22:00+00:00,4115,1.0,1002.4,82.0,0.0,0.0,10.4,0
2025-06-09T23:00+00:00,4115,1.3,1002.3,83.0,0.0,0.0,10.9,0
2025-06-10T00:00+00:00,4115,1.9,1002.0,83.0,0.0,0.0,10.7,0
2025-06-10T01:00+00:00,4115,2.1,1001.2,79.0,0.0,0.0,11.1,0
2025-06-10T02:00+00:00,4115,1.8,1000.8,80.0,0.0,0.0,10.2,0
2025-06-10T03:00+00:00,4115,1.6,1000.2,90.0,0.0,0.0,8.7,0
2025-06-10T04:00+00:00,4115,1.6,1000.2,82.0,0.0,0.0,10.8,32
2025-06-10T05:00+00:00,4115,1.3,1000.0,75.0,0.0,0.9,13.7,152
2025-06-10T06:00+00:00,4115,1.6,999.9,77.0,0.0,1.0,15.5,309
2025-06-10T07:00+00:00,4115,2.0,999.5,70.0,0.0,1.0,18.0,473
2025-06-10T08:00+00:00,4115,2.5,998.9,56.0,0.0,1.0,20.3,618
2025-06-10T09:00+00:00,4115,3.6,998.4,55.0,0.0,1.0,21.6,745
2025-06-10T10:00+00:00,4115,3.2,997.7,51.0,0.0,1.0,23.5,809
2025-06-10T11:00+00:00,4115,3.0,996.9,45.0,0.0,1.0,24.3,821
2025-06-10T12:00+00:00,4115,3.1,996.0,48.0,0.0,1.0,25.7,823
2025-06-10T13:00+00:00,4115,2.9,995.1,43.0,0.0,1.0,25.9,763
2025-06-10T14:00+00:00,4115,3.1,994.2,39.0,0.0,1.0,26.3,685
2025-06-10T15:00+00:00,4115,3.0,993.3,42.0,0.0,0.7,26.3,419
2025-06-10T16:00+00:00,4115,3.1,992.9,41.0,0.0,0.8,25.2,407
2025-06-10T17:00+00:00,4115,2.9,992.5,47.0,0.0,0.0,23.9,144
2025-06-10T18:00+00:00,4115,2.1,992.1,52.0,0.0,0.0,23.0,86
2025-06-10T19:00+00:00,4115,1.1,992.1,70.0,0.0,0.0,19.3,15
2025-06-10T20:00+00:00,4115,0.3,992.6,74.0,0.0,0.0,18.3,0
2025-06-10T21:00+00:00,4115,1.2,992.7,55.0,0.0,0.0,20.4,0
2025-06-10T22:00+00:00,4115,1.3,993.3,58.0,0.0,0.0,20.2,0
2025-06-10T23:00+00:00,4115,1.4,993.3,64.0,0.0,0.0,19.0,0
2025-06-11T00:00+00:00,4115,1.4,993.3,65.0,0.0,0.0,18.4,0
2025-06-11T01:00+00:00,4115,1.3,993.4,64.0,0.0,0.0,18.9,0
2025-06-11T02:00+00:00,4115,2.1,993.7,65.0,0.0,0.0,18.8,0
2025-06-11T03:00+00:00,4115,1.9,994.1,69.0,0.0,0.0,18.5,0
2025-06-11T04:00+00:00,4115,1.6,994.7,69.0,0.0,0.0,18.7,16
2025-06-11T05:00+00:00,4115,1.7,995.5,70.0,0.0,0.0,18.2,56
2025-06-11T06:00+00:00,4115,0.9,996.0,68.0,0.0,0.0,18.4,84
2025-06-11T07:00+00:00,4115,1.3,996.4,64.0,0.0,0.2,20.5,329
2025-06-11T08:00+00:00,4115,3.0,996.6,59.0,0.0,0.4,20.7,455
2025-06-11T09:00+00:00,4115,3.8,996.7,56.0,0.0,0.2,21.2,464
2025-06-11T10:00+00:00,4115,3.6,996.8,53.0,0.0,0.5,22.1,627
2025-06-11T11:00+00:00,4115,4.5,996.6,50.0,0.0,1.0,22.8,878
2025-06-11T12:00+00:00,4115,5.1,996.6,46.0,0.0,0.9,23.0,828
2025-06-11T13:00+00:00,4115,5.2,996.8,44.0,0.0,0.6,22.6,631
2025-06-11T14:00+00:00,4115,4.6,996.6,40.0,0.0,0.3,22.8,440
2025-06-11T15:00+00:00,4115,4.4,996.6,38.0,0.0,1.0,23.3,567
2025-06-11T16:00+00:00,4115,4.3,996.7,38.0,0.0,1.0,22.5,409
2025-06-11T17:00+00:00,4115,3.8,997.1,41.0,0.0,0.8,21.1,223
2025-06-11T18:00+00:00,4115,3.3,997.5,46.0,0.0,0.4,19.9,78
2025-06-11T19:00+00:00,4115,2.2,998.1,57.0,0.0,0.3,16.8,20
2025-06-11T20:00+00:00,4115,1.8,998.9,63.0,0.0,0.0,15.2,0
2025-06-11T21:00+00:00,4115,2.8,999.3,62.0,0.0,0.0,15.8,0
2025-06-11T22:00+00:00,4115,2.2,999.8,66.0,0.0,0.0,14.2,0
2025-06-11T23:00+00:00,4115,2.3,999.9,68.0,0.0,0.0,13.7,0
2025-06-12T00:00+00:00,4115,2.3,1000.0,77.0,0.0,0.0,12.3,0
2025-06-12T01:00+00:00,4115,0.8,1000.1,83.0,0.0,0.0,10.9,0
2025-06-12T02:00+00:00,4115,1.2,999.9,86.0,0.0,0.0,10.4,0
2025-06-12T03:00+00:00,4115,0.5,999.9,89.0,0.0,0.0,10.0,1
2025-06-12T04:00+00:00,4115,0.5,999.9,88.0,0.0,0.5,10.5,47
2025-06-12T05:00+00:00,4115,0.8,1000.2,67.0,0.0,1.0,15.0,178
2025-06-12T06:00+00:00,4115,2.3,1000.5,58.0,0.0,1.0,17.1,335
2025-06-12T07:00+00:00,4115,2.2,1000.7,51.0,0.0,1.0,18.3,508
2025-06-12T08:00+00:00,4115,1.9,1000.5,51.0,0.0,1.0,19.3,655
2025-06-12T09:00+00:00,4115,2.1,1000.4,46.0,0.0,1.0,19.7,781
2025-06-12T10:00+00:00,4115,2.4,1000.3,44.0,0.0,1.0,20.9,856
2025-06-12T11:00+00:00,4115,2.5,999.9,40.0,0.0,1.0,21.7,884
2025-06-12T12:00+00:00,4115,2.1,999.7,39.0,0.0,1.0,22.8,877
2025-06-12T13:00+00:00,4115,1.9,999.2,38.0,0.0,1.0,23.7,826
2025-06-12T14:00+00:00,4115,1.7,998.8,36.0,0.0,1.0,24.2,718
2025-06-12T15:00+00:00,4115,1.8,998.6,31.0,0.0,1.0,24.2,584
2025-06-12T16:00+00:00,4115,1.8,998.4,36.0,0.0,1.0,23.8,427
2025-06-12T17:00+00:00,4115,2.5,998.5,36.0,0.0,1.0,22.7,257
2025-06-12T18:00+00:00,4115,2.4,998.8,45.0,0.0,1.0,20.4,115
2025-06-12T19:00+00:00,4115,2.6,999.2,57.0,0.0,0.3,15.7,21
2025-06-12T20:00+00:00,4115,2.3,999.6,65.0,0.0,0.0,14.0,0
2025-06-12T21:00+00:00,4115,1.3,999.9,67.0,0.0,0.0,14.1,0
2025-06-12T22:00+00:00,4115,2.2,1000.4,58.0,0.0,0.0,16.5,0
2025-06-12T23:00+00:00,4115,2.7,1000.7,66.0,0.0,0.0,14.9,0
2025-06-13T00:00+00:00,4115,3.3,1000.5,64.0,0.0,0.0,15.1,0
2025-06-13T01:00+00:00,4115,0.7,1000.8,77.0,0.0,0.0,12.2,0
2025-06-13T02:00+00:00,4115,0.5,1001.0,77.0,0.0,0.0,11.5,0
2025-06-13T03:00+00:00,4115,0.4,1001.2,79.0,0.0,0.0,10.9,1
2025-06-13T04:00+00:00,4115,0.8,1001.8,77.0,0.0,0.4,12.4,41
2025-06-13T05:00+00:00,4115,0.8,1002.3,70.0,0.0,1.0,14.9,172
2025-06-13T06:00+00:00,4115,0.9,1002.9,57.0,0.0,1.0,17.7,328
2025-06-13T07:00+00:00,4115,2.2,1003.0,52.0,0.0,1.0,19.9,489
2025-06-13T08:00+00:00,4115,2.3,1003.2,45.0,0.0,1.0,21.0,636
2025-06-13T09:00+00:00,4115,2.9,1003.2,43.0,0.0,1.0,22.0,760
2025-06-13T10:00+00:00,4115,3.5,1003.2,43.0,0.0,1.0,22.7,841
2025-06-13T11:00+00:00,4115,2.9,1003.1,37.0,0.0,1.0,23.5,878
2025-06-13T12:00+00:00,4115,3.3,1002.7,37.0,0.0,1.0,24.1,877
2025-06-13T13:00+00:00,4115,3.6,1002.4,36.0,0.0,1.0,24.5,823
2025-06-13T14:00+00:00,4115,3.3,1002.4,36.0,0.0,1.0,25.1,719
2025-06-13T15:00+00:00,4115,3.5,1002.3,35.0,0.0,1.0,24.6,587
2025-06-13T16:00+00:00,4115,4.1,1002.0,36.0,0.0,1.0,23.8,433
2025-06-13T17:00+00:00,4115,3.8,1002.0,31.0,0.0,1.0,22.8,265
2025-06-13T18:00+00:00,4115,2.5,1001.9,41.0,0.0,1.0,20.7,121
2025-06-13T19:00+00:00,4115,2.1,1002.1,55.0,0.0,0.3,15.6,21
2025-06-13T20:00+00:00,4115,2.4,1002.6,61.0,0.0,0.0,14.0,0
2025-06-13T21:00+00:00,4115,2.6,1002.7,64.0,0.0,0.0,13.8,0
2025-06-13T22:00+00:00,4115,2.6,1002.6,64.0,0.0,0.0,14.4,0
2025-06-13T23:00+00:00,4115,1.4,1002.6,72.0,0.0,0.0,12.6,0
2025-06-14T00:00+00:00,4115,1.0,1002.1,76.0,0.0,0.0,12.3,0
2025-06-14T01:00+00:00,4115,0.8,1001.6,81.0,0.0,0.0,11.5,0
2025-06-14T02:00+00:00,4115,0.9,1001.4,84.0,0.0,0.0,10.7,0
2025-06-14T03:00+00:00,4115,0.4,1001.2,87.0,0.0,0.0,10.1,1
2025-06-14T04:00+00:00,4115,0.6,1001.4,85.0,0.0,0.6,11.4,47
2025-06-14T05:00+00:00,4115,0.6,1001.6,71.0,0.0,1.0,15.4,183
2025-06-14T06:00+00:00,4115,1.7,1001.8,68.0,0.0,1.0,16.7,339
2025-06-14T07:00+00:00,4115,0.7,1001.8,58.0,0.0,1.0,18.9,508
2025-06-14T08:00+00:00,4115,1.1,1001.8,54.0,0.0,1.0,20.7,655
2025-06-14T09:00+00:00,4115,1.7,1001.3,52.0,0.0,1.0,22.2,776
2025-06-14T10:00+00:00,4115,1.5,1001.2,49.0,0.0,1.0,23.3,853
2025-06-14T11:00+00:00,4115,1.0,1000.8,41.0,0.0,1.0,24.6,881
2025-06-14T12:00+00:00,4115,0.8,1000.5,40.0,0.0,1.0,25.1,875
2025-06-14T13:00+00:00,4115,0.8,1000.1,39.0,0.0,1.0,26.5,821
2025-06-14T14:00+00:00,4115,1.0,999.5,39.0,0.0,1.0,26.5,716
2025-06-14T15:00+00:00,4115,0.6,998.8,33.0,0.0,1.0,27.0,586
2025-06-14T16:00+00:00,4115,0.8,998.5,35.0,0.0,1.0,27.1,433
2025-06-14T17:00+00:00,4115,0.6,998.2,36.0,0.0,1.0,26.6,263
2025-06-14T18:00+00:00,4115,0.9,998.4,53.0,0.0,1.0,24.1,120
2025-06-14T19:00+00:00,4115,1.2,998.5,70.0,0.0,0.3,17.5,20
2025-06-14T20:00+00:00,4115,1.8,999.0,68.0,0.0,0.0,16.9,0
2025-06-14T21:00+00:00,4115,1.3,998.9,72.0,0.0,0.0,15.9,0
2025-06-14T22:00+00:00,4115,0.8,998.9,72.0,0.0,0.0,15.7,0
2025-06-14T23:00+00:00,4115,1.2,998.7,72.0,0.0,0.0,15.5,0
2025-06-15T00:00+00:00,4115,0.3,998.6,78.0,0.0,0.0,13.6,0
2025-06-15T01:00+00:00,4115,0.3,998.6,84.0,0.0,0.0,12.7,0
2025-06-15T02:00+00:00,4115,0.7,998.4,86.0,0.0,0.0,12.3,0
2025-06-15T03:00+00:00,4115,0.8,998.5,90.0,0.0,0.0,11.2,1
2025-06-15T04:00+00:00,4115,0.6,998.4,85.0,0.0,0.5,13.2,48
2025-06-15T05:00+00:00,4115,0.3,998.6,70.0,0.0,1.0,17.2,176
2025-06-15T06:00+00:00,4115,1.1,998.2,65.0,0.0,1.0,19.6,328
2025-06-15T07:00+00:00,4115,0.9,998.5,55.0,0.0,1.0,21.7,493
2025-06-15T08:00+00:00,4115,1.2,998.4,54.0,0.0,1.0,23.7,636
2025-06-15T09:00+00:00,4115,1.4,997.8,48.0,0.0,1.0,25.7,755
2025-06-15T10:00+00:00,4115,1.8,997.5,44.0,0.0,1.0,26.6,828
2025-06-15T11:00+00:00,4115,1.4,997.0,42.0,0.0,1.0,27.7,854
2025-06-15T12:00+00:00,4115,1.5,996.4,39.0,0.0,1.0,29.0,841
2025-06-15T13:00+00:00,4115,1.7,995.6,39.0,0.0,1.0,29.8,796
2025-06-15T14:00+00:00,4115,2.0,994.9,36.0,0.0,1.0,29.9,686
2025-06-15T15:00+00:00,4115,2.1,994.0,38.0,0.0,1.0,30.5,561
2025-06-15T16:00+00:00,4115,1.7,993.5,34.0,0.0,1.0,30.3,412
2025-06-15T17:00+00:00,4115,1.5,993.3,37.0,0.0,1.0,29.7,248
2025-06-15T18:00+00:00,4115,1.1,993.3,49.0,0.0,1.0,27.1,108
2025-06-15T19:00+00:00,4115,1.5,993.4,60.0,0.0,0.0,22.5,13
2025-06-15T20:00+00:00,4115,1.7,993.8,67.0,0.0,0.0,21.0,0
2025-06-15T21:00+00:00,4115,1.6,994.1,72.0,0.0,0.0,19.6,0
2025-06-15T22:00+00:00,4115,1.0,995.1,58.0,0.0,0.0,23.1,0
2025-06-15T23:00+00:00,4115,3.3,994.8,65.0,0.0,0.0,23.6,0
2025-06-16T00:00+00:00,4115,4.8,995.1,64.0,0.0,0.0,22.9,0
2025-06-16T01:00+00:00,4115,5.1,995.2,72.0,0.0,0.0,21.9,0
2025-06-16T02:00+00:00,4115,4.3,995.5,75.0,0.0,0.0,21.3,0
2025-06-16T03:00+00:00,4115,4.1,996.2,84.0,0.2,0.0,19.9,0
2025-06-16T04:00+00:00,4115,3.2,996.5,87.0,1.3,0.0,19.4,2
2025-06-16T05:00+00:00,4115,3.1,996.4,81.0,0.0,0.0,20.0,31
2025-06-16T06:00+00:00,4115,4.6,996.4,79.0,0.0,0.0,20.5,66
2025-06-16T07:00+00:00,4115,4.6,996.8,77.0,0.0,0.0,21.0,148
2025-06-16T08:00+00:00,4115,5.0,997.1,78.0,0.0,0.0,20.5,111
2025-06-16T09:00+00:00,4115,4.9,998.4,83.0,0.1,0.0,18.7,129
2025-06-16T10:00+00:00,4115,4.3,999.7,79.0,0.0,0.0,18.2,241
2025-06-16T11:00+00:00,4115,4.3,1000.5,87.0,0.0,0.0,17.0,170
2025-06-16T12:00+00:00,4115,4.6,1001.0,89.0,0.5,0.0,16.5,355
2025-06-16T13:00+00:00,4115,3.9,1001.1,86.0,0.2,0.0,17.1,372
2025-06-16T14:00+00:00,4115,3.5,1001.4,82.0,0.2,0.0,17.5,293
2025-06-16T15:00+00:00,4115,3.7,1001.5,75.0,0.1,0.0,18.1,253
2025-06-16T16:00+00:00,4115,3.7,1001.3,75.0,0.0,0.0,17.9,175
2025-06-16T17:00+00:00,4115,2.9,1001.6,75.0,0.0,0.0,17.6,93
2025-06-16T18:00+00:00,4115,2.2,1001.9,73.0,0.0,0.0,17.7,39
2025-06-16T19:00+00:00,4115,2.5,1002.2,73.0,0.0,0.0,17.7,10
2025-06-16T20:00+00:00,4115,2.6,1002.3,72.0,0.0,0.0,17.3,0
2025-06-16T21:00+00:00,4115,2.0,1002.6,73.0,0.0,0.0,17.1,0
2025-06-16T22:00+00:00,4115,2.7,1002.6,75.0,0.0,0.0,16.9,0
2025-06-16T23:00+00:00,4115,2.6,1002.7,74.0,0.0,0.0,16.3,0
2025-06-17T00:00+00:00,4115,3.0,1002.7,73.0,0.0,0.0,16.2,0
2025-06-17T01:00+00:00,4115,2.6,1002.9,76.0,0.0,0.0,15.6,0
2025-06-17T02:00+00:00,4115,2.9,1002.6,76.0,0.0,0.0,15.3,0
2025-06-17T03:00+00:00,4115,2.9,1002.6,77.0,0.0,0.0,15.1,0
2025-06-17T04:00+00:00,4115,2.8,1002.7,77.0,0.0,0.0,15.3,28
2025-06-17T05:00+00:00,4115,3.1,1002.9,75.0,0.0,0.0,15.7,90
2025-06-17T06:00+00:00,4115,2.9,1002.9,71.0,0.0,0.7,17.2,294
2025-06-17T07:00+00:00,4115,3.0,1003.1,68.0,0.0,0.6,18.5,358
2025-06-17T08:00+00:00,4115,2.8,1002.7,58.0,0.0,0.9,20.7,561
2025-06-17T09:00+00:00,4115,4.4,1002.5,51.0,0.0,0.9,22.2,723
2025-06-17T10:00+00:00,4115,3.9,1002.6,52.0,0.0,0.4,21.6,522
2025-06-17T11:00+00:00,4115,4.0,1002.5,48.0,0.0,0.5,23.4,625
2025-06-17T12:00+00:00,4115,4.0,1002.3,44.0,0.0,0.6,24.0,659
2025-06-17T13:00+00:00,4115,3.7,1002.0,46.0,0.0,0.3,23.4,433
2025-06-17T14:00+00:00,4115,3.7,1001.9,42.0,0.0,0.6,24.8,538
2025-06-17T15:00+00:00,4115,3.8,1001.5,43.0,0.0,0.7,25.0,458
2025-06-17T16:00+00:00,4115,3.6,1001.1,42.0,0.0,1.0,24.5,446
2025-06-17T17:00+00:00,4115,3.3,1001.0,45.0,0.0,1.0,24.0,258
2025-06-17T18:00+00:00,4115,2.4,1001.1,52.0,0.0,0.8,22.0,113
2025-06-17T19:00+00:00,4115,1.7,1001.2,67.0,0.0,0.0,18.2,20
2025-06-17T20:00+00:00,4115,2.1,1001.4,74.0,0.0,0.0,16.4,0
2025-06-17T21:00+00:00,4115,2.2,1001.6,65.0,0.0,0.0,18.4,0
2025-06-17T22:00+00:00,4115,2.3,1001.4,64.0,0.0,0.0,18.5,0
2025-06-17T23:00+00:00,4115,2.7,1001.1,67.0,0.0,0.0,18.0,0
2025-06-18T00:00+00:00,4115,1.1,1001.1,78.0,0.0,0.0,15.5,0
2025-06-18T01:00+00:00,4115,0.7,1001.0,81.0,0.0,0.0,15.0,0
2025-06-18T02:00+00:00,4115,0.3,1000.8,84.0,0.0,0.0,14.3,0
2025-06-18T03:00+00:00,4115,0.6,1000.7,89.0,0.0,0.0,13.0,1
2025-06-18T04:00+00:00,4115,1.1,1000.8,79.0,0.0,0.5,15.8,48
2025-06-18T05:00+00:00,4115,1.0,1001.1,71.0,0.0,1.0,18.3,168
2025-06-18T06:00+00:00,4115,1.0,1001.2,63.0,0.0,1.0,20.3,317
2025-06-18T07:00+00:00,4115,1.5,1001.2,58.0,0.0,1.0,22.0,497
2025-06-18T08:00+00:00,4115,0.7,1001.0,54.0,0.0,1.0,23.6,638
2025-06-18T09:00+00:00,4115,1.4,1000.7,53.0,0.0,1.0,24.5,762
2025-06-18T10:00+00:00,4115,1.3,1000.4,47.0,0.0,1.0,25.0,796
2025-06-18T11:00+00:00,4115,1.7,1000.0,45.0,0.0,1.0,26.6,870
2025-06-18T12:00+00:00,4115,1.5,999.5,38.0,0.0,1.0,27.1,868
2025-06-18T13:00+00:00,4115,1.4,999.2,39.0,0.0,1.0,27.7,779
2025-06-18T14:00+00:00,4115,1.4,998.6,36.0,0.0,1.0,28.1,698
2025-06-18T15:00+00:00,4115,1.8,998.2,35.0,0.0,1.0,28.4,570
2025-06-18T16:00+00:00,4115,1.5,998.0,38.0,0.0,1.0,28.2,429
2025-06-18T17:00+00:00,4115,1.2,997.9,40.0,0.0,1.0,28.0,269
2025-06-18T18:00+00:00,4115,0.8,997.8,53.0,0.0,1.0,26.3,113
2025-06-18T19:00+00:00,4115,1.1,997.8,68.0,0.0,0.2,21.0,26
2025-06-18T20:00+00:00,4115,0.6,998.1,72.0,0.0,0.0,19.1,0
2025-06-18T21:00+00:00,4115,0.6,998.2,76.0,0.0,0.0,18.0,0
2025-06-18T22:00+00:00,4115,0.5,998.2,82.0,0.0,0.0,17.0,0
2025-06-18T23:00+00:00,4115,0.4,998.0,86.0,0.0,0.0,16.0,0
2025-06-19T00:00+00:00,4115,0.7,997.9,89.0,0.0,0.0,15.7,0
2025-06-19T01:00+00:00,4115,0.3,997.6,60.0,0.0,0.0,20.0,0
2025-06-19T02:00+00:00,4115,2.4,997.4,57.0,0.0,0.0,20.9,0
2025-06-19T03:00+00:00,4115,2.5,997.6,57.0,0.0,0.0,21.1,0
2025-06-19T04:00+00:00,4115,2.8,997.7,59.0,0.0,0.4,21.1,41
2025-06-19T05:00+00:00,4115,2.9,997.8,59.0,0.0,1.0,21.7,165
2025-06-19T06:00+00:00,4115,3.0,998.1,60.0,0.0,0.9,22.6,286
2025-06-19T07:00+00:00,4115,3.2,998.2,57.0,0.0,1.0,23.8,476
2025-06-19T08:00+00:00,4115,2.8,998.2,52.0,0.0,1.0,25.2,617
2025-06-19T09:00+00:00,4115,2.7,998.2,48.0,0.0,1.0,26.6,742
2025-06-19T10:00+00:00,4115,2.2,997.9,48.0,0.0,1.0,27.1,822
2025-06-19T11:00+00:00,4115,1.9,997.7,45.0,0.0,0.7,27.4,695
2025-06-19T12:00+00:00,4115,1.9,997.0,44.0,0.0,0.6,28.5,669
2025-06-19T13:00+00:00,4115,1.9,996.7,44.0,0.0,0.4,28.2,496
2025-06-19T14:00+00:00,4115,2.5,996.3,36.0,0.0,0.5,29.9,516
2025-06-19T15:00+00:00,4115,4.1,996.0,38.0,0.0,0.9,29.4,506
2025-06-19T16:00+00:00,4115,4.0,995.9,40.0,0.0,0.9,29.1,388
2025-06-19T17:00+00:00,4115,4.6,996.3,43.0,0.0,1.0,27.6,252
2025-06-19T18:00+00:00,4115,4.8,997.1,51.0,0.0,1.0,24.8,109
2025-06-19T19:00+00:00,4115,3.9,997.8,50.0,0.0,0.2,22.8,21
2025-06-19T20:00+00:00,4115,3.9,998.9,49.0,0.0,0.0,21.7,0
2025-06-19T21:00+00:00,4115,3.9,999.7,50.0,0.0,0.0,20.1,0
2025-06-19T22:00+00:00,4115,2.7,1000.5,49.0,0.0,0.0,19.2,0
2025-06-19T23:00+00:00,4115,2.5,1000.9,51.0,0.0,0.0,18.2,0
2025-06-20T00:00+00:00,4115,2.4,1001.0,53.0,0.0,0.0,17.5,0
2025-06-20T01:00+00:00,4115,3.0,1001.3,54.0,0.0,0.0,17.2,0
2025-06-20T02:00+00:00,4115,2.0,1001.3,62.0,0.0,0.0,15.3,0
2025-06-20T03:00+00:00,4115,2.2,1001.5,64.0,0.0,0.0,15.2,1
2025-06-20T04:00+00:00,4115,2.3,1001.8,63.0,0.0,0.6,15.7,49
2025-06-20T05:00+00:00,4115,2.3,1002.0,57.0,0.0,1.0,17.7,183
2025-06-20T06:00+00:00,4115,2.5,1002.3,52.0,0.0,1.0,19.2,338
2025-06-20T07:00+00:00,4115,2.0,1002.4,44.0,0.0,1.0,20.6,503
2025-06-20T08:00+00:00,4115,1.9,1002.4,42.0,0.0,1.0,21.3,650
2025-06-20T09:00+00:00,4115,2.8,1002.2,42.0,0.0,1.0,22.0,776
2025-06-20T10:00+00:00,4115,2.8,1001.8,41.0,0.0,1.0,22.7,856
2025-06-20T11:00+00:00,4115,2.8,1001.5,39.0,0.0,1.0,23.0,891
2025-06-20T12:00+00:00,4115,2.7,1001.1,37.0,0.0,1.0,24.0,877
2025-06-20T13:00+00:00,4115,2.8,1000.5,38.0,0.0,0.9,24.6,732
2025-06-20T14:00+00:00,4115,3.6,999.9,34.0,0.0,1.0,25.5,741
2025-06-20T15:00+00:00,4115,3.6,999.9,33.0,0.0,1.0,25.5,596
2025-06-20T16:00+00:00,4115,3.9,999.8,32.0,0.0,1.0,25.0,437
2025-06-20T17:00+00:00,4115,4.0,999.9,32.0,0.0,1.0,24.0,269
2025-06-20T18:00+00:00,4115,3.7,1000.1,33.0,0.0,1.0,22.3,127
2025-06-20T19:00+00:00,4115,2.7,1000.5,52.0,0.0,0.4,18.4,24
2025-06-20T20:00+00:00,4115,2.6,1001.4,52.0,0.0,0.0,17.1,0
2025-06-20T21:00+00:00,4115,2.9,1002.0,57.0,0.0,0.0,16.1,0
2025-06-20T22:00+00:00,4115,2.4,1002.4,68.0,0.0,0.0,13.3,0
2025-06-20T23:00+00:00,4115,0.8,1002.7,77.0,0.0,0.0,11.0,0
2025-06-21T00:00+00:00,4115,1.4,1002.9,79.0,0.0,0.0,10.4,0
2025-06-21T01:00+00:00,4115,2.0,1002.7,77.0,0.0,0.0,10.4,0
2025-06-21T02:00+00:00,4115,1.4,1002.5,75.0,0.0,0.0,10.7,0
2025-06-21T03:00+00:00,4115,0.9,1002.4,81.0,0.0,0.0,9.9,1
2025-06-21T04:00+00:00,4115,0.3,1002.6,79.0,0.0,0.5,11.1,47
2025-06-21T05:00+00:00,4115,0.5,1003.0,70.0,0.0,1.0,13.9,176
2025-06-21T06:00+00:00,4115,0.3,1003.2,52.0,0.0,1.0,18.0,334
2025-06-21T07:00+00:00,4115,1.2,1003.2,45.0,0.0,1.0,20.5,501
2025-06-21T08:00+00:00,4115,0.7,1003.1,42.0,0.0,1.0,22.2,650
2025-06-21T09:00+00:00,4115,1.2,1003.0,35.0,0.0,1.0,23.0,777
2025-06-21T10:00+00:00,4115,1.2,1002.5,33.0,0.0,1.0,23.0,854
2025-06-21T11:00+00:00,4115,1.4,1002.2,31.0,0.0,1.0,24.4,887
2025-06-21T12:00+00:00,4115,1.1,1001.6,31.0,0.0,1.0,24.6,880
2025-06-21T13:00+00:00,4115,0.3,1001.1,30.0,0.0,1.0,24.9,831
2025-06-21T14:00+00:00,4115,0.1,1000.5,28.0,0.0,1.0,25.8,730
2025-06-21T15:00+00:00,4115,0.5,1000.0,27.0,0.0,1.0,26.1,598
2025-06-21T16:00+00:00,4115,0.8,999.7,25.0,0.0,1.0,26.1,440
2025-06-21T17:00+00:00,4115,1.0,999.5,28.0,0.0,1.0,25.3,275
2025-06-21T18:00+00:00,4115,1.8,999.5,36.0,0.0,1.0,22.9,125
2025-06-21T19:00+00:00,4115,2.4,999.7,53.0,0.0,0.4,17.6,26
2025-06-21T20:00+00:00,4115,1.5,1000.3,62.0,0.0,0.0,15.1,0
2025-06-21T21:00+00:00,4115,1.6,1000.5,68.0,0.0,0.0,13.9,0
2025-06-21T22:00+00:00,4115,0.8,1000.4,73.0,0.0,0.0,12.7,0
2025-06-21T23:00+00:00,4115,0.6,1000.3,74.0,0.0,0.0,12.3,0
2025-06-22T00:00+00:00,4115,0.4,1000.2,78.0,0.0,0.0,11.5,0
2025-06-22T01:00+00:00,4115,0.5,1000.1,78.0,0.0,0.0,11.3,0
2025-06-22T02:00+00:00,4115,0.4,999.7,83.0,0.0,0.0,10.1,0
2025-06-22T03:00+00:00,4115,0.7,999.8,87.0,0.0,0.0,9.4,1
2025-06-22T04:00+00:00,4115,1.1,1000.2,81.0,0.0,0.5,12.0,45
2025-06-22T05:00+00:00,4115,0.3,1000.2,71.0,0.0,1.0,14.9,176
2025-06-22T06:00+00:00,4115,0.7,1000.3,60.0,0.0,1.0,18.3,330
2025-06-22T07:00+00:00,4115,0.6,1000.3,49.0,0.0,1.0,20.5,495
2025-06-22T08:00+00:00,4115,0.2,999.9,42.0,0.0,1.0,24.0,641
2025-06-22T09:00+00:00,4115,1.1,999.8,35.0,0.0,1.0,25.0,766
2025-06-22T10:00+00:00,4115,1.6,999.3,37.0,0.0,1.0,26.7,840
2025-06-22T11:00+00:00,4115,1.3,998.7,36.0,0.0,1.0,27.5,868
2025-06-22T12:00+00:00,4115,1.1,998.0,32.0,0.0,1.0,28.4,861
2025-06-22T13:00+00:00,4115,0.7,997.4,26.0,0.0,1.0,29.8,813
2025-06-22T14:00+00:00,4115,0.7,996.6,27.0,0.0,1.0,30.4,710
2025-06-22T15:00+00:00,4115,1.6,996.0,27.0,0.0,1.0,30.2,580
2025-06-22T16:00+00:00,4115,1.6,995.5,29.0,0.0,1.0,29.7,428
2025-06-22T17:00+00:00,4115,1.5,995.3,30.0,0.0,1.0,29.1,262
2025-06-22T18:00+00:00,4115,1.5,994.9,36.0,0.0,1.0,27.2,120
2025-06-22T19:00+00:00,4115,0.9,994.7,60.0,0.0,0.4,20.1,23
2025-06-22T20:00+00:00,4115,1.4,994.9,65.0,0.0,0.0,17.6,0
2025-06-22T21:00+00:00,4115,2.0,994.6,63.0,0.0,0.0,17.8,0
2025-06-22T22:00+00:00,4115,2.2,994.4,69.0,0.0,0.0,16.5,0
2025-06-22T23:00+00:00,4115,2.5,994.0,70.0,0.0,0.0,16.4,0
2025-06-23T00:00+00:00,4115,2.5,993.6,73.0,0.0,0.0,15.9,0
2025-06-23T01:00+00:00,4115,1.8,993.2,83.0,0.0,0.0,14.3,0
2025-06-23T02:00+00:00,4115,1.6,992.7,85.0,0.0,0.0,13.9,0
2025-06-23T03:00+00:00,4115,0.9,992.3,89.0,0.0,0.0,12.8,0
2025-06-23T04:00+00:00,4115,0.9,992.5,84.0,0.0,0.5,14.9,45
2025-06-23T05:00+00:00,4115,0.3,992.1,73.0,0.0,1.0,17.6,187
2025-06-23T06:00+00:00,4115,0.3,991.9,63.0,0.0,1.0,21.8,317
2025-06-23T07:00+00:00,4115,0.4,992.2,55.0,0.0,1.0,23.5,466
2025-06-23T08:00+00:00,4115,0.8,992.2,50.0,0.0,1.0,26.3,595
2025-06-23T09:00+00:00,4115,0.8,992.1,45.0,0.0,1.0,28.0,574
2025-06-23T10:00+00:00,4115,1.0,992.2,43.0,0.0,0.6,29.6,593
2025-06-23T11:00+00:00,4115,2.2,992.1,42.0,0.0,0.7,30.1,646
2025-06-23T12:00+00:00,4115,1.3,991.0,39.0,0.0,0.8,31.3,734
2025-06-23T13:00+00:00,4115,1.5,990.1,36.0,0.0,1.0,31.8,796
2025-06-23T14:00+00:00,4115,1.4,988.6,35.0,0.0,0.9,32.9,650
2025-06-23T15:00+00:00,4115,1.8,987.5,32.0,0.0,1.0,33.3,593
2025-06-23T16:00+00:00,4115,3.8,987.6,42.0,0.0,0.3,28.3,217
2025-06-23T17:00+00:00,4115,4.8,989.7,88.0,4.1,0.0,20.7,11
2025-06-23T18:00+00:00,4115,3.1,989.2,87.0,0.0,0.0,20.2,12
2025-06-23T19:00+00:00,4115,2.1,989.7,87.0,0.1,0.0,19.9,5
2025-06-23T20:00+00:00,4115,0.4,991.2,78.0,0.2,0.0,20.3,0
2025-06-23T21:00+00:00,4115,2.7,990.8,74.0,0.0,0.0,20.6,0
2025-06-23T22:00+00:00,4115,2.5,991.8,75.0,0.0,0.0,20.6,0
2025-06-23T23:00+00:00,4115,2.1,992.2,73.0,0.0,0.0,20.9,0
2025-06-24T00:00+00:00,4115,2.0,992.4,79.0,0.0,0.0,20.1,0
2025-06-24T01:00+00:00,4115,2.2,992.7,83.0,0.0,0.0,20.2,0
2025-06-24T02:00+00:00,4115,2.1,992.9,85.0,0.0,0.0,19.7,0
2025-06-24T03:00+00:00,4115,1.5,993.2,87.0,0.0,0.0,18.6,0
2025-06-24T04:00+00:00,4115,1.8,993.7,77.0,0.0,0.1,18.6,37
2025-06-24T05:00+00:00,4115,1.1,993.7,67.0,0.0,0.4,20.0,138
2025-06-24T06:00+00:00,4115,0.8,993.8,69.0,0.0,0.2,20.8,209
2025-06-24T07:00+00:00,4115,1.2,994.2,67.0,0.0,0.3,21.9,353
2025-06-24T08:00+00:00,4115,2.5,993.7,59.0,0.0,0.8,23.4,641
2025-06-24T09:00+00:00,4115,4.1,993.3,51.0,0.0,1.0,24.6,769
2025-06-24T10:00+00:00,4115,5.1,993.1,47.0,0.0,1.0,25.8,821
2025-06-24T11:00+00:00,4115,5.5,992.7,46.0,0.0,1.0,26.7,880
2025-06-24T12:00+00:00,4115,5.2,992.1,41.0,0.0,1.0,27.9,851
2025-06-24T13:00+00:00,4115,4.8,991.2,37.0,0.0,1.0,28.8,858
2025-06-24T14:00+00:00,4115,5.5,991.0,34.0,0.0,0.9,28.5,732
2025-06-24T15:00+00:00,4115,4.3,990.5,32.0,0.0,0.9,29.4,546
2025-06-24T16:00+00:00,4115,5.1,990.0,28.0,0.0,1.0,29.8,473
2025-06-24T17:00+00:00,4115,3.7,990.1,33.0,0.0,1.0,29.5,276
2025-06-24T18:00+00:00,4115,1.9,990.1,39.0,0.0,1.0,28.3,122
2025-06-24T19:00+00:00,4115,1.2,990.7,49.0,0.0,0.4,24.7,24
2025-06-24T20:00+00:00,4115,0.9,991.2,53.0,0.0,0.0,23.0,0
2025-06-24T21:00+00:00,4115,1.7,991.2,48.0,0.0,0.0,23.5,0
2025-06-24T22:00+00:00,4115,1.7,991.6,51.0,0.0,0.0,22.2,0
2025-06-24T23:00+00:00,4115,1.7,991.6,48.0,0.0,0.0,22.3,0
2025-06-25T00:00+00:00,4115,1.8,991.6,47.0,0.0,0.0,22.9,0
2025-06-25T01:00+00:00,4115,1.9,991.9,46.0,0.0,0.0,23.2,0
2025-06-25T02:00+00:00,4115,2.8,992.0,47.0,0.0,0.0,23.1,0
2025-06-25T03:00+00:00,4115,2.1,992.0,50.0,0.0,0.0,22.3,0
2025-06-25T04:00+00:00,4115,2.1,992.1,51.0,0.0,0.7,22.7,47
2025-06-25T05:00+00:00,4115,2.4,992.3,50.0,0.0,1.0,23.5,177
2025-06-25T06:00+00:00,4115,2.4,992.7,47.0,0.0,1.0,25.2,325
2025-06-25T07:00+00:00,4115,2.5,993.1,44.0,0.0,1.0,26.3,486
2025-06-25T08:00+00:00,4115,2.5,993.2,42.0,0.0,1.0,27.7,628
2025-06-25T09:00+00:00,4115,2.8,992.7,38.0,0.0,1.0,28.8,749
2025-06-25T10:00+00:00,4115,4.0,992.3,35.0,0.0,1.0,30.1,825
2025-06-25T11:00+00:00,4115,5.1,991.9,34.0,0.0,1.0,30.7,857
2025-06-25T12:00+00:00,4115,5.4,991.5,31.0,0.0,1.0,31.5,857
2025-06-25T13:00+00:00,4115,4.7,991.2,30.0,0.0,1.0,32.5,805
2025-06-25T14:00+00:00,4115,4.7,990.7,29.0,0.0,1.0,32.9,707
2025-06-25T15:00+00:00,4115,4.9,990.2,30.0,0.0,1.0,32.8,577
2025-06-25T16:00+00:00,4115,4.4,990.3,29.0,0.0,1.0,32.4,424
2025-06-25T17:00+00:00,4115,3.4,990.3,31.0,0.0,1.0,31.8,261
2025-06-25T18:00+00:00,4115,3.2,990.4,34.0,0.0,1.0,30.2,120
2025-06-25T19:00+00:00,4115,2.1,990.5,37.0,0.0,0.3,28.1,24
2025-06-25T20:00+00:00,4115,1.9,990.8,43.0,0.0,0.0,26.0,0
2025-06-25T21:00+00:00,4115,1.5,990.8,46.0,0.0,0.0,24.9,0
2025-06-25T22:00+00:00,4115,1.5,991.1,47.0,0.0,0.0,25.5,0
2025-06-25T23:00+00:00,4115,1.6,991.0,46.0,0.0,0.0,26.0,0
2025-06-26T00:00+00:00,4115,1.2,990.7,60.0,0.0,0.0,22.8,0
2025-06-26T01:00+00:00,4115,1.1,990.8,71.0,0.0,0.0,19.8,0
2025-06-26T02:00+00:00,4115,0.7,990.9,53.0,0.0,0.0,24.0,0
2025-06-26T03:00+00:00,4115,0.4,991.4,72.0,0.0,0.0,19.9,1
2025-06-26T04:00+00:00,4115,0.3,991.6,74.0,0.0,0.3,20.3,38
2025-06-26T05:00+00:00,4115,0.6,991.9,67.0,0.0,1.0,22.9,160
2025-06-26T06:00+00:00,4115,0.3,992.1,51.0,0.0,1.0,26.1,310
2025-06-26T07:00+00:00,4115,0.4,992.2,49.0,0.0,1.0,28.0,467
2025-06-26T08:00+00:00,4115,0.7,991.9,44.0,0.0,1.0,29.4,614
2025-06-26T09:00+00:00,4115,0.6,991.8,40.0,0.0,1.0,31.7,730
2025-06-26T10:00+00:00,4115,0.6,992.2,36.0,0.0,1.0,32.5,799
2025-06-26T11:00+00:00,4115,0.5,991.9,34.0,0.0,1.0,33.8,828
2025-06-26T12:00+00:00,4115,0.8,991.0,31.0,0.0,1.0,35.2,827
2025-06-26T13:00+00:00,4115,0.8,990.8,28.0,0.0,1.0,34.8,750
2025-06-26T14:00+00:00,4115,1.7,990.7,37.0,0.0,0.2,33.3,372
2025-06-26T15:00+00:00,4115,2.1,989.9,39.0,0.0,0.0,32.8,308
2025-06-26T16:00+00:00,4115,1.4,989.7,46.0,0.0,0.0,31.3,162
2025-06-26T17:00+00:00,4115,1.4,990.7,45.0,0.0,0.0,30.0,57
2025-06-26T18:00+00:00,4115,4.8,993.1,56.0,0.0,0.0,26.9,13
2025-06-26T19:00+00:00,4115,4.6,993.7,73.0,0.1,0.0,23.7,0
2025-06-26T20:00+00:00,4115,4.5,994.9,80.0,0.2,0.0,22.0,0
2025-06-26T21:00+00:00,4115,1.9,996.4,83.0,0.2,0.0,21.6,0
2025-06-26T22:00+00:00,4115,2.9,996.6,72.0,0.1,0.0,22.4,0
2025-06-26T23:00+00:00,4115,3.5,995.9,74.0,0.0,0.0,21.8,0
2025-06-27T00:00+00:00,4115,3.7,995.5,74.0,0.1,0.0,21.2,0
2025-06-27T01:00+00:00,4115,4.4,996.0,75.0,0.0,0.0,21.1,0
2025-06-27T02:00+00:00,4115,3.8,996.5,77.0,0.0,0.0,20.7,0
2025-06-27T03:00+00:00,4115,3.8,996.6,77.0,0.0,0.0,20.6,0
2025-06-27T04:00+00:00,4115,3.2,997.0,78.0,0.0,0.1,20.6,27
2025-06-27T05:00+00:00,4115,2.8,997.7,76.0,0.0,0.3,21.1,103
2025-06-27T06:00+00:00,4115,3.1,997.7,68.0,0.0,1.0,23.0,322
2025-06-27T07:00+00:00,4115,2.9,998.0,64.0,0.0,1.0,24.0,483
2025-06-27T08:00+00:00,4115,2.9,997.8,59.0,0.0,1.0,25.6,620
2025-06-27T09:00+00:00,4115,3.2,997.8,57.0,0.0,0.8,26.4,658
2025-06-27T10:00+00:00,4115,3.5,997.6,55.0,0.0,0.9,27.1,803
2025-06-27T11:00+00:00,4115,3.4,997.4,48.0,0.0,0.8,28.4,764
2025-06-27T12:00+00:00,4115,3.9,996.8,47.0,0.0,0.9,29.0,818
2025-06-27T13:00+00:00,4115,4.2,996.7,48.0,0.0,0.7,27.9,651
2025-06-27T14:00+00:00,4115,4.1,996.7,50.0,0.0,0.4,27.4,428
2025-06-27T15:00+00:00,4115,3.2,997.1,54.0,0.0,0.3,26.1,336
2025-06-27T16:00+00:00,4115,3.5,997.5,65.0,0.0,0.0,24.4,163
2025-06-27T17:00+00:00,4115,2.8,997.7,70.0,0.0,0.1,23.8,153
2025-06-27T18:00+00:00,4115,2.3,997.6,68.0,0.0,0.0,23.4,83
2025-06-27T19:00+00:00,4115,2.4,998.1,79.0,0.0,0.0,22.0,13
2025-06-27T20:00+00:00,4115,2.8,999.3,80.0,0.0,0.0,21.9,0
2025-06-27T21:00+00:00,4115,2.1,1000.0,81.0,0.4,0.0,20.9,0
2025-06-27T22:00+00:00,4115,2.1,1000.7,79.0,0.0,0.0,20.5,0
2025-06-27T23:00+00:00,4115,2.5,1000.9,74.0,0.0,0.0,19.9,0
2025-06-28T00:00+00:00,4115,1.8,1001.2,73.0,0.0,0.0,19.4,0
2025-06-28T01:00+00:00,4115,1.5,1001.3,74.0,0.0,0.0,19.1,0
2025-06-28T02:00+00:00,4115,1.6,1001.8,75.0,0.0,0.0,19.0,0
2025-06-28T03:00+00:00,4115,1.2,1001.9,76.0,0.0,0.0,18.5,0
2025-06-28T04:00+00:00,4115,1.1,1002.3,77.0,0.0,0.0,18.4,8
2025-06-28T05:00+00:00,4115,1.5,1002.6,75.0,0.0,0.0,18.6,22
2025-06-28T06:00+00:00,4115,1.8,1002.5,71.0,0.0,0.0,20.1,122
2025-06-28T07:00+00:00,4115,2.3,1002.9,64.0,0.0,0.2,20.9,308
2025-06-28T08:00+00:00,4115,2.8,1003.1,63.0,0.0,0.1,21.1,316
2025-06-28T09:00+00:00,4115,2.9,1002.9,57.0,0.0,0.5,23.6,569
2025-06-28T10:00+00:00,4115,2.4,1002.5,53.0,0.0,0.5,24.0,572
2025-06-28T11:00+00:00,4115,2.4,1001.6,49.0,0.0,0.6,25.3,643
2025-06-28T12:00+00:00,4115,3.4,1001.0,44.0,0.0,1.0,27.7,851
2025-06-28T13:00+00:00,4115,4.5,1000.5,42.0,0.0,1.0,28.6,820
2025-06-28T14:00+00:00,4115,4.0,1000.1,42.0,0.0,1.0,29.4,713
2025-06-28T15:00+00:00,4115,4.5,999.8,43.0,0.0,1.0,29.6,583
2025-06-28T16:00+00:00,4115,4.4,999.6,43.0,0.0,1.0,29.3,423
2025-06-28T17:00+00:00,4115,4.1,999.5,45.0,0.0,0.7,28.7,224
2025-06-28T18:00+00:00,4115,3.0,999.3,50.0,0.0,0.9,27.3,123
2025-06-28T19:00+00:00,4115,1.6,999.3,58.0,0.0,0.4,25.0,23
2025-06-28T20:00+00:00,4115,2.2,1000.0,58.0,0.0,0.0,24.7,0
2025-06-28T21:00+00:00,4115,2.3,1000.2,61.0,0.0,0.0,23.9,0
2025-06-28T22:00+00:00,4115,1.3,1000.2,64.0,0.0,0.0,23.2,0
2025-06-28T23:00+00:00,4115,1.4,1000.3,64.0,0.0,0.0,23.5,0
2025-06-29T00:00+00:00,4115,1.7,1000.0,68.0,0.0,0.0,22.7,0
2025-06-29T01:00+00:00,4115,1.7,999.9,66.0,0.0,0.0,23.1,0
2025-06-29T02:00+00:00,4115,1.2,999.9,69.0,0.0,0.0,22.3,0
2025-06-29T03:00+00:00,4115,1.2,999.9,69.0,0.0,0.0,22.3,0
2025-06-29T04:00+00:00,4115,2.5,999.8,66.0,0.0,0.1,23.0,23
2025-06-29T05:00+00:00,4115,3.2,999.8,61.0,0.0,0.9,24.5,158
2025-06-29T06:00+00:00,4115,4.1,999.9,60.0,0.0,1.0,25.2,320
2025-06-29T07:00+00:00,4115,3.6,1000.2,59.0,0.0,1.0,26.3,477
2025-06-29T08:00+00:00,4115,2.5,999.9,50.0,0.0,1.0,28.6,617
2025-06-29T09:00+00:00,4115,3.0,999.7,47.0,0.0,1.0,29.6,738
2025-06-29T10:00+00:00,4115,2.9,999.3,42.0,0.0,0.9,30.6,777
2025-06-29T11:00+00:00,4115,3.1,998.8,38.0,0.0,1.0,31.5,857
2025-06-29T12:00+00:00,4115,4.1,998.5,39.0,0.0,0.8,31.7,785
2025-06-29T13:00+00:00,4115,4.1,997.8,37.0,0.0,0.9,32.3,797
2025-06-29T14:00+00:00,4115,3.7,997.1,37.0,0.0,0.9,32.3,691
2025-06-29T15:00+00:00,4115,3.7,996.7,35.0,0.0,1.0,32.7,566
2025-06-29T16:00+00:00,4115,4.1,996.4,35.0,0.0,0.7,31.9,358
2025-06-29T17:00+00:00,4115,3.6,996.0,40.0,0.0,0.8,30.5,229
2025-06-29T18:00+00:00,4115,2.0,996.0,43.0,0.0,0.5,29.6,89
2025-06-29T19:00+00:00,4115,1.2,996.0,63.0,0.0,0.4,24.6,24
2025-06-29T20:00+00:00,4115,1.7,996.3,63.0,0.0,0.0,23.9,0
2025-06-29T21:00+00:00,4115,2.2,996.7,58.0,0.0,0.0,24.7,0
2025-06-29T22:00+00:00,4115,2.6,996.9,51.0,0.0,0.0,25.1,0
2025-06-29T23:00+00:00,4115,2.3,996.9,53.0,0.0,0.0,24.6,0
2025-06-30T00:00+00:00,4115,2.7,996.9,60.0,0.0,0.0,23.7,0
2025-06-30T01:00+00:00,4115,2.7,997.1,62.0,0.0,0.0,23.0,0
2025-06-30T02:00+00:00,4115,2.7,997.4,64.0,0.0,0.0,22.6,0
2025-06-30T03:00+00:00,4115,3.0,997.3,68.0,0.0,0.0,21.6,0
2025-06-30T04:00+00:00,4115,3.3,997.4,68.0,0.0,0.5,21.8,37
2025-06-30T05:00+00:00,4115,3.0,997.7,65.0,0.0,0.8,22.9,143
2025-06-30T06:00+00:00,4115,2.8,997.9,62.0,0.0,1.0,24.0,318
2025-06-30T07:00+00:00,4115,2.6,997.9,58.0,0.0,1.0,25.4,465
2025-06-30T08:00+00:00,4115,2.8,998.1,51.0,0.0,0.8,26.6,522
2025-06-30T09:00+00:00,4115,2.7,998.0,48.0,0.0,0.9,28.0,728
2025-06-30T10:00+00:00,4115,3.2,997.7,42.0,0.0,1.0,28.6,842
2025-06-30T11:00+00:00,4115,3.2,996.9,42.0,0.0,1.0,29.9,840
2025-06-30T12:00+00:00,4115,3.7,996.6,38.0,0.0,1.0,30.2,844
2025-06-30T13:00+00:00,4115,4.2,996.0,36.0,0.0,1.0,30.6,789
2025-06-30T14:00+00:00,4115,4.6,995.7,30.0,0.0,1.0,30.7,720
2025-06-30T15:00+00:00,4115,4.1,995.3,27.0,0.0,1.0,30.7,591
2025-06-30T16:00+00:00,4115,4.1,994.9,24.0,0.0,1.0,30.1,440
2025-06-30T17:00+00:00,4115,4.0,994.7,23.0,0.0,1.0,29.0,275
2025-06-30T18:00+00:00,4115,3.6,994.7,25.0,0.0,1.0,27.4,128
2025-06-30T19:00+00:00,4115,3.6,994.8,33.0,0.0,0.4,24.4,24
2025-06-30T20:00+00:00,4115,2.6,995.5,30.0,0.0,0.0,22.5,0
2025-06-30T21:00+00:00,4115,2.7,996.0,33.0,0.0,0.0,22.3,0
2025-06-30T22:00+00:00,4115,3.3,996.6,38.0,0.0,0.0,20.4,0
2025-06-30T23:00+00:00,4115,3.1,996.7,43.0,0.0,0.0,18.6,0
2025-07-01T00:00+00:00,4115,2.1,997.1,50.0,0.0,0.0,17.0,0
2025-07-01T01:00+00:00,4115,0.9,997.4,60.0,0.0,0.0,14.3,0
2025-07-01T02:00+00:00,4115,1.8,997.4,58.0,0.0,0.0,14.9,0
2025-07-01T03:00+00:00,4115,1.4,997.6,59.0,0.0,0.0,15.0,0
2025-07-01T04:00+00:00,4115,1.1,997.8,66.0,0.0,0.7,15.2,44
2025-07-01T05:00+00:00,4115,0.4,998.2,52.0,0.0,1.0,19.6,177
2025-07-01T06:00+00:00,4115,0.5,998.6,41.0,0.0,1.0,22.4,331
2025-07-01T07:00+00:00,4115,1.2,998.6,39.0,0.0,1.0,23.8,495
2025-07-01T08:00+00:00,4115,1.9,998.4,33.0,0.0,1.0,26.0,639
2025-07-01T09:00+00:00,4115,1.8,998.1,27.0,0.0,1.0,26.3,761
2025-07-01T10:00+00:00,4115,1.5,997.8,26.0,0.0,1.0,27.4,846
2025-07-01T11:00+00:00,4115,1.0,997.5,26.0,0.0,1.0,28.4,876
2025-07-01T12:00+00:00,4115,1.2,997.0,21.0,0.0,1.0,29.2,874
2025-07-01T13:00+00:00,4115,1.2,996.6,22.0,0.0,1.0,30.1,826
2025-07-01T14:00+00:00,4115,1.7,996.3,23.0,0.0,1.0,30.5,727
2025-07-01T15:00+00:00,4115,1.6,995.8,20.0,0.0,1.0,30.7,598
2025-07-01T16:00+00:00,4115,1.8,995.5,21.0,0.0,1.0,30.5,446
2025-07-01T17:00+00:00,4115,2.2,995.5,24.0,0.0,1.0,29.4,275
2025-07-01T18:00+00:00,4115,2.3,995.5,30.0,0.0,1.0,27.0,128
2025-07-01T19:00+00:00,4115,2.5,995.7,45.0,0.0,0.4,21.5,24
2025-07-01T20:00+00:00,4115,3.1,996.0,41.0,0.0,0.0,20.1,0
2025-07-01T21:00+00:00,4115,2.2,996.5,42.0,0.0,0.0,18.9,0
2025-07-01T22:00+00:00,4115,0.7,996.7,46.0,0.0,0.0,18.7,0
2025-07-01T23:00+00:00,4115,0.7,996.8,55.0,0.0,0.0,16.5,0
2025-07-02T00:00+00:00,4115,0.6,996.5,57.0,0.0,0.0,15.5,0
2025-07-02T01:00+00:00,4115,0.4,996.8,63.0,0.0,0.0,14.1,0
2025-07-02T02:00+00:00,4115,1.0,996.8,64.0,0.0,0.0,13.7,0
2025-07-02T03:00+00:00,4115,0.7,997.1,72.0,0.0,0.0,12.3,0
2025-07-02T04:00+00:00,4115,0.8,997.5,69.0,0.0,0.8,14.6,48
2025-07-02T05:00+00:00,4115,1.1,997.7,45.0,0.0,1.0,20.2,182
2025-07-02T06:00+00:00,4115,1.0,997.7,46.0,0.0,1.0,22.5,334
2025-07-02T07:00+00:00,4115,1.3,997.7,41.0,0.0,1.0,24.6,497
2025-07-02T08:00+00:00,4115,1.5,997.7,39.0,0.0,1.0,26.6,640
2025-07-02T09:00+00:00,4115,1.9,997.6,37.0,0.0,1.0,27.6,761
2025-07-02T10:00+00:00,4115,2.4,997.1,30.0,0.0,1.0,30.1,840
2025-07-02T11:00+00:00,4115,2.5,996.7,29.0,0.0,1.0,31.6,869
2025-07-02T12:00+00:00,4115,2.7,996.2,26.0,0.0,1.0,33.1,862
2025-07-02T13:00+00:00,4115,2.9,995.6,23.0,0.0,1.0,33.0,811
2025-07-02T14:00+00:00,4115,2.9,995.2,24.0,0.0,1.0,34.1,712
2025-07-02T15:00+00:00,4115,2.9,994.6,23.0,0.0,1.0,34.1,584
2025-07-02T16:00+00:00,4115,2.5,994.1,22.0,0.0,1.0,33.5,430
2025-07-02T17:00+00:00,4115,2.8,993.7,24.0,0.0,1.0,32.8,262
2025-07-02T18:00+00:00,4115,2.5,993.4,27.0,0.0,1.0,31.0,120
2025-07-02T19:00+00:00,4115,2.0,993.5,37.0,0.0,0.4,27.8,21
2025-07-02T20:00+00:00,4115,1.8,993.8,42.0,0.0,0.0,25.8,0
2025-07-02T21:00+00:00,4115,2.0,993.8,42.0,0.0,0.0,25.7,0
2025-07-02T22:00+00:00,4115,2.6,993.6,40.0,0.0,0.0,25.7,0
2025-07-02T23:00+00:00,4115,2.6,993.7,41.0,0.0,0.0,25.2,0
2025-07-03T00:00+00:00,4115,0.5,993.8,54.0,0.0,0.0,21.0,0
2025-07-03T01:00+00:00,4115,0.7,993.6,57.0,0.0,0.0,19.9,0
2025-07-03T02:00+00:00,4115,0.7,994.0,70.0,0.0,0.0,17.5,0
2025-07-03T03:00+00:00,4115,2.1,994.4,77.0,0.0,0.0,16.4,0
2025-07-03T04:00+00:00,4115,2.3,994.6,67.0,0.0,0.6,19.1,40
2025-07-03T05:00+00:00,4115,1.7,994.8,60.0,0.0,1.0,22.0,166
2025-07-03T06:00+00:00,4115,1.2,994.9,46.0,0.0,1.0,25.9,315
2025-07-03T07:00+00:00,4115,1.0,995.1,44.0,0.0,1.0,28.4,475
2025-07-03T08:00+00:00,4115,1.2,995.1,36.0,0.0,1.0,30.6,629
2025-07-03T09:00+00:00,4115,1.2,995.1,30.0,0.0,1.0,32.4,726
2025-07-03T10:00+00:00,4115,1.6,995.2,32.0,0.0,1.0,33.7,815
2025-07-03T11:00+00:00,4115,1.8,995.1,31.0,0.0,1.0,34.7,839
2025-07-03T12:00+00:00,4115,1.8,994.8,26.0,0.0,1.0,35.1,839
2025-07-03T13:00+00:00,4115,1.1,994.2,26.0,0.0,1.0,36.1,750
2025-07-03T14:00+00:00,4115,1.7,994.4,27.0,0.0,1.0,36.1,689
2025-07-03T15:00+00:00,4115,4.1,995.4,43.0,0.0,0.1,30.0,206
2025-07-03T16:00+00:00,4115,4.5,995.6,50.0,0.0,0.1,28.1,253
2025-07-03T17:00+00:00,4115,2.9,997.4,49.0,0.0,0.0,27.7,133
2025-07-03T18:00+00:00,4115,3.3,997.8,70.0,0.5,0.0,24.0,16
2025-07-03T19:00+00:00,4115,3.2,998.0,56.0,0.0,0.0,24.7,3
2025-07-03T20:00+00:00,4115,4.3,999.1,68.0,0.0,0.0,22.6,0
2025-07-03T21:00+00:00,4115,4.3,999.7,73.0,0.0,0.0,22.4,0
2025-07-03T22:00+00:00,4115,4.3,999.6,80.0,0.0,0.0,21.6,0
2025-07-03T23:00+00:00,4115,3.1,999.9,81.0,0.0,0.0,21.4,0
2025-07-04T00:00+00:00,4115,3.3,999.6,87.0,0.2,0.0,20.7,0
2025-07-04T01:00+00:00,4115,3.2,999.9,84.0,0.0,0.0,20.8,0
2025-07-04T02:00+00:00,4115,3.1,999.9,83.0,0.0,0.0,20.5,0
2025-07-04T03:00+00:00,4115,2.8,1000.0,80.0,0.0,0.0,20.2,0
2025-07-04T04:00+00:00,4115,2.8,1000.2,79.0,0.0,0.0,20.0,12
2025-07-04T05:00+00:00,4115,2.7,1000.5,81.0,0.0,0.0,20.1,60
2025-07-04T06:00+00:00,4115,3.2,1000.8,75.0,0.0,0.0,21.0,162
2025-07-04T07:00+00:00,4115,3.0,1000.9,68.0,0.0,0.0,21.4,225
2025-07-04T08:00+00:00,4115,3.2,1000.9,57.0,0.0,0.7,24.3,525
2025-07-04T09:00+00:00,4115,2.7,1000.7,53.0,0.0,0.7,25.6,678
2025-07-04T10:00+00:00,4115,3.3,1001.2,54.0,0.0,0.6,24.5,625
2025-07-04T11:00+00:00,4115,3.5,1001.3,62.0,0.0,0.0,23.1,222
2025-07-04T12:00+00:00,4115,3.3,1001.2,71.0,0.1,0.0,23.1,268
2025-07-04T13:00+00:00,4115,2.6,1001.1,64.0,0.0,0.0,23.7,350
2025-07-04T14:00+00:00,4115,2.3,1000.7,57.0,0.0,0.2,25.5,361
2025-07-04T15:00+00:00,4115,2.3,1000.5,61.0,0.0,0.1,24.1,246
2025-07-04T16:00+00:00,4115,2.7,1000.3,59.0,0.0,0.3,24.2,263
2025-07-04T17:00+00:00,4115,2.3,1000.2,54.0,0.0,0.8,24.9,219
2025-07-04T18:00+00:00,4115,1.6,1000.5,58.0,0.0,1.0,24.0,119
2025-07-04T19:00+00:00,4115,1.6,1000.7,67.0,0.0,0.3,22.0,24
2025-07-04T20:00+00:00,4115,1.9,1001.1,73.0,0.0,0.0,20.6,0
2025-07-04T21:00+00:00,4115,1.7,1001.1,69.0,0.0,0.0,18.9,0
2025-07-04T22:00+00:00,4115,2.0,1000.9,62.0,0.0,0.0,17.7,0
2025-07-04T23:00+00:00,4115,1.9,1001.1,79.0,0.0,0.0,16.2,0
2025-07-05T00:00+00:00,4115,1.4,1001.1,82.0,0.0,0.0,14.7,0
2025-07-05T01:00+00:00,4115,1.3,1000.8,83.0,0.0,0.0,13.9,0
2025-07-05T02:00+00:00,4115,0.9,1000.5,87.0,0.0,0.0,13.3,0
2025-07-05T03:00+00:00,4115,0.5,1000.5,92.0,0.0,0.0,11.9,0
2025-07-05T04:00+00:00,4115,0.4,1000.2,89.0,0.0,0.5,13.7,38
2025-07-05T05:00+00:00,4115,0.3,1000.0,77.0,0.0,1.0,17.7,165
2025-07-05T06:00+00:00,4115,0.8,999.9,69.0,0.0,1.0,19.1,317
2025-07-05T07:00+00:00,4115,1.2,999.2,58.0,0.0,1.0,22.4,481
2025-07-05T08:00+00:00,4115,1.5,998.6,49.0,0.0,1.0,24.9,622
2025-07-05T09:00+00:00,4115,2.3,998.1,39.0,0.0,1.0,25.9,728
2025-07-05T10:00+00:00,4115,2.3,997.1,35.0,0.0,1.0,27.7,803
2025-07-05T11:00+00:00,4115,2.4,996.3,32.0,0.0,1.0,28.7,859
2025-07-05T12:00+00:00,4115,2.4,995.5,32.0,0.0,1.0,28.9,854
2025-07-05T13:00+00:00,4115,2.5,994.5,33.0,0.0,1.0,29.5,802
2025-07-05T14:00+00:00,4115,2.4,993.6,33.0,0.0,1.0,30.1,704
2025-07-05T15:00+00:00,4115,2.0,992.7,33.0,0.0,1.0,30.4,572
2025-07-05T16:00+00:00,4115,2.1,992.0,34.0,0.0,1.0,30.1,411
2025-07-05T17:00+00:00,4115,2.0,991.9,36.0,0.0,1.0,29.2,215
2025-07-05T18:00+00:00,4115,1.7,991.6,42.0,0.0,1.0,27.5,95
2025-07-05T19:00+00:00,4115,1.5,991.8,50.0,0.0,0.0,24.5,17
2025-07-05T20:00+00:00,4115,1.9,992.0,54.0,0.0,0.0,22.7,0
2025-07-05T21:00+00:00,4115,1.6,992.1,60.0,0.0,0.0,21.3,0
2025-07-05T22:00+00:00,4115,1.5,991.9,64.0,0.0,0.0,20.3,0
2025-07-05T23:00+00:00,4115,2.0,991.5,70.0,0.0,0.0,18.3,0
2025-07-06T00:00+00:00,4115,1.3,991.2,76.0,0.0,0.0,16.8,0
2025-07-06T01:00+00:00,4115,0.6,990.8,81.0,0.0,0.0,15.9,0
2025-07-06T02:00+00:00,4115,0.9,990.7,83.0,0.0,0.0,15.3,0
2025-07-06T03:00+00:00,4115,0.7,990.5,85.0,0.0,0.0,15.3,0
2025-07-06T04:00+00:00,4115,0.7,990.7,84.0,0.0,0.5,16.4,38
2025-07-06T05:00+00:00,4115,0.2,990.5,71.0,0.0,1.0,19.5,161
2025-07-06T06:00+00:00,4115,0.7,990.7,64.0,0.0,1.0,22.3,311
2025-07-06T07:00+00:00,4115,0.5,990.4,51.0,0.0,1.0,26.3,470
2025-07-06T08:00+00:00,4115,1.0,989.9,47.0,0.0,1.0,27.5,608
2025-07-06T09:00+00:00,4115,1.0,989.2,38.0,0.0,1.0,30.5,735
2025-07-06T10:00+00:00,4115,1.5,988.6,29.0,0.0,1.0,31.1,815
2025-07-06T11:00+00:00,4115,1.7,987.9,30.0,0.0,1.0,32.5,843
2025-07-06T12:00+00:00,4115,2.5,987.0,29.0,0.0,1.0,33.3,825
2025-07-06T13:00+00:00,4115,2.2,986.0,28.0,0.0,1.0,33.5,702
2025-07-06T14:00+00:00,4115,2.5,985.1,27.0,0.0,1.0,33.3,634
2025-07-06T15:00+00:00,4115,2.7,984.1,31.0,0.0,0.6,33.6,380
2025-07-06T16:00+00:00,4115,3.2,982.9,31.0,0.0,0.7,32.0,358
2025-07-06T17:00+00:00,4115,2.8,982.7,36.0,0.0,0.0,30.6,52
2025-07-06T18:00+00:00,4115,4.3,985.2,81.0,0.4,0.0,21.7,4
2025-07-06T19:00+00:00,4115,1.8,985.4,90.0,3.0,0.0,19.3,0
2025-07-06T20:00+00:00,4115,2.9,985.3,87.0,0.1,0.0,18.9,0
2025-07-06T21:00+00:00,4115,1.0,985.6,93.0,0.0,0.0,18.7,0
2025-07-06T22:00+00:00,4115,1.5,985.1,91.0,1.6,0.0,18.4,0
2025-07-06T23:00+00:00,4115,1.9,984.1,92.0,1.3,0.0,18.3,0
2025-07-07T00:00+00:00,4115,1.8,983.6,86.0,0.4,0.0,18.3,0
2025-07-07T01:00+00:00,4115,2.8,983.7,88.0,2.3,0.0,18.2,0
2025-07-07T02:00+00:00,4115,2.9,983.8,89.0,0.0,0.0,18.2,0
2025-07-07T03:00+00:00,4115,3.2,983.8,88.0,0.0,0.0,18.1,0
2025-07-07T04:00+00:00,4115,3.6,983.8,91.0,0.8,0.0,17.3,8
2025-07-07T05:00+00:00,4115,3.4,984.5,95.0,2.8,0.0,16.6,17
2025-07-07T06:00+00:00,4115,2.3,984.2,95.0,1.9,0.0,16.6,59
2025-07-07T07:00+00:00,4115,2.6,984.7,94.0,0.2,0.0,16.7,53
2025-07-07T08:00+00:00,4115,2.9,984.4,94.0,1.4,0.0,16.6,99
2025-07-07T09:00+00:00,4115,2.7,985.1,94.0,0.2,0.0,16.6,93
2025-07-07T10:00+00:00,4115,2.8,984.6,93.0,1.1,0.0,17.0,155
2025-07-07T11:00+00:00,4115,2.8,984.4,90.0,0.0,0.0,17.2,296
2025-07-07T12:00+00:00,4115,2.1,984.6,87.0,0.0,0.0,17.7,133
2025-07-07T13:00+00:00,4115,2.0,984.0,82.0,0.0,0.0,18.6,203
2025-07-07T14:00+00:00,4115,2.0,983.6,77.0,0.0,0.0,19.9,359
2025-07-07T15:00+00:00,4115,2.0,983.1,63.0,0.0,0.9,22.0,626
2025-07-07T16:00+00:00,4115,1.6,982.7,63.0,0.0,0.9,22.8,403
2025-07-07T17:00+00:00,4115,1.0,982.6,61.0,0.0,0.9,22.8,234
2025-07-07T18:00+00:00,4115,1.1,982.9,63.0,0.0,1.0,22.5,119
2025-07-07T19:00+00:00,4115,0.9,982.7,86.0,0.0,0.4,18.4,20
2025-07-07T20:00+00:00,4115,0.7,983.1,92.0,0.0,0.0,16.3,0
2025-07-07T21:00+00:00,4115,1.2,983.3,93.0,0.0,0.0,16.2,0
2025-07-07T22:00+00:00,4115,0.6,984.1,92.0,0.0,0.0,16.6,0
2025-07-07T23:00+00:00,4115,2.0,984.1,75.0,0.0,0.0,18.4,0
2025-07-08T00:00+00:00,4115,3.9,984.1,78.0,0.0,0.0,18.4,0
2025-07-08T01:00+00:00,4115,4.9,984.4,86.0,0.0,0.0,16.9,0
2025-07-08T02:00+00:00,4115,3.9,984.4,93.0,2.1,0.0,15.5,0
2025-07-08T03:00+00:00,4115,3.1,984.6,93.0,0.2,0.0,15.2,0
2025-07-08T04:00+00:00,4115,2.8,984.5,90.0,0.0,0.0,15.2,7
2025-07-08T05:00+00:00,4115,3.4,984.6,88.0,0.0,0.0,15.0,7
2025-07-08T06:00+00:00,4115,2.6,985.6,96.0,2.3,0.0,14.4,9
2025-07-08T07:00+00:00,4115,1.9,984.9,94.0,2.8,0.0,14.7,66
2025-07-08T08:00+00:00,4115,2.2,984.9,92.0,0.4,0.0,15.6,242
2025-07-08T09:00+00:00,4115,2.9,984.9,87.0,0.0,0.0,16.4,319
2025-07-08T10:00+00:00,4115,2.5,985.1,86.0,0.0,0.0,16.6,184
2025-07-08T11:00+00:00,4115,2.3,985.3,90.0,0.4,0.0,16.3,168
2025-07-08T12:00+00:00,4115,2.4,984.7,86.0,0.0,0.0,16.8,203
2025-07-08T13:00+00:00,4115,2.7,985.1,84.0,0.0,0.0,16.7,153
2025-07-08T14:00+00:00,4115,4.2,986.0,92.0,0.6,0.0,15.7,112
2025-07-08T15:00+00:00,4115,3.5,987.0,94.0,3.4,0.0,14.9,99
2025-07-08T16:00+00:00,4115,3.7,987.4,91.0,0.7,0.0,14.3,85
2025-07-08T17:00+00:00,4115,4.0,987.9,94.0,0.8,0.0,13.5,78
2025-07-08T18:00+00:00,4115,3.9,988.5,92.0,0.3,0.0,13.0,26
2025-07-08T19:00+00:00,4115,4.0,989.1,93.0,0.5,0.0,12.7,3
2025-07-08T20:00+00:00,4115,4.2,989.6,91.0,0.5,0.0,12.8,0
2025-07-08T21:00+00:00,4115,3.6,990.0,89.0,0.2,0.0,13.3,0
2025-07-08T22:00+00:00,4115,4.1,990.3,91.0,0.1,0.0,13.4,0
2025-07-08T23:00+00:00,4115,3.8,990.7,92.0,0.4,0.0,13.2,0
2025-07-09T00:00+00:00,4115,3.3,990.5,91.0,0.5,0.0,13.1,0
2025-07-09T01:00+00:00,4115,3.2,990.7,87.0,0.6,0.0,13.1,0
2025-07-09T02:00+00:00,4115,3.3,990.7,84.0,0.3,0.0,13.1,0
2025-07-09T03:00+00:00,4115,3.6,990.5,78.0,0.1,0.0,13.6,0
2025-07-09T04:00+00:00,4115,3.5,990.9,76.0,0.0,0.0,13.9,8
2025-07-09T05:00+00:00,4115,3.7,991.3,74.0,0.0,0.0,14.3,35
2025-07-09T06:00+00:00,4115,3.9,991.8,74.0,0.0,0.0,14.7,105
2025-07-09T07:00+00:00,4115,3.8,991.9,69.0,0.0,0.5,17.2,324
2025-07-09T08:00+00:00,4115,4.2,992.2,65.0,0.0,0.4,17.4,420
2025-07-09T09:00+00:00,4115,4.1,992.2,62.0,0.0,0.2,18.9,447
2025-07-09T10:00+00:00,4115,4.5,992.6,60.0,0.0,0.2,18.3,335
2025-07-09T11:00+00:00,4115,4.3,992.6,56.0,0.0,0.5,20.1,595
2025-07-09T12:00+00:00,4115,4.3,992.7,53.0,0.0,0.2,20.2,380
2025-07-09T13:00+00:00,4115,4.0,992.7,53.0,0.0,0.0,20.2,213
2025-07-09T14:00+00:00,4115,3.3,992.7,53.0,0.0,0.0,20.4,260
2025-07-09T15:00+00:00,4115,4.2,993.4,52.0,0.0,0.1,19.9,184
2025-07-09T16:00+00:00,4115,3.7,993.4,54.0,0.0,0.5,20.4,334
2025-07-09T17:00+00:00,4115,3.9,993.7,54.0,0.0,0.6,19.5,198
2025-07-09T18:00+00:00,4115,3.1,993.8,60.0,0.0,0.0,18.1,63
2025-07-09T19:00+00:00,4115,2.7,994.1,66.0,0.0,0.0,17.5,12
2025-07-09T20:00+00:00,4115,3.0,994.4,66.0,0.0,0.0,17.2,0
2025-07-09T21:00+00:00,4115,3.6,994.8,66.0,0.0,0.0,17.2,0
2025-07-09T22:00+00:00,4115,3.5,995.3,70.0,0.0,0.0,16.8,0
2025-07-09T23:00+00:00,4115,3.3,995.4,73.0,0.0,0.0,16.2,0
2025-07-10T00:00+00:00,4115,3.2,995.5,75.0,0.0,0.0,15.8,0
2025-07-10T01:00+00:00,4115,2.9,995.4,74.0,0.0,0.0,15.8,0
2025-07-10T02:00+00:00,4115,2.8,994.9,74.0,0.0,0.0,15.7,0
2025-07-10T03:00+00:00,4115,3.3,995.1,73.0,0.0,0.0,15.7,0
2025-07-10T04:00+00:00,4115,3.3,995.2,74.0,0.0,0.0,15.7,10
2025-07-10T05:00+00:00,4115,3.1,995.2,73.0,0.0,0.0,16.3,75
2025-07-10T06:00+00:00,4115,3.0,995.1,70.0,0.0,0.4,17.0,257
2025-07-10T07:00+00:00,4115,2.4,995.5,79.0,0.0,0.0,16.2,70
2025-07-10T08:00+00:00,4115,2.2,994.9,74.0,0.0,0.0,17.6,169
2025-07-10T09:00+00:00,4115,3.4,995.1,63.0,0.0,0.0,19.2,247
2025-07-10T10:00+00:00,4115,3.6,995.3,82.0,1.2,0.0,17.1,234
2025-07-10T11:00+00:00,4115,3.2,995.2,89.0,3.2,0.0,16.3,230
2025-07-10T12:00+00:00,4115,2.9,995.1,68.0,0.0,0.4,19.7,537
2025-07-10T13:00+00:00,4115,3.4,994.8,57.0,0.0,0.2,21.3,453
2025-07-10T14:00+00:00,4115,2.2,995.1,67.0,0.0,0.0,19.3,179
2025-07-10T15:00+00:00,4115,2.4,994.9,79.0,0.5,0.0,17.5,127
2025-07-10T16:00+00:00,4115,2.5,994.3,62.0,0.0,0.9,20.9,421
2025-07-10T17:00+00:00,4115,2.9,994.2,61.0,0.0,1.0,20.9,260
2025-07-10T18:00+00:00,4115,2.8,994.4,66.0,0.0,0.9,17.9,104
2025-07-10T19:00+00:00,4115,3.3,994.6,69.0,0.0,0.1,16.8,16
2025-07-10T20:00+00:00,4115,3.8,994.7,77.0,0.0,0.0,16.7,0
2025-07-10T21:00+00:00,4115,3.6,994.7,78.0,0.0,0.0,16.3,0
2025-07-10T22:00+00:00,4115,3.0,994.8,79.0,0.0,0.0,15.9,0
2025-07-10T23:00+00:00,4115,2.9,994.3,78.0,0.0,0.0,15.9,0
2025-07-11T00:00+00:00,4115,2.8,994.3,79.0,0.0,0.0,15.6,0
2025-07-11T01:00+00:00,4115,3.0,994.2,76.0,0.0,0.0,15.9,0
2025-07-11T02:00+00:00,4115,3.4,993.8,78.0,0.0,0.0,15.8,0
2025-07-11T03:00+00:00,4115,3.1,993.8,79.0,0.0,0.0,15.3,0
2025-07-11T04:00+00:00,4115,2.5,993.8,77.0,0.0,0.0,15.6,10
2025-07-11T05:00+00:00,4115,2.5,994.0,76.0,0.0,0.0,16.1,62
2025-07-11T06:00+00:00,4115,2.6,994.3,86.0,0.3,0.0,15.2,80
2025-07-11T07:00+00:00,4115,1.9,994.6,84.0,0.1,0.0,15.3,52
2025-07-11T08:00+00:00,4115,2.1,994.5,84.0,0.1,0.0,16.1,191
2025-07-11T09:00+00:00,4115,1.8,994.1,69.0,0.1,0.7,19.7,655
2025-07-11T10:00+00:00,4115,2.9,993.8,63.0,0.0,0.9,20.9,724
2025-07-11T11:00+00:00,4115,2.3,993.3,55.0,0.0,1.0,22.5,862
2025-07-11T12:00+00:00,4115,2.6,993.3,55.0,0.0,0.5,19.3,546
2025-07-11T13:00+00:00,4115,3.3,993.1,74.0,0.6,0.0,16.5,147
2025-07-11T14:00+00:00,4115,3.3,992.6,62.0,0.0,0.0,18.8,348
2025-07-11T15:00+00:00,4115,3.3,992.6,58.0,0.0,0.9,20.9,600
2025-07-11T16:00+00:00,4115,3.9,992.2,54.0,0.0,1.0,20.9,467
2025-07-11T17:00+00:00,4115,3.8,992.1,60.0,0.0,1.0,20.2,272
2025-07-11T18:00+00:00,4115,3.5,992.3,67.0,0.0,0.9,18.7,114
2025-07-11T19:00+00:00,4115,3.4,992.3,69.0,0.0,0.0,17.7,11
2025-07-11T20:00+00:00,4115,2.8,992.4,66.0,0.0,0.0,16.9,0
2025-07-11T21:00+00:00,4115,2.4,992.2,63.0,0.0,0.0,16.8,0
2025-07-11T22:00+00:00,4115,2.0,992.3,64.0,0.0,0.0,16.6,0
2025-07-11T23:00+00:00,4115,2.2,992.2,69.0,0.0,0.0,16.2,0
2025-07-12T00:00+00:00,4115,2.1,992.1,69.0,0.0,0.0,16.0,0
2025-07-12T01:00+00:00,4115,2.5,992.0,72.0,0.0,0.0,15.9,0
2025-07-12T02:00+00:00,4115,1.8,992.0,69.0,0.0,0.0,16.6,0
2025-07-12T03:00+00:00,4115,0.6,991.8,86.0,0.0,0.0,14.1,0
2025-07-12T04:00+00:00,4115,0.5,991.4,85.0,0.0,0.0,14.4,8
2025-07-12T05:00+00:00,4115,0.5,991.3,82.0,0.0,0.0,15.7,57
2025-07-12T06:00+00:00,4115,0.1,991.5,75.0,0.0,0.0,17.3,150
2025-07-12T07:00+00:00,4115,0.8,991.6,64.0,0.0,0.2,19.0,270
2025-07-12T08:00+00:00,4115,1.4,991.5,62.0,0.0,0.1,21.2,326
2025-07-12T09:00+00:00,4115,1.9,991.4,55.0,0.0,0.7,22.8,634
2025-07-12T10:00+00:00,4115,1.8,991.1,43.0,0.0,1.0,24.2,796
2025-07-12T11:00+00:00,4115,1.6,990.8,58.0,0.0,0.4,22.1,514
2025-07-12T12:00+00:00,4115,1.6,990.3,53.0,0.2,0.4,23.3,551
2025-07-12T13:00+00:00,4115,2.1,990.3,57.0,0.0,0.4,22.7,452
2025-07-12T14:00+00:00,4115,0.5,990.5,52.0,0.0,0.2,23.2,350
2025-07-12T15:00+00:00,4115,4.0,990.9,63.0,0.1,0.0,18.9,241
2025-07-12T16:00+00:00,4115,1.7,990.5,68.0,0.5,0.3,20.0,222
2025-07-12T17:00+00:00,4115,0.8,991.1,64.0,0.0,0.2,20.9,167
2025-07-12T18:00+00:00,4115,0.3,990.7,73.0,0.0,0.1,19.3,80
2025-07-12T19:00+00:00,4115,0.4,990.9,86.0,0.0,0.0,16.2,11
2025-07-12T20:00+00:00,4115,0.8,991.2,86.0,0.0,0.0,15.8,0
2025-07-12T21:00+00:00,4115,0.7,991.2,90.0,0.0,0.0,15.2,0
2025-07-12T22:00+00:00,4115,1.2,991.3,88.0,0.0,0.0,15.9,0
2025-07-12T23:00+00:00,4115,1.6,991.2,88.0,0.0,0.0,15.5,0
2025-07-13T00:00+00:00,4115,1.1,990.8,92.0,0.0,0.0,14.8,0
2025-07-13T01:00+00:00,4115,1.1,990.7,96.0,0.0,0.0,14.1,0
2025-07-13T02:00+00:00,4115,0.8,990.7,96.0,0.0,0.0,14.4,0
2025-07-13T03:00+00:00,4115,0.7,990.4,95.0,0.0,0.0,13.1,0
2025-07-13T04:00+00:00,4115,0.9,990.8,97.0,0.0,0.4,13.9,26
2025-07-13T05:00+00:00,4115,0.8,990.7,85.0,0.0,0.9,16.9,136
2025-07-13T06:00+00:00,4115,0.7,990.8,78.0,0.0,1.0,20.2,299
2025-07-13T07:00+00:00,4115,0.5,991.0,64.0,0.0,1.0,21.9,473
2025-07-13T08:00+00:00,4115,0.3,990.7,60.0,0.0,1.0,23.9,615
2025-07-13T09:00+00:00,4115,0.9,991.0,55.0,0.0,1.0,24.8,721
2025-07-13T10:00+00:00,4115,1.2,990.9,49.0,0.0,1.0,26.3,790
2025-07-13T11:00+00:00,4115,1.3,990.7,50.0,0.0,1.0,27.7,869
2025-07-13T12:00+00:00,4115,1.5,990.4,38.0,0.0,1.0,28.4,854
2025-07-13T13:00+00:00,4115,0.7,990.1,35.0,0.0,1.0,29.7,801
2025-07-13T14:00+00:00,4115,2.2,989.6,37.0,0.0,1.0,29.9,696
2025-07-13T15:00+00:00,4115,2.5,989.8,35.0,0.0,0.8,29.9,518
2025-07-13T16:00+00:00,4115,3.2,989.6,44.0,0.0,0.6,28.0,318
2025-07-13T17:00+00:00,4115,5.1,989.9,47.0,0.0,0.8,25.8,198
2025-07-13T18:00+00:00,4115,4.2,989.6,48.0,0.0,0.4,25.1,86
2025-07-13T19:00+00:00,4115,1.9,990.1,59.0,0.0,0.0,23.8,24
2025-07-13T20:00+00:00,4115,0.7,991.0,67.0,0.0,0.0,22.6,0
2025-07-13T21:00+00:00,4115,0.8,991.0,84.0,0.0,0.0,19.0,0
2025-07-13T22:00+00:00,4115,0.6,991.1,85.0,0.0,0.0,18.1,0
2025-07-13T23:00+00:00,4115,0.2,991.2,87.0,0.0,0.0,17.2,0
2025-07-14T00:00+00:00,4115,1.2,991.2,86.0,0.0,0.0,16.6,0
2025-07-14T01:00+00:00,4115,0.5,991.2,92.0,0.0,0.0,15.3,0
2025-07-14T02:00+00:00,4115,0.8,991.2,94.0,0.0,0.0,14.8,0
2025-07-14T03:00+00:00,4115,1.2,991.6,96.0,0.0,0.0,14.7,0
2025-07-14T04:00+00:00,4115,0.5,992.1,95.0,0.0,0.4,15.5,26
2025-07-14T05:00+00:00,4115,0.3,992.5,84.0,0.0,1.0,18.1,138
2025-07-14T06:00+00:00,4115,0.6,992.7,68.0,0.0,0.6,21.3,224
2025-07-14T07:00+00:00,4115,0.9,993.1,57.0,0.0,0.9,24.6,412
2025-07-14T08:00+00:00,4115,2.5,993.1,50.0,0.0,0.8,25.7,512
2025-07-14T09:00+00:00,4115,2.9,993.2,46.0,0.0,0.9,27.7,711
2025-07-14T10:00+00:00,4115,2.7,993.1,43.0,0.0,1.0,28.9,816
2025-07-14T11:00+00:00,4115,2.3,993.1,36.0,0.0,1.0,30.2,860
2025-07-14T12:00+00:00,4115,2.6,992.7,41.0,0.0,1.0,30.8,852
2025-07-14T13:00+00:00,4115,3.6,993.1,69.0,1.3,0.1,21.4,298
2025-07-14T14:00+00:00,4115,1.3,992.6,53.0,0.0,0.9,28.4,595
2025-07-14T15:00+00:00,4115,2.6,993.0,59.0,0.0,0.2,25.9,275
2025-07-14T16:00+00:00,4115,4.7,992.7,63.0,0.0,0.0,25.2,183
2025-07-14T17:00+00:00,4115,5.8,993.4,58.0,0.0,0.4,25.5,218
2025-07-14T18:00+00:00,4115,5.3,994.1,63.0,0.0,0.4,23.5,89
2025-07-14T19:00+00:00,4115,4.7,994.4,66.0,0.0,0.0,22.7,12
2025-07-14T20:00+00:00,4115,4.6,994.7,64.0,0.0,0.0,22.3,0
2025-07-14T21:00+00:00,4115,4.9,995.3,62.0,0.0,0.0,21.9,0
2025-07-14T22:00+00:00,4115,3.8,995.9,64.0,0.0,0.0,21.4,0
2025-07-14T23:00+00:00,4115,3.5,995.8,67.0,0.0,0.0,20.9,0
2025-07-15T00:00+00:00,4115,2.9,995.7,65.0,0.0,0.0,21.1,0
2025-07-15T01:00+00:00,4115,3.1,995.7,69.0,0.0,0.0,21.1,0
2025-07-15T02:00+00:00,4115,2.9,995.5,72.0,0.0,0.0,20.6,0
2025-07-15T03:00+00:00,4115,3.0,995.4,74.0,0.0,0.0,19.9,0
2025-07-15T04:00+00:00,4115,3.9,995.4,74.0,0.0,0.1,19.9,20
2025-07-15T05:00+00:00,4115,3.4,995.5,72.0,0.0,0.1,20.3,54
2025-07-15T06:00+00:00,4115,2.9,995.6,68.0,0.0,1.0,21.9,284
2025-07-15T07:00+00:00,4115,3.3,995.5,66.0,0.0,1.0,23.0,451
2025-07-15T08:00+00:00,4115,2.9,995.5,63.0,0.0,1.0,24.0,596
2025-07-15T09:00+00:00,4115,2.5,994.9,61.0,0.0,0.9,25.2,678
2025-07-15T10:00+00:00,4115,2.4,994.4,53.0,0.0,1.0,26.7,797
2025-07-15T11:00+00:00,4115,2.3,993.7,49.0,0.0,1.0,28.0,838
2025-07-15T12:00+00:00,4115,2.8,993.1,46.0,0.0,0.9,28.4,791
2025-07-15T13:00+00:00,4115,2.8,992.3,47.0,0.0,1.0,28.7,776
2025-07-15T14:00+00:00,4115,4.5,991.9,52.0,0.0,0.4,26.7,472
2025-07-15T15:00+00:00,4115,3.2,991.6,51.0,0.0,0.5,26.7,360
2025-07-15T16:00+00:00,4115,2.0,991.4,53.0,0.0,0.0,26.4,168
2025-07-15T17:00+00:00,4115,3.3,992.1,59.0,0.0,0.0,24.1,91
2025-07-15T18:00+00:00,4115,4.3,992.3,60.0,0.0,0.0,21.9,44
2025-07-15T19:00+00:00,4115,3.9,993.4,65.0,0.0,0.0,21.0,8
2025-07-15T20:00+00:00,4115,3.4,993.8,69.0,0.0,0.0,20.4,0
2025-07-15T21:00+00:00,4115,2.9,993.7,68.0,0.0,0.0,20.6,0
2025-07-15T22:00+00:00,4115,2.8,994.1,70.0,0.0,0.0,20.2,0
2025-07-15T23:00+00:00,4115,3.3,994.2,77.0,0.0,0.0,19.3,0
2025-07-16T00:00+00:00,4115,2.1,994.2,79.0,0.0,0.0,18.5,0
2025-07-16T01:00+00:00,4115,2.0,994.4,83.0,0.0,0.0,18.0,0
2025-07-16T02:00+00:00,4115,1.9,994.0,86.0,0.0,0.0,17.4,0
2025-07-16T03:00+00:00,4115,1.6,993.8,87.0,0.0,0.0,17.0,0
2025-07-16T04:00+00:00,4115,1.2,994.0,89.0,0.0,0.0,16.9,4
2025-07-16T05:00+00:00,4115,1.5,994.0,83.0,0.0,0.0,18.0,34
2025-07-16T06:00+00:00,4115,2.1,994.1,84.0,0.0,0.0,18.9,70
2025-07-16T07:00+00:00,4115,2.3,993.6,76.0,0.0,0.3,20.4,280
2025-07-16T08:00+00:00,4115,2.2,993.5,73.0,0.0,0.0,21.4,266
2025-07-16T09:00+00:00,4115,3.6,993.2,66.0,0.0,0.0,22.1,391
2025-07-16T10:00+00:00,4115,4.0,993.0,66.0,0.0,0.3,22.0,530
2025-07-16T11:00+00:00,4115,3.0,992.5,61.0,0.0,0.2,22.3,415
2025-07-16T12:00+00:00,4115,2.5,991.9,56.0,0.0,0.5,22.8,496
2025-07-16T13:00+00:00,4115,2.4,991.2,46.0,0.0,0.7,24.4,658
2025-07-16T14:00+00:00,4115,3.7,990.7,43.0,0.0,0.8,25.4,698
2025-07-16T15:00+00:00,4115,4.6,990.1,45.0,0.0,0.9,24.6,527
2025-07-16T16:00+00:00,4115,5.3,989.5,46.0,0.0,1.0,23.8,434
2025-07-16T17:00+00:00,4115,4.2,989.2,48.0,0.0,0.9,23.1,248
2025-07-16T18:00+00:00,4115,3.0,990.4,84.0,0.2,0.0,17.6,19
2025-07-16T19:00+00:00,4115,2.5,990.4,94.0,4.3,0.0,15.8,0
2025-07-16T20:00+00:00,4115,0.9,990.5,95.0,0.0,0.0,15.5,0
2025-07-16T21:00+00:00,4115,2.7,990.2,93.0,0.4,0.0,15.8,0
2025-07-16T22:00+00:00,4115,2.3,990.9,88.0,0.1,0.0,15.9,0
2025-07-16T23:00+00:00,4115,2.0,990.1,88.0,0.0,0.0,15.7,0
2025-07-17T00:00+00:00,4115,2.5,990.2,86.0,0.0,0.0,15.3,0
2025-07-17T01:00+00:00,4115,3.3,989.6,85.0,0.0,0.0,15.5,0
2025-07-17T02:00+00:00,4115,3.9,990.1,84.0,0.0,0.0,15.7,0
2025-07-17T03:00+00:00,4115,3.3,990.7,86.0,0.0,0.0,15.4,0
2025-07-17T04:00+00:00,4115,2.4,990.7,91.0,0.5,0.0,15.1,1
2025-07-17T05:00+00:00,4115,2.3,991.1,92.0,0.3,0.0,15.1,33
2025-07-17T06:00+00:00,4115,2.0,991.4,86.0,0.0,0.0,15.4,64
2025-07-17T07:00+00:00,4115,2.7,991.8,83.0,0.0,0.0,16.5,194
2025-07-17T08:00+00:00,4115,2.8,992.2,81.0,0.0,0.1,16.8,276
2025-07-17T09:00+00:00,4115,3.8,992.3,77.0,0.0,0.2,17.8,488
2025-07-17T10:00+00:00,4115,3.6,992.3,68.0,0.0,0.9,19.5,770
2025-07-17T11:00+00:00,4115,3.7,992.0,68.0,0.1,0.7,19.8,661
2025-07-17T12:00+00:00,4115,4.2,991.9,67.0,0.0,0.6,20.8,609
2025-07-17T13:00+00:00,4115,4.2,992.4,89.0,1.2,0.2,16.9,318
2025-07-17T14:00+00:00,4115,3.1,991.9,68.0,0.1,0.8,20.9,615
2025-07-17T15:00+00:00,4115,3.9,992.0,57.0,0.0,0.8,21.5,605
2025-07-17T16:00+00:00,4115,3.8,992.0,65.0,0.0,0.9,20.1,406
2025-07-17T17:00+00:00,4115,3.6,992.1,67.0,0.0,0.4,19.9,178
2025-07-17T18:00+00:00,4115,3.1,992.1,70.0,0.0,0.2,18.7,71
2025-07-17T19:00+00:00,4115,3.1,992.6,69.0,0.0,0.0,18.7,9
2025-07-17T20:00+00:00,4115,2.1,993.0,75.0,0.0,0.0,17.9,0
2025-07-17T21:00+00:00,4115,2.3,993.0,79.0,0.0,0.0,17.2,0
2025-07-17T22:00+00:00,4115,1.5,992.6,78.0,0.0,0.0,16.7,0
2025-07-17T23:00+00:00,4115,1.9,992.3,72.0,0.0,0.0,17.7,0
2025-07-18T00:00+00:00,4115,2.1,992.2,77.0,0.0,0.0,17.5,0
2025-07-18T01:00+00:00,4115,2.2,992.1,85.0,0.1,0.0,16.4,0
2025-07-18T02:00+00:00,4115,1.4,991.2,91.0,0.5,0.0,15.7,0
2025-07-18T03:00+00:00,4115,1.1,991.2,93.0,0.5,0.0,15.6,0
2025-07-18T04:00+00:00,4115,1.6,991.0,91.0,0.1,0.0,15.9,0
2025-07-18T05:00+00:00,4115,1.8,991.0,89.0,0.2,0.0,16.2,35
2025-07-18T06:00+00:00,4115,2.5,991.2,89.0,0.2,0.0,16.4,52
2025-07-18T07:00+00:00,4115,2.5,991.1,84.0,0.0,0.1,17.8,156
2025-07-18T08:00+00:00,4115,3.4,991.4,80.0,0.0,0.3,18.1,419
2025-07-18T09:00+00:00,4115,3.8,991.3,79.0,0.0,0.0,18.4,200
2025-07-18T10:00+00:00,4115,4.0,991.2,74.0,0.1,0.3,20.1,450
2025-07-18T11:00+00:00,4115,3.0,991.2,74.0,0.0,0.1,20.5,396
2025-07-18T12:00+00:00,4115,3.9,991.2,68.0,0.0,0.6,21.9,735
2025-07-18T13:00+00:00,4115,3.7,991.0,71.0,0.0,0.4,21.2,460
2025-07-18T14:00+00:00,4115,2.7,991.3,85.0,1.4,0.2,20.5,269
2025-07-18T15:00+00:00,4115,2.0,991.3,87.0,0.0,0.1,20.4,199
2025-07-18T16:00+00:00,4115,1.6,991.3,86.0,0.1,0.0,21.2,199
2025-07-18T17:00+00:00,4115,1.5,991.1,84.0,0.0,0.1,20.2,141
2025-07-18T18:00+00:00,4115,0.8,991.2,83.0,0.0,0.0,19.5,36
2025-07-18T19:00+00:00,4115,1.8,991.2,82.0,0.0,0.0,19.1,4
2025-07-18T20:00+00:00,4115,0.6,991.4,87.0,0.0,0.0,18.6,0
2025-07-18T21:00+00:00,4115,1.6,991.5,88.0,0.0,0.0,18.5,0
2025-07-18T22:00+00:00,4115,1.4,991.9,87.0,0.0,0.0,18.4,0
2025-07-18T23:00+00:00,4115,1.0,992.0,89.0,0.0,0.0,17.8,0
2025-07-19T00:00+00:00,4115,0.9,991.5,89.0,0.0,0.0,17.4,0
2025-07-19T01:00+00:00,4115,0.3,991.3,93.0,0.0,0.0,16.8,0
2025-07-19T02:00+00:00,4115,0.2,991.0,96.0,0.0,0.0,15.6,0
2025-07-19T03:00+00:00,4115,0.6,991.1,98.0,0.0,0.0,14.8,0
2025-07-19T04:00+00:00,4115,1.0,991.1,99.0,0.0,0.3,15.0,21
2025-07-19T05:00+00:00,4115,1.0,991.3,91.0,0.0,1.0,17.7,132
2025-07-19T06:00+00:00,4115,0.7,991.2,83.0,0.0,1.0,19.3,284
2025-07-19T07:00+00:00,4115,0.1,991.2,74.0,0.0,1.0,22.1,448
2025-07-19T08:00+00:00,4115,0.6,991.1,69.0,0.0,1.0,24.1,607
2025-07-19T09:00+00:00,4115,0.2,990.7,63.0,0.0,0.5,24.5,464
2025-07-19T10:00+00:00,4115,0.7,990.1,59.0,0.0,0.8,24.2,711
2025-07-19T11:00+00:00,4115,0.7,989.7,49.0,0.0,0.8,26.3,777
2025-07-19T12:00+00:00,4115,0.9,989.3,49.0,0.0,0.9,27.1,835
2025-07-19T13:00+00:00,4115,0.1,988.6,49.0,0.0,0.6,27.7,599
2025-07-19T14:00+00:00,4115,1.0,988.1,42.0,0.0,0.9,28.6,697
2025-07-19T15:00+00:00,4115,1.1,987.6,38.0,0.0,1.0,28.9,570
2025-07-19T16:00+00:00,4115,0.7,987.3,38.0,0.0,1.0,28.9,418
2025-07-19T17:00+00:00,4115,0.5,987.0,46.0,0.0,1.0,28.0,254
2025-07-19T18:00+00:00,4115,1.4,986.9,51.0,0.0,1.0,26.1,103
2025-07-19T19:00+00:00,4115,1.1,987.0,69.0,0.0,0.2,22.0,12
2025-07-19T20:00+00:00,4115,2.0,987.7,75.0,0.0,0.0,20.3,0
2025-07-19T21:00+00:00,4115,1.7,987.9,74.0,0.0,0.0,20.0,0
2025-07-19T22:00+00:00,4115,1.1,988.0,85.0,0.0,0.0,17.9,0
2025-07-19T23:00+00:00,4115,0.8,988.1,88.0,0.0,0.0,17.0,0
2025-07-20T00:00+00:00,4115,0.7,987.8,87.0,0.0,0.0,16.8,0
2025-07-20T01:00+00:00,4115,0.6,987.8,89.0,0.0,0.0,16.3,0
2025-07-20T02:00+00:00,4115,1.4,987.6,75.0,0.0,0.0,19.8,0
2025-07-20T03:00+00:00,4115,1.8,987.3,74.0,0.0,0.0,19.8,0
2025-07-20T04:00+00:00,4115,1.6,987.4,70.0,0.0,0.2,21.2,27
2025-07-20T05:00+00:00,4115,0.5,987.7,75.0,0.0,1.0,20.7,136
2025-07-20T06:00+00:00,4115,1.5,988.0,69.0,0.0,1.0,22.9,282
2025-07-20T07:00+00:00,4115,1.0,987.8,66.0,0.0,1.0,24.6,444
2025-07-20T08:00+00:00,4115,0.4,987.4,58.0,0.0,1.0,26.3,587
2025-07-20T09:00+00:00,4115,1.0,987.0,53.0,0.0,1.0,27.6,703
2025-07-20T10:00+00:00,4115,0.7,986.9,46.0,0.0,1.0,28.8,789
2025-07-20T11:00+00:00,4115,1.0,986.5,42.0,0.0,0.9,29.9,782
2025-07-20T12:00+00:00,4115,0.5,986.0,38.0,0.0,1.0,30.5,827
2025-07-20T13:00+00:00,4115,0.5,985.6,36.0,0.0,1.0,31.6,785
2025-07-20T14:00+00:00,4115,0.6,985.3,32.0,0.0,1.0,31.5,671
2025-07-20T15:00+00:00,4115,0.8,984.9,33.0,0.0,1.0,31.8,556
2025-07-20T16:00+00:00,4115,1.2,984.5,36.0,0.0,1.0,31.6,404
2025-07-20T17:00+00:00,4115,1.6,984.2,43.0,0.0,1.0,30.2,215
2025-07-20T18:00+00:00,4115,1.8,984.1,46.0,0.0,0.3,28.2,81
2025-07-20T19:00+00:00,4115,1.1,984.3,57.0,0.0,0.0,25.5,12
2025-07-20T20:00+00:00,4115,1.4,984.4,67.0,0.0,0.0,23.3,0
2025-07-20T21:00+00:00,4115,1.8,984.5,74.0,0.0,0.0,21.6,0
2025-07-20T22:00+00:00,4115,1.5,984.3,80.0,0.0,0.0,20.4,0
2025-07-20T23:00+00:00,4115,1.7,984.1,79.0,0.0,0.0,20.3,0
2025-07-21T00:00+00:00,4115,1.9,983.8,81.0,0.0,0.0,19.7,0
2025-07-21T01:00+00:00,4115,1.6,983.6,84.0,0.0,0.0,18.8,0
2025-07-21T02:00+00:00,4115,1.6,983.4,83.0,0.0,0.0,18.9,0
2025-07-21T03:00+00:00,4115,1.8,983.3,83.0,0.0,0.0,18.9,0
2025-07-21T04:00+00:00,4115,2.3,983.5,79.0,0.0,0.2,19.5,18
2025-07-21T05:00+00:00,4115,0.3,984.1,73.0,0.0,1.0,21.6,122
2025-07-21T06:00+00:00,4115,0.8,984.1,64.0,0.0,1.0,24.3,264
2025-07-21T07:00+00:00,4115,1.0,984.0,65.0,0.0,1.0,25.1,427
2025-07-21T08:00+00:00,4115,0.9,983.7,63.0,0.0,1.0,26.3,564
2025-07-21T09:00+00:00,4115,1.4,983.4,59.0,0.0,1.0,27.6,701
2025-07-21T10:00+00:00,4115,1.3,983.0,57.0,0.0,0.9,27.7,731
2025-07-21T11:00+00:00,4115,1.1,982.6,52.0,0.0,1.0,29.5,847
2025-07-21T12:00+00:00,4115,0.9,981.3,50.0,0.0,0.7,30.0,673
2025-07-21T13:00+00:00,4115,0.9,981.0,50.0,0.0,0.4,30.5,449
2025-07-21T14:00+00:00,4115,0.9,980.4,51.0,0.0,0.4,29.5,399
2025-07-21T15:00+00:00,4115,2.1,981.2,75.0,0.0,0.0,23.9,110
2025-07-21T16:00+00:00,4115,6.4,982.2,83.0,1.8,0.1,19.9,164
2025-07-21T17:00+00:00,4115,6.1,983.4,93.0,2.7,0.0,17.5,13
2025-07-21T18:00+00:00,4115,5.5,984.6,87.0,0.1,0.0,17.7,25
2025-07-21T19:00+00:00,4115,5.1,985.8,85.0,0.0,0.0,17.6,3
2025-07-21T20:00+00:00,4115,3.9,986.8,83.0,0.0,0.0,17.7,0
2025-07-21T21:00+00:00,4115,3.4,986.9,78.0,0.0,0.0,18.0,0
2025-07-21T22:00+00:00,4115,4.0,987.0,78.0,0.0,0.0,17.6,0
2025-07-21T23:00+00:00,4115,4.0,987.5,78.0,0.0,0.0,17.1,0
2025-07-22T00:00+00:00,4115,3.3,987.6,74.0,0.0,0.0,17.4,0
2025-07-22T01:00+00:00,4115,3.0,988.0,79.0,0.0,0.0,16.4,0
2025-07-22T02:00+00:00,4115,2.3,987.9,75.0,0.0,0.0,16.9,0
2025-07-22T03:00+00:00,4115,2.5,988.1,73.0,0.0,0.0,17.0,0
2025-07-22T04:00+00:00,4115,2.2,988.7,70.0,0.0,0.4,17.5,20
2025-07-22T05:00+00:00,4115,2.3,989.0,66.0,0.0,1.0,18.7,132
2025-07-22T06:00+00:00,4115,2.6,989.1,61.0,0.0,1.0,20.4,288
2025-07-22T07:00+00:00,4115,2.3,989.5,60.0,0.0,1.0,22.1,436
2025-07-22T08:00+00:00,4115,3.1,989.7,57.0,0.0,1.0,23.2,595
2025-07-22T09:00+00:00,4115,4.4,990.1,55.0,0.0,1.0,23.9,734
2025-07-22T10:00+00:00,4115,4.4,990.2,51.0,0.0,1.0,24.6,813
2025-07-22T11:00+00:00,4115,4.0,990.2,49.0,0.0,1.0,25.6,847
2025-07-22T12:00+00:00,4115,4.0,990.1,46.0,0.0,0.9,26.3,814
2025-07-22T13:00+00:00,4115,3.3,989.9,46.0,0.0,0.6,26.6,586
2025-07-22T14:00+00:00,4115,3.3,989.6,42.0,0.0,1.0,27.4,701
2025-07-22T15:00+00:00,4115,3.4,989.2,41.0,0.0,0.9,27.9,584
2025-07-22T16:00+00:00,4115,3.7,989.5,41.0,0.0,1.0,27.5,426
2025-07-22T17:00+00:00,4115,2.8,990.1,48.0,0.0,0.6,25.5,199
2025-07-22T18:00+00:00,4115,1.7,990.2,52.0,0.0,0.2,24.1,59
2025-07-22T19:00+00:00,4115,1.1,990.7,72.0,0.0,0.0,20.0,10
2025-07-22T20:00+00:00,4115,1.6,991.6,58.0,0.0,0.0,22.2,0
2025-07-22T21:00+00:00,4115,1.9,991.8,62.0,0.0,0.0,20.9,0
2025-07-22T22:00+00:00,4115,2.3,992.2,62.0,0.0,0.0,20.8,0
2025-07-22T23:00+00:00,4115,2.9,992.3,66.0,0.0,0.0,20.3,0
2025-07-23T00:00+00:00,4115,2.5,992.3,69.0,0.0,0.0,19.6,0
2025-07-23T01:00+00:00,4115,1.7,992.2,76.0,0.0,0.0,18.1,0
2025-07-23T02:00+00:00,4115,1.8,992.4,79.0,0.0,0.0,17.6,0
2025-07-23T03:00+00:00,4115,0.8,992.5,84.0,0.0,0.0,16.5,0
2025-07-23T04:00+00:00,4115,0.4,992.7,89.0,0.0,0.4,15.8,23
2025-07-23T05:00+00:00,4115,0.7,993.0,76.0,0.0,0.8,19.2,142
2025-07-23T06:00+00:00,4115,1.2,993.1,71.0,0.0,0.3,20.4,168
2025-07-23T07:00+00:00,4115,1.9,993.1,67.0,0.0,0.0,21.3,237
2025-07-23T08:00+00:00,4115,2.1,993.0,64.0,0.0,0.1,21.5,245
2025-07-23T09:00+00:00,4115,2.3,992.7,66.0,0.1,0.0,21.7,224
2025-07-23T10:00+00:00,4115,1.7,992.6,67.0,0.0,0.0,22.1,197
2025-07-23T11:00+00:00,4115,0.9,992.2,62.0,0.0,0.0,22.6,297
2025-07-23T12:00+00:00,4115,1.3,991.6,58.0,0.0,0.0,23.0,288
2025-07-23T13:00+00:00,4115,1.4,991.1,54.0,0.0,0.3,25.1,524
2025-07-23T14:00+00:00,4115,1.2,990.4,47.0,0.0,0.9,28.2,708
2025-07-23T15:00+00:00,4115,1.9,989.9,47.0,0.0,1.0,28.1,603
2025-07-23T16:00+00:00,4115,1.4,989.5,47.0,0.0,1.0,27.9,388
2025-07-23T17:00+00:00,4115,1.2,989.1,50.0,0.0,1.0,27.1,232
2025-07-23T18:00+00:00,4115,1.3,989.1,58.0,0.0,1.0,25.5,93
2025-07-23T19:00+00:00,4115,1.4,989.3,74.0,0.0,0.1,21.3,9
2025-07-23T20:00+00:00,4115,1.4,989.7,80.0,0.0,0.0,19.9,0
2025-07-23T21:00+00:00,4115,0.6,990.1,82.0,0.0,0.0,19.7,0
2025-07-23T22:00+00:00,4115,1.2,990.1,79.0,0.0,0.0,20.0,0
2025-07-23T23:00+00:00,4115,0.8,990.0,81.0,0.0,0.0,20.1,0
2025-07-24T00:00+00:00,4115,0.2,989.9,85.0,0.0,0.0,19.6,0
2025-07-24T01:00+00:00,4115,0.2,989.6,80.0,0.0,0.0,19.5,0
2025-07-24T02:00+00:00,4115,2.1,989.3,75.0,0.0,0.0,19.8,0
2025-07-24T03:00+00:00,4115,0.3,989.3,75.0,0.1,0.0,19.1,0
2025-07-24T04:00+00:00,4115,0.3,989.5,85.0,0.0,0.0,18.7,5
2025-07-24T05:00+00:00,4115,0.4,989.6,86.0,0.0,0.0,18.9,26
2025-07-24T06:00+00:00,4115,0.2,989.8,81.0,0.0,0.0,20.1,74
2025-07-24T07:00+00:00,4115,1.5,989.9,69.0,0.0,0.3,22.4,261
2025-07-24T08:00+00:00,4115,1.4,989.8,58.0,0.0,0.9,25.5,572
2025-07-24T09:00+00:00,4115,2.1,989.6,54.0,0.0,1.0,26.2,727
2025-07-24T10:00+00:00,4115,2.1,989.6,54.0,0.0,1.0,27.5,783
2025-07-24T11:00+00:00,4115,1.5,989.1,53.0,0.0,0.8,27.9,757
2025-07-24T12:00+00:00,4115,1.3,988.7,54.0,0.0,0.0,27.9,373
2025-07-24T13:00+00:00,4115,1.4,987.8,53.0,0.0,0.1,28.2,371
2025-07-24T14:00+00:00,4115,1.3,987.6,51.0,0.0,0.0,27.2,104
2025-07-24T15:00+00:00,4115,3.2,989.0,82.0,0.0,0.0,20.1,56
2025-07-24T16:00+00:00,4115,4.0,989.6,96.0,4.4,0.0,19.3,50
2025-07-24T17:00+00:00,4115,1.6,989.1,94.0,0.8,0.0,20.3,82
2025-07-24T18:00+00:00,4115,1.5,990.3,95.0,0.0,0.0,19.6,21
2025-07-24T19:00+00:00,4115,1.6,990.5,96.0,0.8,0.0,19.1,2
2025-07-24T20:00+00:00,4115,2.3,990.9,95.0,0.1,0.0,19.1,0
2025-07-24T21:00+00:00,4115,2.8,991.0,92.0,0.0,0.0,19.0,0
2025-07-24T22:00+00:00,4115,3.6,991.3,92.0,0.0,0.0,19.1,0
2025-07-24T23:00+00:00,4115,3.5,991.8,91.0,0.0,0.0,18.5,0
2025-07-25T00:00+00:00,4115,3.5,992.0,87.0,0.0,0.0,18.1,0
2025-07-25T01:00+00:00,4115,3.2,992.1,86.0,0.0,0.0,18.0,0
2025-07-25T02:00+00:00,4115,2.8,991.8,84.0,0.0,0.0,18.2,0
2025-07-25T03:00+00:00,4115,3.1,992.2,84.0,0.0,0.0,17.9,0
2025-07-25T04:00+00:00,4115,2.7,992.6,85.0,0.0,0.0,17.9,14
2025-07-25T05:00+00:00,4115,2.8,992.7,81.0,0.0,0.8,18.9,103
2025-07-25T06:00+00:00,4115,1.9,992.9,73.0,0.0,1.0,20.5,263
2025-07-25T07:00+00:00,4115,2.3,992.4,71.0,0.0,1.0,21.6,429
2025-07-25T08:00+00:00,4115,2.3,992.7,70.0,0.0,0.7,22.0,477
2025-07-25T09:00+00:00,4115,1.5,993.0,67.0,0.0,0.4,23.3,508
2025-07-25T10:00+00:00,4115,1.3,992.9,61.0,0.0,0.7,24.4,622
2025-07-25T11:00+00:00,4115,0.5,992.6,59.0,0.0,1.0,25.7,783
2025-07-25T12:00+00:00,4115,0.4,991.9,54.0,0.0,0.9,26.2,766
2025-07-25T13:00+00:00,4115,1.2,991.6,54.0,0.0,0.3,25.8,490
2025-07-25T14:00+00:00,4115,1.0,991.6,58.0,0.0,0.0,25.6,232
2025-07-25T15:00+00:00,4115,1.0,991.3,64.0,0.0,0.0,24.8,140
2025-07-25T16:00+00:00,4115,1.0,990.8,70.0,0.0,0.0,23.9,58
2025-07-25T17:00+00:00,4115,0.4,991.0,77.0,0.0,0.0,23.4,36
2025-07-25T18:00+00:00,4115,0.7,991.1,83.0,0.4,0.0,21.8,11
2025-07-25T19:00+00:00,4115,1.5,991.5,87.0,0.0,0.0,20.6,2
2025-07-25T20:00+00:00,4115,0.9,991.1,90.0,0.0,0.0,19.9,0
2025-07-25T21:00+00:00,4115,0.6,991.1,94.0,0.0,0.0,19.4,0
2025-07-25T22:00+00:00,4115,0.6,991.6,90.0,0.0,0.0,19.8,0
2025-07-25T23:00+00:00,4115,0.7,991.6,93.0,0.0,0.0,19.4,0
2025-07-26T00:00+00:00,4115,1.1,991.2,91.0,0.0,0.0,19.8,0
2025-07-26T01:00+00:00,4115,1.5,991.5,91.0,0.0,0.0,19.9,0
2025-07-26T02:00+00:00,4115,2.1,991.3,90.0,0.0,0.0,19.8,0
2025-07-26T03:00+00:00,4115,0.4,990.8,94.0,0.3,0.0,19.3,0
2025-07-26T04:00+00:00,4115,0.4,990.8,94.0,0.0,0.0,19.2,4
2025-07-26T05:00+00:00,4115,0.3,990.7,93.0,0.0,0.0,19.4,30
2025-07-26T06:00+00:00,4115,2.0,991.1,92.0,0.0,0.0,19.3,42
2025-07-26T07:00+00:00,4115,2.2,990.9,96.0,3.1,0.0,18.8,15
2025-07-26T08:00+00:00,4115,1.9,990.3,94.0,2.9,0.0,19.4,109
2025-07-26T09:00+00:00,4115,1.4,990.9,94.0,0.8,0.0,19.9,124
2025-07-26T10:00+00:00,4115,2.0,991.4,96.0,2.3,0.0,19.5,84
2025-07-26T11:00+00:00,4115,2.4,991.1,95.0,0.8,0.0,19.9,152
2025-07-26T12:00+00:00,4115,2.4,990.4,86.0,0.2,0.0,20.8,278
2025-07-26T13:00+00:00,4115,2.4,990.1,81.0,0.0,0.0,21.7,363
2025-07-26T14:00+00:00,4115,1.7,989.5,77.0,0.0,0.1,23.0,273
2025-07-26T15:00+00:00,4115,1.2,990.1,78.0,0.0,0.1,22.4,323
2025-07-26T16:00+00:00,4115,1.7,989.1,80.0,0.0,0.0,22.3,206
2025-07-26T17:00+00:00,4115,1.9,988.6,83.0,0.0,0.0,21.8,138
2025-07-26T18:00+00:00,4115,1.0,988.1,86.0,0.0,0.0,21.0,38
2025-07-26T19:00+00:00,4115,1.6,988.7,87.0,0.0,0.0,20.3,4
2025-07-26T20:00+00:00,4115,1.8,989.1,86.0,0.0,0.0,20.2,0
2025-07-26T21:00+00:00,4115,2.1,988.6,87.0,0.0,0.0,20.1,0
2025-07-26T22:00+00:00,4115,2.4,988.6,86.0,0.0,0.0,19.9,0
2025-07-26T23:00+00:00,4115,2.4,988.6,89.0,0.0,0.0,19.2,0
2025-07-27T00:00+00:00,4115,2.2,988.0,90.0,0.0,0.0,18.8,0
2025-07-27T01:00+00:00,4115,2.6,987.6,89.0,0.0,0.0,18.7,0
2025-07-27T02:00+00:00,4115,2.9,986.8,90.0,0.0,0.0,18.7,0
2025-07-27T03:00+00:00,4115,2.2,987.1,90.0,0.0,0.0,18.7,0
2025-07-27T04:00+00:00,4115,2.7,987.0,88.0,0.0,0.0,18.9,3
2025-07-27T05:00+00:00,4115,3.2,986.4,84.0,0.0,0.5,19.9,103
2025-07-27T06:00+00:00,4115,3.6,986.6,82.0,0.0,0.7,20.6,262
2025-07-27T07:00+00:00,4115,3.3,986.9,86.0,0.0,0.1,19.6,137
2025-07-27T08:00+00:00,4115,3.1,986.8,84.0,0.0,0.0,20.0,146
2025-07-27T09:00+00:00,4115,3.7,987.0,80.0,0.0,0.1,20.6,256
2025-07-27T10:00+00:00,4115,3.8,986.5,73.0,0.0,0.0,22.2,328
2025-07-27T11:00+00:00,4115,4.3,986.6,76.0,0.0,0.0,21.5,303
2025-07-27T12:00+00:00,4115,4.0,986.4,75.0,0.0,0.0,21.2,366
2025-07-27T13:00+00:00,4115,4.6,986.3,72.0,0.0,0.0,21.4,328
2025-07-27T14:00+00:00,4115,3.9,986.3,73.0,0.0,0.0,21.1,222
2025-07-27T15:00+00:00,4115,3.2,986.2,73.0,0.0,0.0,21.3,139
2025-07-27T16:00+00:00,4115,3.1,985.9,72.0,0.0,0.0,21.3,155
2025-07-27T17:00+00:00,4115,2.0,985.7,73.0,0.0,0.0,21.1,74
2025-07-27T18:00+00:00,4115,2.2,985.9,91.0,0.4,0.0,19.0,19
2025-07-27T19:00+00:00,4115,1.5,985.8,90.0,0.1,0.0,18.8,3
2025-07-27T20:00+00:00,4115,2.3,985.8,86.0,0.0,0.0,19.0,0
2025-07-27T21:00+00:00,4115,3.1,985.8,82.0,0.0,0.0,19.0,0
2025-07-27T22:00+00:00,4115,3.5,986.0,83.0,0.0,0.0,18.6,0
2025-07-27T23:00+00:00,4115,3.4,985.6,83.0,0.0,0.0,18.0,0
2025-07-28T00:00+00:00,4115,3.4,985.5,80.0,0.0,0.0,17.9,0
2025-07-28T01:00+00:00,4115,3.5,984.8,79.0,0.0,0.0,17.9,0
2025-07-28T02:00+00:00,4115,4.0,984.6,78.0,0.0,0.0,18.1,0
2025-07-28T03:00+00:00,4115,4.2,984.7,77.0,0.0,0.0,18.1,0
2025-07-28T04:00+00:00,4115,3.8,984.6,78.0,0.0,0.0,17.9,5
2025-07-28T05:00+00:00,4115,3.6,985.1,80.0,0.0,0.2,18.3,103
2025-07-28T06:00+00:00,4115,3.4,985.4,81.0,0.0,0.3,18.1,195
2025-07-28T07:00+00:00,4115,4.0,985.5,79.0,0.0,0.2,18.6,298
2025-07-28T08:00+00:00,4115,3.9,985.6,75.0,0.0,0.6,19.6,460
2025-07-28T09:00+00:00,4115,4.1,985.7,73.0,0.0,0.3,20.3,478
2025-07-28T10:00+00:00,4115,3.5,986.0,70.0,0.0,0.6,21.6,630
2025-07-28T11:00+00:00,4115,3.8,985.6,64.0,0.0,1.0,22.7,810
2025-07-28T12:00+00:00,4115,3.5,985.3,62.0,0.0,0.4,23.1,485
2025-07-28T13:00+00:00,4115,3.6,985.2,63.0,0.0,0.6,22.6,577
2025-07-28T14:00+00:00,4115,2.6,984.8,62.0,0.0,0.1,23.9,333
2025-07-28T15:00+00:00,4115,3.3,985.5,90.0,1.3,0.1,18.0,154
2025-07-28T16:00+00:00,4115,2.7,986.0,88.0,0.3,0.0,19.0,106
2025-07-28T17:00+00:00,4115,2.8,986.4,83.0,0.0,0.0,18.9,66
2025-07-28T18:00+00:00,4115,3.1,986.8,84.0,0.0,0.0,17.9,41
2025-07-28T19:00+00:00,4115,3.1,987.6,83.0,0.0,0.0,17.9,2
2025-07-28T20:00+00:00,4115,3.0,988.1,83.0,0.0,0.0,18.2,0
2025-07-28T21:00+00:00,4115,3.0,988.4,82.0,0.0,0.0,18.1,0
2025-07-28T22:00+00:00,4115,2.7,988.8,83.0,0.0,0.0,18.0,0
2025-07-28T23:00+00:00,4115,3.0,989.1,82.0,0.0,0.0,18.1,0
2025-07-29T00:00+00:00,4115,3.5,989.1,83.0,0.0,0.0,17.7,0
2025-07-29T01:00+00:00,4115,3.4,989.5,85.0,0.0,0.0,17.0,0
2025-07-29T02:00+00:00,4115,3.3,989.9,82.0,0.0,0.0,16.9,0
2025-07-29T03:00+00:00,4115,3.1,990.5,81.0,0.0,0.0,17.0,0
2025-07-29T04:00+00:00,4115,3.3,991.2,81.0,0.0,0.0,16.7,4
2025-07-29T05:00+00:00,4115,3.0,991.5,80.0,0.0,0.0,16.8,48
2025-07-29T06:00+00:00,4115,3.3,991.5,79.0,0.0,0.0,17.3,142
2025-07-29T07:00+00:00,4115,3.4,991.8,76.0,0.0,0.3,18.1,274
2025-07-29T08:00+00:00,4115,3.5,991.9,70.0,0.0,0.7,20.2,463
2025-07-29T09:00+00:00,4115,3.3,991.8,65.0,0.0,0.3,20.9,429
2025-07-29T10:00+00:00,4115,3.5,991.9,60.0,0.0,0.3,21.4,426
2025-07-29T11:00+00:00,4115,3.4,991.8,53.0,0.0,0.5,23.4,628
2025-07-29T12:00+00:00,4115,3.8,991.3,47.0,0.0,0.9,23.8,746
2025-07-29T13:00+00:00,4115,3.4,991.6,68.0,0.0,0.2,20.5,401
2025-07-29T14:00+00:00,4115,3.3,991.6,59.0,0.0,0.2,21.2,312
2025-07-29T15:00+00:00,4115,3.2,992.0,62.0,0.0,0.0,21.5,256
2025-07-29T16:00+00:00,4115,3.8,992.4,58.0,0.0,0.0,19.8,191
2025-07-29T17:00+00:00,4115,2.8,992.7,70.0,0.0,0.1,18.6,113
2025-07-29T18:00+00:00,4115,3.2,993.1,74.0,0.0,0.5,17.7,105
2025-07-29T19:00+00:00,4115,3.1,993.5,76.0,0.0,0.0,17.0,13
2025-07-29T20:00+00:00,4115,3.7,993.8,78.0,0.0,0.0,16.2,0
2025-07-29T21:00+00:00,4115,3.7,994.0,79.0,0.0,0.0,16.1,0
2025-07-29T22:00+00:00,4115,4.1,994.1,79.0,0.0,0.0,15.8,0
2025-07-29T23:00+00:00,4115,3.8,994.1,77.0,0.0,0.0,15.9,0
2025-07-30T00:00+00:00,4115,3.3,994.2,75.0,0.0,0.0,15.9,0
2025-07-30T01:00+00:00,4115,3.5,994.1,77.0,0.0,0.0,15.7,0
2025-07-30T02:00+00:00,4115,3.2,993.8,78.0,0.0,0.0,15.2,0
2025-07-30T03:00+00:00,4115,2.7,994.1,79.0,0.0,0.0,15.2,0
2025-07-30T04:00+00:00,4115,2.8,994.4,77.0,0.0,0.1,15.2,9
2025-07-30T05:00+00:00,4115,2.7,994.6,73.0,0.0,1.0,16.3,114
2025-07-30T06:00+00:00,4115,2.6,994.9,70.0,0.0,1.0,17.7,268
2025-07-30T07:00+00:00,4115,2.8,995.2,68.0,0.0,1.0,19.3,435
2025-07-30T08:00+00:00,4115,1.8,995.1,61.0,0.0,1.0,20.4,589
2025-07-30T09:00+00:00,4115,2.3,994.9,58.0,0.0,1.0,21.9,720
2025-07-30T10:00+00:00,4115,1.9,994.8,55.0,0.0,1.0,22.7,697
2025-07-30T11:00+00:00,4115,2.6,994.4,53.0,0.0,0.9,22.6,729
2025-07-30T12:00+00:00,4115,2.3,994.1,51.0,0.0,0.7,23.9,645
2025-07-30T13:00+00:00,4115,2.4,994.1,51.0,0.0,0.6,23.1,540
2025-07-30T14:00+00:00,4115,3.4,993.8,48.0,0.0,0.4,23.8,472
2025-07-30T15:00+00:00,4115,2.2,993.5,47.0,0.0,0.8,23.8,430
2025-07-30T16:00+00:00,4115,1.9,993.3,54.0,0.0,0.4,22.3,254
2025-07-30T17:00+00:00,4115,0.8,993.3,59.0,0.0,0.0,21.6,91
2025-07-30T18:00+00:00,4115,1.0,993.8,65.0,0.0,0.0,20.1,50
2025-07-30T19:00+00:00,4115,3.2,994.6,65.0,0.0,0.0,18.7,3
2025-07-30T20:00+00:00,4115,2.1,994.9,69.0,0.0,0.0,17.6,0
2025-07-30T21:00+00:00,4115,1.4,994.9,70.0,0.0,0.0,17.2,0
2025-07-30T22:00+00:00,4115,1.5,994.9,71.0,0.0,0.0,16.5,0
2025-07-30T23:00+00:00,4115,2.0,994.7,70.0,0.0,0.0,16.8,0
2025-07-31T00:00+00:00,4115,1.9,994.4,72.0,0.0,0.0,17.2,0
2025-07-31T01:00+00:00,4115,2.4,994.4,73.0,0.0,0.0,17.3,0
2025-07-31T02:00+00:00,4115,3.0,994.6,77.0,0.0,0.0,16.7,0
2025-07-31T03:00+00:00,4115,2.2,994.7,82.0,0.0,0.0,15.8,0
2025-07-31T04:00+00:00,4115,1.9,994.8,83.0,0.0,0.1,15.2,9
2025-07-31T05:00+00:00,4115,1.7,994.9,79.0,0.0,0.9,16.3,97
2025-07-31T06:00+00:00,4115,1.9,995.1,72.0,0.0,1.0,18.3,255
2025-07-31T07:00+00:00,4115,3.7,995.2,69.0,0.0,1.0,19.3,427
2025-07-31T08:00+00:00,4115,4.1,995.1,64.0,0.0,1.0,20.8,584
2025-07-31T09:00+00:00,4115,4.2,994.9,57.0,0.0,1.0,21.9,737
2025-07-31T10:00+00:00,4115,4.7,994.6,54.0,0.0,0.9,22.0,808
2025-07-31T11:00+00:00,4115,4.7,994.2,51.0,0.0,0.5,22.5,659
2025-07-31T12:00+00:00,4115,4.6,993.7,48.0,0.0,0.7,24.5,602
2025-07-31T13:00+00:00,4115,3.9,993.2,43.0,0.0,1.0,24.6,774
2025-07-31T14:00+00:00,4115,3.2,992.6,39.0,0.0,1.0,25.1,691
2025-07-31T15:00+00:00,4115,3.6,992.4,40.0,0.0,0.8,24.8,493
2025-07-31T16:00+00:00,4115,3.0,992.5,46.0,0.0,0.0,23.3,165
2025-07-31T17:00+00:00,4115,2.9,992.7,53.0,0.0,0.0,21.9,95
2025-07-31T18:00+00:00,4115,1.1,992.7,61.0,0.0,0.3,20.2,54
2025-07-31T19:00+00:00,4115,0.4,993.1,65.0,0.0,0.0,19.0,4
2025-07-31T20:00+00:00,4115,1.6,993.4,69.0,0.0,0.0,18.8,0
2025-07-31T21:00+00:00,4115,1.8,993.6,70.0,0.0,0.0,18.5,0
2025-07-31T22:00+00:00,4115,2.8,993.5,74.0,0.0,0.0,18.5,0
2025-07-31T23:00+00:00,4115,2.8,993.3,77.0,0.0,0.0,17.8,0
2025-08-01T00:00+00:00,4115,1.9,993.2,79.0,0.0,0.0,17.0,0
2025-08-01T01:00+00:00,4115,1.6,992.9,79.0,0.0,0.0,16.6,0
2025-08-01T02:00+00:00,4115,1.1,992.6,83.0,0.0,0.0,15.5,0
2025-08-01T03:00+00:00,4115,0.4,992.4,92.0,0.0,0.0,12.9,0
2025-08-01T04:00+00:00,4115,0.2,992.2,93.0,0.0,0.0,13.0,7
2025-08-01T05:00+00:00,4115,0.2,992.0,81.0,0.0,1.0,16.4,107
2025-08-01T06:00+00:00,4115,0.2,991.9,67.0,0.0,1.0,20.3,259
2025-08-01T07:00+00:00,4115,0.7,991.6,66.0,0.0,0.4,20.3,281
2025-08-01T08:00+00:00,4115,0.9,991.5,54.0,0.0,0.7,23.5,530
2025-08-01T09:00+00:00,4115,2.4,991.2,46.0,0.0,1.0,24.9,713
2025-08-01T10:00+00:00,4115,2.9,991.1,51.0,0.0,0.1,24.0,395
2025-08-01T11:00+00:00,4115,2.3,990.7,49.0,0.0,0.0,24.4,340
2025-08-01T12:00+00:00,4115,2.6,990.5,50.0,0.0,0.2,24.9,436
2025-08-01T13:00+00:00,4115,3.9,990.3,53.0,0.0,0.4,23.7,497
2025-08-01T14:00+00:00,4115,2.6,990.0,47.0,0.0,0.3,24.7,457
2025-08-01T15:00+00:00,4115,1.9,989.5,48.0,0.0,0.6,25.1,473
2025-08-01T16:00+00:00,4115,2.4,989.7,56.0,0.0,0.2,23.5,189
2025-08-01T17:00+00:00,4115,2.7,989.8,72.0,0.2,0.0,20.9,36
2025-08-01T18:00+00:00,4115,3.2,990.1,68.0,0.0,0.0,20.5,16
2025-08-01T19:00+00:00,4115,2.2,989.9,75.0,0.0,0.0,19.2,3
2025-08-01T20:00+00:00,4115,1.3,989.9,76.0,0.0,0.0,18.4,0
2025-08-01T21:00+00:00,4115,0.5,990.1,81.0,0.0,0.0,17.5,0
2025-08-01T22:00+00:00,4115,0.4,990.1,89.0,0.0,0.0,15.5,0
2025-08-01T23:00+00:00,4115,1.0,990.1,93.0,0.0,0.0,14.0,0
2025-08-02T00:00+00:00,4115,0.7,989.9,95.0,0.0,0.0,13.0,0
2025-08-02T01:00+00:00,4115,0.7,989.8,94.0,0.0,0.0,12.9,0
2025-08-02T02:00+00:00,4115,1.2,989.7,96.0,0.0,0.0,13.0,0
2025-08-02T03:00+00:00,4115,0.9,990.0,97.0,0.0,0.0,13.0,0
2025-08-02T04:00+00:00,4115,0.6,990.0,98.0,0.0,0.0,12.2,6
2025-08-02T05:00+00:00,4115,0.4,990.0,96.0,0.0,0.9,14.4,107
2025-08-02T06:00+00:00,4115,0.4,990.1,81.0,0.0,1.0,17.9,260
2025-08-02T07:00+00:00,4115,0.6,989.8,68.0,0.0,1.0,21.1,417
2025-08-02T08:00+00:00,4115,0.9,990.0,59.0,0.0,1.0,22.6,589
2025-08-02T09:00+00:00,4115,0.7,989.8,54.0,0.0,1.0,23.8,717
2025-08-02T10:00+00:00,4115,1.1,989.5,50.0,0.0,1.0,24.6,820
2025-08-02T11:00+00:00,4115,1.6,989.2,48.0,0.0,1.0,26.1,807
2025-08-02T12:00+00:00,4115,2.4,989.0,46.0,0.0,0.8,26.8,766
2025-08-02T13:00+00:00,4115,2.3,988.6,44.0,0.0,0.9,26.9,726
2025-08-02T14:00+00:00,4115,2.6,988.5,45.0,0.0,0.5,26.1,560
2025-08-02T15:00+00:00,4115,2.9,988.6,54.0,0.0,0.0,23.9,173
2025-08-02T16:00+00:00,4115,2.4,988.2,61.0,0.0,0.0,23.7,114
2025-08-02T17:00+00:00,4115,2.2,988.4,64.0,0.0,0.0,23.0,103
2025-08-02T18:00+00:00,4115,1.3,988.6,71.0,0.1,0.0,21.9,16
2025-08-02T19:00+00:00,4115,3.8,989.6,89.0,0.1,0.0,17.2,0
2025-08-02T20:00+00:00,4115,4.0,989.7,92.0,0.6,0.0,16.3,0
2025-08-02T21:00+00:00,4115,2.9,990.8,94.0,2.0,0.0,15.9,0
2025-08-02T22:00+00:00,4115,3.8,990.7,92.0,0.9,0.0,15.5,0
2025-08-02T23:00+00:00,4115,3.6,991.4,93.0,0.0,0.0,15.3,0
2025-08-03T00:00+00:00,4115,3.2,991.2,92.0,0.1,0.0,15.3,0
2025-08-03T01:00+00:00,4115,3.4,991.4,90.0,0.0,0.0,15.6,0
2025-08-03T02:00+00:00,4115,3.4,991.9,90.0,0.0,0.0,15.7,0
2025-08-03T03:00+00:00,4115,3.1,992.0,89.0,0.0,0.0,15.7,0
2025-08-03T04:00+00:00,4115,3.0,992.2,89.0,0.0,0.0,15.1,2
2025-08-03T05:00+00:00,4115,3.1,992.7,86.0,0.0,0.2,15.5,58
2025-08-03T06:00+00:00,4115,3.5,993.1,81.0,0.0,0.8,16.8,224
2025-08-03T07:00+00:00,4115,3.4,993.4,76.0,0.0,0.6,18.1,351
2025-08-03T08:00+00:00,4115,3.6,994.0,75.0,0.0,0.7,18.2,506
2025-08-03T09:00+00:00,4115,4.2,994.1,73.0,0.0,0.6,19.7,528
2025-08-03T10:00+00:00,4115,3.3,994.4,69.0,0.0,0.5,20.2,545
2025-08-03T11:00+00:00,4115,3.0,994.4,68.0,0.0,0.1,21.1,370
2025-08-03T12:00+00:00,4115,3.6,994.2,61.0,0.0,0.7,22.0,656
2025-08-03T13:00+00:00,4115,3.9,994.4,65.0,0.0,0.2,20.7,359
2025-08-03T14:00+00:00,4115,4.2,994.3,59.0,0.0,0.5,22.2,481
2025-08-03T15:00+00:00,4115,3.7,994.4,56.0,0.0,0.8,22.6,523
2025-08-03T16:00+00:00,4115,3.9,994.4,55.0,0.0,1.0,23.2,465
2025-08-03T17:00+00:00,4115,3.0,995.6,69.0,0.0,0.4,19.4,166
2025-08-03T18:00+00:00,4115,2.8,995.6,91.0,1.5,0.1,16.7,32
2025-08-03T19:00+00:00,4115,1.9,996.0,80.0,0.0,0.0,16.9,6
2025-08-03T20:00+00:00,4115,2.9,996.6,81.0,0.0,0.0,16.8,0
2025-08-03T21:00+00:00,4115,3.0,997.4,83.0,0.0,0.0,16.5,0
2025-08-03T22:00+00:00,4115,2.9,997.1,82.0,0.0,0.0,16.1,0
2025-08-03T23:00+00:00,4115,3.0,997.9,83.0,0.0,0.0,15.9,0
2025-08-04T00:00+00:00,4115,3.2,997.6,81.0,0.0,0.0,16.1,0
2025-08-04T01:00+00:00,4115,3.8,997.0,81.0,0.0,0.0,16.1,0
2025-08-04T02:00+00:00,4115,3.6,997.5,81.0,0.0,0.0,15.8,0
2025-08-04T03:00+00:00,4115,3.2,997.6,80.0,0.0,0.0,15.7,0
2025-08-04T04:00+00:00,4115,3.2,997.8,80.0,0.0,0.0,15.0,4
2025-08-04T05:00+00:00,4115,3.1,998.2,80.0,0.0,0.9,15.4,101
2025-08-04T06:00+00:00,4115,3.1,998.5,76.0,0.0,1.0,16.6,256
2025-08-04T07:00+00:00,4115,3.1,998.6,70.0,0.0,1.0,18.3,426
2025-08-04T08:00+00:00,4115,3.2,998.6,65.0,0.0,1.0,19.5,576
2025-08-04T09:00+00:00,4115,3.1,998.6,58.0,0.0,1.0,20.7,720
2025-08-04T10:00+00:00,4115,3.0,998.2,60.0,0.0,1.0,21.1,796
2025-08-04T11:00+00:00,4115,2.9,997.9,56.0,0.0,1.0,22.2,821
2025-08-04T12:00+00:00,4115,2.6,997.7,53.0,0.0,0.6,22.6,639
2025-08-04T13:00+00:00,4115,2.6,997.6,56.0,0.0,0.1,21.7,375
2025-08-04T14:00+00:00,4115,2.9,997.9,54.0,0.0,0.0,20.5,163
2025-08-04T15:00+00:00,4115,3.9,998.8,85.0,0.7,0.0,15.8,71
2025-08-04T16:00+00:00,4115,2.2,998.8,89.0,0.5,0.0,15.7,48
2025-08-04T17:00+00:00,4115,2.6,998.5,85.0,0.2,0.2,16.1,107
2025-08-04T18:00+00:00,4115,2.3,998.4,87.0,0.0,0.5,15.7,58
2025-08-04T19:00+00:00,4115,2.8,998.7,85.0,0.0,0.0,15.6,5
2025-08-04T20:00+00:00,4115,3.0,998.9,88.0,0.0,0.0,15.4,0
2025-08-04T21:00+00:00,4115,2.5,999.3,88.0,0.0,0.0,15.4,0
2025-08-04T22:00+00:00,4115,2.2,999.3,90.0,0.0,0.0,15.1,0
2025-08-04T23:00+00:00,4115,1.8,999.0,90.0,0.0,0.0,15.3,0
2025-08-05T00:00+00:00,4115,2.1,998.9,89.0,0.0,0.0,15.0,0
2025-08-05T01:00+00:00,4115,2.1,998.6,90.0,0.0,0.0,14.6,0
2025-08-05T02:00+00:00,4115,1.9,998.5,90.0,0.0,0.0,14.3,0
2025-08-05T03:00+00:00,4115,1.9,998.5,92.0,0.0,0.0,13.9,0
2025-08-05T04:00+00:00,4115,1.5,998.2,91.0,0.0,0.0,13.9,4
2025-08-05T05:00+00:00,4115,1.8,998.2,83.0,0.0,0.9,15.7,104
2025-08-05T06:00+00:00,4115,0.2,998.5,72.0,0.0,1.0,18.5,261
2025-08-05T07:00+00:00,4115,1.2,998.5,67.0,0.0,1.0,19.1,435
2025-08-05T08:00+00:00,4115,1.1,998.2,60.0,0.0,1.0,20.4,594
2025-08-05T09:00+00:00,4115,0.8,997.7,57.0,0.0,1.0,22.4,717
2025-08-05T10:00+00:00,4115,0.6,997.1,53.0,0.0,1.0,23.9,792
2025-08-05T11:00+00:00,4115,1.3,996.6,54.0,0.0,1.0,24.8,823
2025-08-05T12:00+00:00,4115,1.3,996.0,48.0,0.0,1.0,26.2,787
2025-08-05T13:00+00:00,4115,1.7,995.5,47.0,0.0,1.0,27.1,767
2025-08-05T14:00+00:00,4115,1.5,994.9,45.0,0.0,1.0,28.7,669
2025-08-05T15:00+00:00,4115,2.1,994.7,46.0,0.0,1.0,28.7,610
2025-08-05T16:00+00:00,4115,1.2,994.4,53.0,0.0,0.6,27.0,308
2025-08-05T17:00+00:00,4115,1.7,994.3,59.0,0.0,0.0,25.7,89
2025-08-05T18:00+00:00,4115,1.9,994.1,58.0,0.0,0.0,24.8,33
2025-08-05T19:00+00:00,4115,1.2,994.5,62.0,0.0,0.0,23.8,1
2025-08-05T20:00+00:00,4115,0.7,994.9,72.0,0.0,0.0,22.1,0
2025-08-05T21:00+00:00,4115,1.7,995.6,66.0,0.0,0.0,23.1,0
2025-08-05T22:00+00:00,4115,3.4,997.1,88.0,1.2,0.0,19.6,0
2025-08-05T23:00+00:00,4115,2.5,997.9,89.0,0.3,0.0,18.6,0
2025-08-06T00:00+00:00,4115,2.6,998.5,90.0,0.0,0.0,18.5,0
2025-08-06T01:00+00:00,4115,3.0,999.1,84.0,0.0,0.0,17.5,0
2025-08-06T02:00+00:00,4115,2.9,999.9,83.0,0.0,0.0,15.8,0
2025-08-06T03:00+00:00,4115,2.1,1000.4,84.0,0.0,0.0,15.0,0
2025-08-06T04:00+00:00,4115,2.3,1001.1,83.0,0.0,0.0,14.8,4
2025-08-06T05:00+00:00,4115,1.4,1001.4,85.0,0.0,0.9,15.0,84
2025-08-06T06:00+00:00,4115,1.6,1001.8,74.0,0.0,1.0,17.4,233
2025-08-06T07:00+00:00,4115,2.6,1002.1,69.0,0.0,1.0,19.1,411
2025-08-06T08:00+00:00,4115,3.3,1002.3,61.0,0.0,1.0,20.7,577
2025-08-06T09:00+00:00,4115,3.4,1002.4,50.0,0.0,1.0,22.0,696
2025-08-06T10:00+00:00,4115,4.2,1002.3,42.0,0.0,0.8,23.1,700
2025-08-06T11:00+00:00,4115,3.8,1002.2,37.0,0.0,0.9,23.2,820
2025-08-06T12:00+00:00,4115,3.5,1001.8,37.0,0.0,1.0,23.7,834
2025-08-06T13:00+00:00,4115,3.8,1001.3,36.0,0.0,1.0,24.6,766
2025-08-06T14:00+00:00,4115,3.7,1001.1,36.0,0.0,1.0,24.3,650
2025-08-06T15:00+00:00,4115,3.6,1000.8,35.0,0.0,1.0,23.9,479
2025-08-06T16:00+00:00,4115,3.0,1000.5,37.0,0.0,1.0,23.4,331
2025-08-06T17:00+00:00,4115,2.0,1000.3,41.0,0.0,1.0,22.4,183
2025-08-06T18:00+00:00,4115,1.3,1000.3,63.0,0.0,0.2,17.9,58
2025-08-06T19:00+00:00,4115,2.0,1000.8,72.0,0.0,0.0,14.6,3
2025-08-06T20:00+00:00,4115,1.9,1001.1,69.0,0.0,0.0,14.7,0
2025-08-06T21:00+00:00,4115,0.6,1001.3,78.0,0.0,0.0,13.3,0
2025-08-06T22:00+00:00,4115,1.6,1001.4,64.0,0.0,0.0,15.5,0
2025-08-06T23:00+00:00,4115,0.6,1001.5,82.0,0.0,0.0,12.0,0
2025-08-07T00:00+00:00,4115,1.3,1001.2,84.0,0.0,0.0,11.5,0
2025-08-07T01:00+00:00,4115,2.1,1001.1,80.0,0.0,0.0,12.3,0
2025-08-07T02:00+00:00,4115,0.5,1000.9,91.0,0.0,0.0,10.0,0
2025-08-07T03:00+00:00,4115,1.6,1000.7,89.0,0.0,0.0,10.3,0
2025-08-07T04:00+00:00,4115,2.2,1000.5,91.0,0.0,0.0,10.6,3
2025-08-07T05:00+00:00,4115,1.8,1000.7,86.0,0.0,0.7,12.5,78
2025-08-07T06:00+00:00,4115,1.8,1000.5,73.0,0.0,1.0,15.5,230
2025-08-07T07:00+00:00,4115,1.7,1000.3,61.0,0.0,1.0,19.0,406
2025-08-07T08:00+00:00,4115,2.4,999.8,48.0,0.0,1.0,21.9,557
2025-08-07T09:00+00:00,4115,3.2,999.3,43.0,0.0,1.0,23.5,695
2025-08-07T10:00+00:00,4115,3.8,998.9,39.0,0.0,1.0,24.0,781
2025-08-07T11:00+00:00,4115,3.6,998.8,41.0,0.0,1.0,24.9,773
2025-08-07T12:00+00:00,4115,3.1,998.6,39.0,0.0,1.0,25.6,813
2025-08-07T13:00+00:00,4115,2.6,997.8,38.0,0.0,1.0,26.6,760
2025-08-07T14:00+00:00,4115,3.1,997.7,40.0,0.0,1.0,26.5,626
2025-08-07T15:00+00:00,4115,2.5,997.3,40.0,0.0,1.0,26.6,452
2025-08-07T16:00+00:00,4115,2.6,997.0,40.0,0.0,1.0,26.7,352
2025-08-07T17:00+00:00,4115,2.4,996.7,43.0,0.0,1.0,25.5,187
2025-08-07T18:00+00:00,4115,2.3,996.7,47.0,0.0,0.8,23.9,54
2025-08-07T19:00+00:00,4115,1.3,996.9,59.0,0.0,0.0,20.8,3
2025-08-07T20:00+00:00,4115,1.2,997.0,75.0,0.0,0.0,17.4,0
2025-08-07T21:00+00:00,4115,1.6,997.1,78.0,0.0,0.0,16.8,0
2025-08-07T22:00+00:00,4115,1.5,997.0,84.0,0.0,0.0,15.5,0
2025-08-07T23:00+00:00,4115,1.9,997.1,85.0,0.0,0.0,15.5,0
2025-08-08T00:00+00:00,4115,1.9,997.3,88.0,0.0,0.0,14.8,0
2025-08-08T01:00+00:00,4115,2.1,997.4,87.0,0.0,0.0,14.8,0
2025-08-08T02:00+00:00,4115,2.1,997.4,89.0,0.0,0.0,14.4,0
2025-08-08T03:00+00:00,4115,0.8,997.3,92.0,0.0,0.0,13.5,0
2025-08-08T04:00+00:00,4115,0.3,997.6,94.0,0.0,0.0,13.4,3
2025-08-08T05:00+00:00,4115,0.2,998.1,86.0,0.0,0.8,15.6,85
2025-08-08T06:00+00:00,4115,0.2,998.0,71.0,0.0,1.0,20.0,235
2025-08-08T07:00+00:00,4115,1.0,998.4,64.0,0.0,1.0,22.3,400
2025-08-08T08:00+00:00,4115,0.5,998.7,60.0,0.0,1.0,24.2,557
2025-08-08T09:00+00:00,4115,0.8,998.7,52.0,0.0,1.0,26.5,682
2025-08-08T10:00+00:00,4115,1.2,998.2,46.0,0.0,1.0,29.0,768
2025-08-08T11:00+00:00,4115,1.4,997.7,44.0,0.0,1.0,30.2,799
2025-08-08T12:00+00:00,4115,1.4,997.5,37.0,0.0,1.0,31.0,790
2025-08-08T13:00+00:00,4115,1.4,997.0,27.0,0.0,1.0,32.4,742
2025-08-08T14:00+00:00,4115,3.1,996.7,27.0,0.0,1.0,32.8,646
2025-08-08T15:00+00:00,4115,3.0,996.5,27.0,0.0,1.0,32.6,514
2025-08-08T16:00+00:00,4115,2.4,996.2,29.0,0.0,1.0,32.3,357
2025-08-08T17:00+00:00,4115,1.8,996.0,32.0,0.0,1.0,31.6,198
2025-08-08T18:00+00:00,4115,1.3,996.4,42.0,0.0,0.7,27.6,56
2025-08-08T19:00+00:00,4115,0.7,997.0,61.0,0.0,0.0,22.8,2
2025-08-08T20:00+00:00,4115,0.3,997.3,66.0,0.0,0.0,20.6,0
2025-08-08T21:00+00:00,4115,1.6,997.5,68.0,0.0,0.0,20.7,0
2025-08-08T22:00+00:00,4115,1.3,997.5,74.0,0.0,0.0,19.6,0
2025-08-08T23:00+00:00,4115,1.0,997.6,77.0,0.0,0.0,19.1,0
2025-08-09T00:00+00:00,4115,0.9,997.9,80.0,0.0,0.0,18.6,0
2025-08-09T01:00+00:00,4115,0.7,997.9,78.0,0.0,0.0,17.9,0
2025-08-09T02:00+00:00,4115,0.3,998.1,74.0,0.0,0.0,18.1,0
2025-08-09T03:00+00:00,4115,0.6,998.1,85.0,0.0,0.0,15.4,0
2025-08-09T04:00+00:00,4115,1.2,998.5,87.0,0.0,0.0,16.2,3
2025-08-09T05:00+00:00,4115,1.3,998.8,66.0,0.0,0.8,19.6,81
2025-08-09T06:00+00:00,4115,0.4,999.1,59.0,0.0,1.0,22.3,231
2025-08-09T07:00+00:00,4115,0.4,999.2,54.0,0.0,1.0,23.7,397
2025-08-09T08:00+00:00,4115,0.9,999.3,49.0,0.0,1.0,26.2,552
2025-08-09T09:00+00:00,4115,1.4,999.2,45.0,0.0,1.0,28.4,675
2025-08-09T10:00+00:00,4115,1.3,999.0,42.0,0.0,1.0,29.7,759
2025-08-09T11:00+00:00,4115,0.7,998.6,37.0,0.0,1.0,31.6,792
2025-08-09T12:00+00:00,4115,1.3,998.4,32.0,0.0,1.0,32.5,785
2025-08-09T13:00+00:00,4115,0.9,998.1,29.0,0.0,1.0,33.2,734
2025-08-09T14:00+00:00,4115,1.9,997.7,30.0,0.0,1.0,33.8,631
2025-08-09T15:00+00:00,4115,1.7,997.4,28.0,0.0,1.0,33.7,500
2025-08-09T16:00+00:00,4115,1.9,997.1,29.0,0.0,1.0,33.3,343
2025-08-09T17:00+00:00,4115,1.6,997.1,32.0,0.0,1.0,32.2,177
2025-08-09T18:00+00:00,4115,1.2,997.1,41.0,0.0,0.7,29.1,53
2025-08-09T19:00+00:00,4115,1.1,997.6,64.0,0.0,0.0,23.5,3
2025-08-09T20:00+00:00,4115,1.2,997.7,72.0,0.0,0.0,21.5,0
2025-08-09T21:00+00:00,4115,1.7,997.7,75.0,0.0,0.0,20.7,0
2025-08-09T22:00+00:00,4115,0.6,997.9,78.0,0.0,0.0,20.2,0
2025-08-09T23:00+00:00,4115,0.2,997.7,80.0,0.0,0.0,19.5,0
2025-08-10T00:00+00:00,4115,0.8,997.5,82.0,0.0,0.0,18.9,0
2025-08-10T01:00+00:00,4115,0.3,997.5,87.0,0.0,0.0,17.7,0
2025-08-10T02:00+00:00,4115,0.7,997.6,88.0,0.0,0.0,17.4,0
2025-08-10T03:00+00:00,4115,0.4,997.6,89.0,0.0,0.0,17.2,0
2025-08-10T04:00+00:00,4115,0.5,997.7,92.0,0.0,0.0,17.0,3
2025-08-10T05:00+00:00,4115,0.5,997.8,84.0,0.0,0.8,19.3,74
2025-08-10T06:00+00:00,4115,0.1,998.2,71.0,0.0,1.0,23.5,215
2025-08-10T07:00+00:00,4115,0.4,998.5,57.0,0.0,1.0,26.9,374
2025-08-10T08:00+00:00,4115,2.0,998.6,51.0,0.0,1.0,28.7,518
2025-08-10T09:00+00:00,4115,2.0,998.6,45.0,0.0,1.0,31.4,645
2025-08-10T10:00+00:00,4115,2.7,998.8,46.0,0.0,0.7,31.5,622
2025-08-10T11:00+00:00,4115,2.9,998.7,39.0,0.0,1.0,32.8,775
2025-08-10T12:00+00:00,4115,2.8,998.6,39.0,0.0,1.0,33.1,768
2025-08-10T13:00+00:00,4115,2.8,998.4,35.0,0.0,1.0,33.9,709
2025-08-10T14:00+00:00,4115,2.2,998.5,36.0,0.0,0.3,32.4,329
2025-08-10T15:00+00:00,4115,2.2,998.8,45.0,0.1,0.0,29.8,51
2025-08-10T16:00+00:00,4115,2.5,998.4,39.0,0.0,0.5,30.2,229
2025-08-10T17:00+00:00,4115,4.2,998.8,40.0,0.0,0.7,29.4,130
2025-08-10T18:00+00:00,4115,4.0,999.3,46.0,0.0,0.1,27.5,37
2025-08-10T19:00+00:00,4115,3.4,1000.5,50.0,0.0,0.0,25.9,1
2025-08-10T20:00+00:00,4115,2.9,1001.3,56.0,0.0,0.0,24.1,0
2025-08-10T21:00+00:00,4115,2.8,1002.0,53.0,0.0,0.0,23.6,0
2025-08-10T22:00+00:00,4115,3.3,1002.4,53.0,0.0,0.0,22.6,0
2025-08-10T23:00+00:00,4115,3.7,1003.0,53.0,0.0,0.0,20.9,0
2025-08-11T00:00+00:00,4115,2.4,1003.4,60.0,0.0,0.0,19.4,0
2025-08-11T01:00+00:00,4115,2.8,1003.6,62.0,0.0,0.0,18.7,0
2025-08-11T02:00+00:00,4115,2.5,1004.0,62.0,0.0,0.0,18.6,0
2025-08-11T03:00+00:00,4115,1.4,1004.0,66.0,0.0,0.0,17.6,0
2025-08-11T04:00+00:00,4115,1.7,1003.7,69.0,0.0,0.0,16.8,3
2025-08-11T05:00+00:00,4115,2.4,1004.0,66.0,0.0,0.7,17.6,74
2025-08-11T06:00+00:00,4115,3.3,1004.1,59.0,0.0,1.0,19.6,230
2025-08-11T07:00+00:00,4115,3.0,1004.1,52.0,0.0,1.0,21.5,406
2025-08-11T08:00+00:00,4115,3.7,1004.0,45.0,0.0,1.0,22.9,565
2025-08-11T09:00+00:00,4115,2.5,1003.5,40.0,0.0,1.0,24.2,694
2025-08-11T10:00+00:00,4115,2.2,1003.0,37.0,0.0,1.0,25.3,783
2025-08-11T11:00+00:00,4115,2.1,1002.5,35.0,0.0,1.0,26.0,825
2025-08-11T12:00+00:00,4115,1.7,1001.8,33.0,0.0,1.0,26.5,815
2025-08-11T13:00+00:00,4115,1.9,1001.1,31.0,0.0,1.0,27.4,758
2025-08-11T14:00+00:00,4115,2.1,1000.3,28.0,0.0,1.0,28.2,649
2025-08-11T15:00+00:00,4115,2.5,999.7,29.0,0.0,1.0,27.8,508
2025-08-11T16:00+00:00,4115,2.7,999.2,30.0,0.0,1.0,27.2,344
2025-08-11T17:00+00:00,4115,3.1,999.1,36.0,0.0,1.0,25.6,183
2025-08-11T18:00+00:00,4115,3.1,999.2,43.0,0.0,0.8,22.2,51
2025-08-11T19:00+00:00,4115,3.1,999.6,44.0,0.0,0.0,20.3,2
2025-08-11T20:00+00:00,4115,2.8,999.8,51.0,0.0,0.0,18.0,0
2025-08-11T21:00+00:00,4115,2.2,999.9,56.0,0.0,0.0,16.8,0
2025-08-11T22:00+00:00,4115,1.2,999.9,66.0,0.0,0.0,15.8,0
2025-08-11T23:00+00:00,4115,0.7,1000.0,66.0,0.0,0.0,15.6,0
2025-08-12T00:00+00:00,4115,0.6,999.9,76.0,0.0,0.0,13.7,0
2025-08-12T01:00+00:00,4115,0.5,999.8,75.0,0.0,0.0,13.9,0
2025-08-12T02:00+00:00,4115,0.2,999.8,80.0,0.0,0.0,12.8,0
2025-08-12T03:00+00:00,4115,0.4,999.9,86.0,0.0,0.0,11.7,0
2025-08-12T04:00+00:00,4115,0.7,999.9,89.0,0.0,0.0,11.4,3
2025-08-12T05:00+00:00,4115,0.5,999.9,77.0,0.0,0.8,14.5,79
2025-08-12T06:00+00:00,4115,0.5,1000.1,70.0,0.0,1.0,17.4,228
2025-08-12T07:00+00:00,4115,1.2,999.9,54.0,0.0,0.9,20.8,373
2025-08-12T08:00+00:00,4115,1.0,1000.0,50.0,0.0,1.0,23.3,552
2025-08-12T09:00+00:00,4115,1.6,999.9,45.0,0.0,1.0,24.3,681
2025-08-12T10:00+00:00,4115,2.2,999.5,40.0,0.0,1.0,25.8,766
2025-08-12T11:00+00:00,4115,2.1,999.0,38.0,0.0,1.0,27.8,804
2025-08-12T12:00+00:00,4115,2.4,998.5,34.0,0.0,1.0,28.7,792
2025-08-12T13:00+00:00,4115,2.4,998.0,35.0,0.0,1.0,29.6,735
2025-08-12T14:00+00:00,4115,2.3,997.6,34.0,0.0,1.0,30.1,634
2025-08-12T15:00+00:00,4115,1.9,997.1,36.0,0.0,1.0,30.2,497
2025-08-12T16:00+00:00,4115,2.3,996.6,37.0,0.0,1.0,29.4,336
2025-08-12T17:00+00:00,4115,2.3,996.5,40.0,0.0,1.0,28.3,176
2025-08-12T18:00+00:00,4115,1.8,996.4,49.0,0.0,0.7,25.4,47
2025-08-12T19:00+00:00,4115,1.5,996.6,59.0,0.0,0.0,22.1,1
2025-08-12T20:00+00:00,4115,2.1,996.6,64.0,0.0,0.0,21.3,0
2025-08-12T21:00+00:00,4115,1.8,996.6,68.0,0.0,0.0,20.3,0
2025-08-12T22:00+00:00,4115,1.3,996.6,79.0,0.0,0.0,17.7,0
2025-08-12T23:00+00:00,4115,2.0,996.5,78.0,0.0,0.0,17.8,0
2025-08-13T00:00+00:00,4115,1.3,996.4,80.0,0.0,0.0,17.3,0
2025-08-13T01:00+00:00,4115,1.1,996.0,85.0,0.0,0.0,15.9,0
2025-08-13T02:00+00:00,4115,0.2,995.8,82.0,0.0,0.0,16.7,0
2025-08-13T03:00+00:00,4115,0.9,995.7,87.0,0.0,0.0,15.3,0
2025-08-13T04:00+00:00,4115,1.0,995.9,75.0,0.0,0.0,17.5,2
2025-08-13T05:00+00:00,4115,1.0,996.2,72.0,0.0,0.7,18.3,68
2025-08-13T06:00+00:00,4115,1.0,996.6,61.0,0.0,1.0,21.4,215
2025-08-13T07:00+00:00,4115,1.9,996.6,54.0,0.0,1.0,23.8,382
2025-08-13T08:00+00:00,4115,1.5,996.6,49.0,0.0,1.0,26.0,530
2025-08-13T09:00+00:00,4115,1.7,996.4,46.0,0.0,1.0,28.2,656
2025-08-13T10:00+00:00,4115,2.0,996.2,43.0,0.0,1.0,30.3,738
2025-08-13T11:00+00:00,4115,2.0,995.8,37.0,0.0,1.0,32.4,771
2025-08-13T12:00+00:00,4115,2.2,995.4,33.0,0.0,1.0,33.4,763
2025-08-13T13:00+00:00,4115,2.3,994.9,31.0,0.0,1.0,34.0,699
2025-08-13T14:00+00:00,4115,2.4,994.6,31.0,0.0,1.0,34.0,594
2025-08-13T15:00+00:00,4115,2.7,994.5,30.0,0.0,1.0,33.8,460
2025-08-13T16:00+00:00,4115,2.6,994.4,32.0,0.0,1.0,32.9,312
2025-08-13T17:00+00:00,4115,2.2,994.3,34.0,0.0,1.0,32.0,167
2025-08-13T18:00+00:00,4115,1.6,994.4,42.0,0.0,0.6,28.9,44
2025-08-13T19:00+00:00,4115,1.2,994.9,59.0,0.0,0.0,24.0,1
2025-08-13T20:00+00:00,4115,1.9,994.9,63.0,0.0,0.0,22.7,0
2025-08-13T21:00+00:00,4115,1.8,995.2,70.0,0.0,0.0,20.9,0
2025-08-13T22:00+00:00,4115,2.1,995.4,70.0,0.0,0.0,20.5,0
2025-08-13T23:00+00:00,4115,2.3,995.4,69.0,0.0,0.0,20.5,0
2025-08-14T00:00+00:00,4115,2.4,995.3,71.0,0.0,0.0,20.0,0
2025-08-14T01:00+00:00,4115,2.2,995.5,72.0,0.0,0.0,19.7,0
2025-08-14T02:00+00:00,4115,1.1,995.5,81.0,0.0,0.0,17.7,0
2025-08-14T03:00+00:00,4115,1.6,995.6,85.0,0.0,0.0,16.9,0
2025-08-14T04:00+00:00,4115,1.5,996.0,87.0,0.0,0.0,16.6,1
2025-08-14T05:00+00:00,4115,1.5,996.6,77.0,0.0,0.5,19.4,61
2025-08-14T06:00+00:00,4115,0.4,996.8,64.0,0.0,1.0,22.9,198
2025-08-14T07:00+00:00,4115,1.1,997.0,53.0,0.0,1.0,25.1,364
2025-08-14T08:00+00:00,4115,1.8,997.1,40.0,0.0,1.0,27.9,520
2025-08-14T09:00+00:00,4115,1.9,997.3,37.0,0.0,1.0,29.6,650
2025-08-14T10:00+00:00,4115,1.9,997.1,30.0,0.0,1.0,32.0,737
2025-08-14T11:00+00:00,4115,2.1,996.9,26.0,0.0,1.0,33.1,773
2025-08-14T12:00+00:00,4115,2.3,996.6,26.0,0.0,1.0,34.1,760
2025-08-14T13:00+00:00,4115,2.1,996.4,22.0,0.0,1.0,34.1,701
2025-08-14T14:00+00:00,4115,2.1,996.0,24.0,0.0,1.0,34.3,601
2025-08-14T15:00+00:00,4115,1.9,995.8,24.0,0.0,1.0,34.1,465
2025-08-14T16:00+00:00,4115,1.8,995.5,25.0,0.0,1.0,33.4,308
2025-08-14T17:00+00:00,4115,1.2,995.6,29.0,0.0,1.0,32.0,154
2025-08-14T18:00+00:00,4115,0.9,995.9,51.0,0.0,0.4,25.6,36
2025-08-14T19:00+00:00,4115,1.2,996.6,57.0,0.0,0.0,22.2,1
2025-08-14T20:00+00:00,4115,1.2,996.7,59.0,0.0,0.0,20.9,0
2025-08-14T21:00+00:00,4115,0.2,996.9,62.0,0.0,0.0,19.8,0
2025-08-14T22:00+00:00,4115,0.5,997.1,65.0,0.0,0.0,18.8,0
2025-08-14T23:00+00:00,4115,0.2,997.3,67.0,0.0,0.0,18.6,0
2025-08-15T00:00+00:00,4115,0.3,997.1,69.0,0.0,0.0,18.0,0
2025-08-15T01:00+00:00,4115,0.2,997.5,70.0,0.0,0.0,17.9,0
2025-08-15T02:00+00:00,4115,0.1,997.4,75.0,0.0,0.0,17.8,0
2025-08-15T03:00+00:00,4115,0.8,997.7,81.0,0.0,0.0,16.9,0
2025-08-15T04:00+00:00,4115,0.6,997.7,85.0,0.0,0.0,15.9,1
2025-08-15T05:00+00:00,4115,0.2,997.9,77.0,0.0,0.6,18.6,60
2025-08-15T06:00+00:00,4115,0.3,998.2,66.0,0.0,1.0,22.3,200
2025-08-15T07:00+00:00,4115,0.9,998.2,57.0,0.0,1.0,24.6,365
2025-08-15T08:00+00:00,4115,0.7,998.2,47.0,0.0,1.0,27.8,519
2025-08-15T09:00+00:00,4115,0.8,998.1,42.0,0.0,1.0,29.6,646
2025-08-15T10:00+00:00,4115,0.8,997.8,39.0,0.0,1.0,32.0,728
2025-08-15T11:00+00:00,4115,0.6,997.4,30.0,0.0,1.0,33.8,764
2025-08-15T12:00+00:00,4115,0.4,996.8,25.0,0.0,1.0,34.6,757
2025-08-15T13:00+00:00,4115,1.4,996.4,25.0,0.0,1.0,35.8,712
2025-08-15T14:00+00:00,4115,1.3,995.7,24.0,0.0,1.0,36.0,615
2025-08-15T15:00+00:00,4115,1.2,995.2,22.0,0.0,1.0,35.3,478
2025-08-15T16:00+00:00,4115,1.4,994.9,25.0,0.0,1.0,34.7,313
2025-08-15T17:00+00:00,4115,1.1,994.6,30.0,0.0,1.0,32.9,155
2025-08-15T18:00+00:00,4115,1.5,994.7,48.0,0.0,0.5,26.1,37
2025-08-15T19:00+00:00,4115,0.4,994.9,46.0,0.0,0.0,24.4,0
2025-08-15T20:00+00:00,4115,0.9,995.1,54.0,0.0,0.0,22.6,0
2025-08-15T21:00+00:00,4115,0.8,995.2,57.0,0.0,0.0,21.3,0
2025-08-15T22:00+00:00,4115,0.8,995.3,50.0,0.0,0.0,22.6,0
2025-08-15T23:00+00:00,4115,0.7,994.9,56.0,0.0,0.0,22.3,0
2025-08-16T00:00+00:00,4115,0.2,994.8,65.0,0.0,0.0,20.7,0
2025-08-16T01:00+00:00,4115,0.9,994.5,69.0,0.0,0.0,19.6,0
2025-08-16T02:00+00:00,4115,0.2,994.4,54.0,0.0,0.0,25.1,0
2025-08-16T03:00+00:00,4115,2.3,994.2,52.0,0.0,0.0,25.4,0
2025-08-16T04:00+00:00,4115,2.4,994.3,54.0,0.0,0.0,25.2,1
2025-08-16T05:00+00:00,4115,1.7,994.4,54.0,0.0,0.3,25.2,53
2025-08-16T06:00+00:00,4115,2.7,994.3,54.0,0.0,0.4,25.6,155
2025-08-16T07:00+00:00,4115,3.6,994.4,52.0,0.0,0.9,26.9,346
2025-08-16T08:00+00:00,4115,3.6,994.6,50.0,0.0,1.0,28.5,507
2025-08-16T09:00+00:00,4115,3.7,994.6,47.0,0.0,1.0,29.3,625
2025-08-16T10:00+00:00,4115,3.5,994.4,44.0,0.0,1.0,30.9,722
2025-08-16T11:00+00:00,4115,3.0,994.1,42.0,0.0,1.0,32.0,737
2025-08-16T12:00+00:00,4115,3.7,993.4,43.0,0.0,0.9,32.4,702
2025-08-16T13:00+00:00,4115,3.3,993.0,39.0,0.0,0.8,33.0,552
2025-08-16T14:00+00:00,4115,3.4,992.6,39.0,0.0,0.9,32.8,565
2025-08-16T15:00+00:00,4115,4.0,992.4,39.0,0.0,1.0,32.0,455
2025-08-16T16:00+00:00,4115,3.4,992.9,52.0,0.0,0.5,28.7,212
2025-08-16T17:00+00:00,4115,2.9,992.7,56.0,0.0,0.0,27.8,57
2025-08-16T18:00+00:00,4115,2.8,992.9,58.0,0.0,0.0,26.5,20
2025-08-16T19:00+00:00,4115,2.5,993.6,64.0,0.0,0.0,24.7,0
2025-08-16T20:00+00:00,4115,2.8,993.6,63.0,0.0,0.0,24.5,0
2025-08-16T21:00+00:00,4115,2.6,994.1,70.0,0.0,0.0,23.6,0
2025-08-16T22:00+00:00,4115,2.9,994.0,68.0,0.0,0.0,23.4,0
2025-08-16T23:00+00:00,4115,3.6,994.3,68.0,0.0,0.0,22.7,0
2025-08-17T00:00+00:00,4115,4.1,994.1,70.0,0.0,0.0,21.9,0
2025-08-17T01:00+00:00,4115,3.8,993.8,73.0,0.0,0.0,21.1,0
2025-08-17T02:00+00:00,4115,4.0,993.8,78.0,0.0,0.0,20.3,0
2025-08-17T03:00+00:00,4115,3.7,993.7,79.0,0.0,0.0,19.5,0
2025-08-17T04:00+00:00,4115,3.3,993.5,78.0,0.0,0.0,19.2,1
2025-08-17T05:00+00:00,4115,3.4,993.8,77.0,0.0,0.0,19.4,40
2025-08-17T06:00+00:00,4115,4.1,994.2,74.0,0.0,0.0,19.7,95
2025-08-17T07:00+00:00,4115,2.8,994.4,75.0,0.0,0.1,19.6,120
2025-08-17T08:00+00:00,4115,2.7,994.4,72.0,0.0,0.0,20.4,179
2025-08-17T09:00+00:00,4115,2.9,994.2,64.0,0.0,0.7,23.1,424
2025-08-17T10:00+00:00,4115,1.7,993.7,60.0,0.0,0.5,24.2,556
2025-08-17T11:00+00:00,4115,3.0,993.3,46.0,0.0,0.5,25.2,523
2025-08-17T12:00+00:00,4115,3.4,993.0,42.0,0.0,0.6,26.2,596
2025-08-17T13:00+00:00,4115,3.9,992.7,41.0,0.0,0.4,27.2,451
2025-08-17T14:00+00:00,4115,3.8,992.1,39.0,0.0,0.7,27.3,518
2025-08-17T15:00+00:00,4115,3.2,991.9,37.0,0.0,0.7,27.1,392
2025-08-17T16:00+00:00,4115,3.8,992.0,38.0,0.0,0.8,26.3,260
2025-08-17T17:00+00:00,4115,4.2,992.2,40.0,0.0,0.9,24.4,142
2025-08-17T18:00+00:00,4115,4.0,992.7,45.0,0.0,0.4,22.7,30
2025-08-17T19:00+00:00,4115,2.2,993.5,51.0,0.0,0.0,20.2,0
2025-08-17T20:00+00:00,4115,2.6,994.3,50.0,0.0,0.0,19.9,0
2025-08-17T21:00+00:00,4115,3.4,995.1,47.0,0.0,0.0,19.7,0
2025-08-17T22:00+00:00,4115,2.9,995.5,54.0,0.0,0.0,17.7,0
2025-08-17T23:00+00:00,4115,2.6,995.6,52.0,0.0,0.0,17.2,0
2025-08-18T00:00+00:00,4115,2.3,995.7,56.0,0.0,0.0,16.1,0
2025-08-18T01:00+00:00,4115,3.2,995.8,59.0,0.0,0.0,15.5,0
2025-08-18T02:00+00:00,4115,3.1,995.7,62.0,0.0,0.0,15.2,0
2025-08-18T03:00+00:00,4115,3.3,995.9,64.0,0.0,0.0,15.0,0
2025-08-18T04:00+00:00,4115,3.5,996.3,65.0,0.0,0.0,14.8,1
2025-08-18T05:00+00:00,4115,2.8,996.6,64.0,0.0,0.7,15.5,64
2025-08-18T06:00+00:00,4115,3.1,996.9,61.0,0.0,1.0,17.0,217
2025-08-18T07:00+00:00,4115,2.8,997.5,58.0,0.0,1.0,18.5,386
2025-08-18T08:00+00:00,4115,2.0,997.6,52.0,0.0,1.0,21.2,545
2025-08-18T09:00+00:00,4115,2.8,997.3,45.0,0.0,1.0,22.6,649
2025-08-18T10:00+00:00,4115,2.2,997.1,43.0,0.0,1.0,23.4,745
2025-08-18T11:00+00:00,4115,2.8,996.8,36.0,0.0,0.8,24.5,674
2025-08-18T12:00+00:00,4115,2.4,996.5,34.0,0.0,1.0,25.6,753
2025-08-18T13:00+00:00,4115,2.6,996.3,36.0,0.0,1.0,25.6,614
2025-08-18T14:00+00:00,4115,2.8,995.7,33.0,0.0,0.9,25.5,537
2025-08-18T15:00+00:00,4115,2.4,995.5,32.0,0.0,0.8,26.1,355
2025-08-18T16:00+00:00,4115,2.4,995.1,34.0,0.0,1.0,25.6,317
2025-08-18T17:00+00:00,4115,2.5,994.9,38.0,0.0,0.9,24.2,159
2025-08-18T18:00+00:00,4115,2.9,995.2,45.0,0.0,0.4,21.7,39
2025-08-18T19:00+00:00,4115,3.0,995.8,51.0,0.0,0.0,19.7,1
2025-08-18T20:00+00:00,4115,2.7,996.4,59.0,0.0,0.0,17.5,0
2025-08-18T21:00+00:00,4115,1.7,996.6,67.0,0.0,0.0,15.5,0
2025-08-18T22:00+00:00,4115,2.1,996.4,71.0,0.0,0.0,14.7,0
2025-08-18T23:00+00:00,4115,0.7,996.6,78.0,0.0,0.0,13.5,0
2025-08-19T00:00+00:00,4115,1.3,996.2,77.0,0.0,0.0,14.1,0
2025-08-19T01:00+00:00,4115,2.3,995.7,75.0,0.0,0.0,14.7,0
2025-08-19T02:00+00:00,4115,0.7,995.5,81.0,0.0,0.0,13.2,0
2025-08-19T03:00+00:00,4115,0.4,995.2,87.0,0.0,0.0,11.6,0
2025-08-19T04:00+00:00,4115,0.3,995.4,89.0,0.0,0.0,10.9,1
2025-08-19T05:00+00:00,4115,0.2,995.2,84.0,0.0,0.6,13.2,64
2025-08-19T06:00+00:00,4115,0.9,995.4,66.0,0.0,1.0,17.0,217
2025-08-19T07:00+00:00,4115,1.5,995.1,62.0,0.0,1.0,18.3,387
2025-08-19T08:00+00:00,4115,1.0,995.1,54.0,0.0,1.0,20.4,545
2025-08-19T09:00+00:00,4115,1.3,994.9,47.0,0.0,1.0,22.2,670
2025-08-19T10:00+00:00,4115,1.0,994.3,39.0,0.0,1.0,24.4,758
2025-08-19T11:00+00:00,4115,1.3,993.6,38.0,0.0,1.0,25.0,794
2025-08-19T12:00+00:00,4115,0.9,993.1,36.0,0.0,1.0,26.1,781
2025-08-19T13:00+00:00,4115,0.7,992.3,33.0,0.0,1.0,27.7,720
2025-08-19T14:00+00:00,4115,0.9,991.5,33.0,0.0,1.0,27.7,615
2025-08-19T15:00+00:00,4115,1.2,991.0,33.0,0.0,1.0,27.4,472
2025-08-19T16:00+00:00,4115,1.1,990.7,34.0,0.0,1.0,27.0,311
2025-08-19T17:00+00:00,4115,1.1,990.1,38.0,0.0,1.0,26.1,152
2025-08-19T18:00+00:00,4115,1.0,989.9,56.0,0.0,0.6,20.7,33
2025-08-19T19:00+00:00,4115,1.7,990.1,60.0,0.0,0.0,18.3,0
2025-08-19T20:00+00:00,4115,1.8,990.1,65.0,0.0,0.0,17.3,0
2025-08-19T21:00+00:00,4115,1.2,990.0,73.0,0.0,0.0,15.6,0
2025-08-19T22:00+00:00,4115,2.0,989.7,70.0,0.0,0.0,16.0,0
2025-08-19T23:00+00:00,4115,2.0,989.3,69.0,0.0,0.0,15.9,0
2025-08-20T00:00+00:00,4115,1.9,988.8,76.0,0.0,0.0,14.7,0
2025-08-20T01:00+00:00,4115,1.4,988.6,83.0,0.0,0.0,14.0,0
2025-08-20T02:00+00:00,4115,1.3,988.2,80.0,0.0,0.0,14.3,0
2025-08-20T03:00+00:00,4115,0.7,988.1,82.0,0.0,0.0,14.5,0
2025-08-20T04:00+00:00,4115,0.6,988.0,86.0,0.0,0.0,13.4,1
2025-08-20T05:00+00:00,4115,0.9,988.1,75.0,0.0,0.6,16.5,72
2025-08-20T06:00+00:00,4115,0.8,988.2,67.0,0.0,0.8,18.6,174
2025-08-20T07:00+00:00,4115,0.7,988.1,60.0,0.0,0.9,20.6,351
2025-08-20T08:00+00:00,4115,0.9,988.0,52.0,0.0,0.7,22.6,394
2025-08-20T09:00+00:00,4115,1.8,987.9,45.0,0.0,1.0,25.3,651
2025-08-20T10:00+00:00,4115,2.1,987.7,41.0,0.0,1.0,26.7,745
2025-08-20T11:00+00:00,4115,0.9,987.0,37.0,0.0,1.0,28.0,784
2025-08-20T12:00+00:00,4115,0.5,986.5,30.0,0.0,1.0,29.1,778
2025-08-20T13:00+00:00,4115,1.8,985.9,26.0,0.0,1.0,29.6,721
2025-08-20T14:00+00:00,4115,1.4,985.4,27.0,0.0,1.0,29.6,610
2025-08-20T15:00+00:00,4115,2.1,984.8,25.0,0.0,1.0,29.7,437
2025-08-20T16:00+00:00,4115,1.3,984.5,27.0,0.0,1.0,29.5,266
2025-08-20T17:00+00:00,4115,0.5,984.6,36.0,0.0,0.7,27.4,128
2025-08-20T18:00+00:00,4115,1.4,984.8,49.0,0.0,0.0,22.2,24
2025-08-20T19:00+00:00,4115,1.3,984.9,57.0,0.0,0.0,20.8,0
2025-08-20T20:00+00:00,4115,1.5,985.2,62.0,0.0,0.0,20.1,0
2025-08-20T21:00+00:00,4115,1.0,985.1,67.0,0.0,0.0,18.3,0
2025-08-20T22:00+00:00,4115,1.1,985.1,67.0,0.0,0.0,17.9,0
2025-08-20T23:00+00:00,4115,0.7,985.1,66.0,0.0,0.0,17.2,0
2025-08-21T00:00+00:00,4115,0.6,984.6,66.0,0.0,0.0,17.9,0
2025-08-21T01:00+00:00,4115,1.1,984.8,71.0,0.0,0.0,17.6,0
2025-08-21T02:00+00:00,4115,0.7,984.4,63.0,0.0,0.0,18.8,0
2025-08-21T03:00+00:00,4115,0.5,984.1,68.0,0.0,0.0,18.7,0
2025-08-21T04:00+00:00,4115,0.5,984.2,68.0,0.0,0.0,18.7,0
2025-08-21T05:00+00:00,4115,0.3,984.3,76.0,0.1,0.0,18.0,3
2025-08-21T06:00+00:00,4115,1.9,984.2,66.0,0.0,0.0,19.3,19
2025-08-21T07:00+00:00,4115,0.2,984.4,78.0,0.0,0.0,18.8,44
2025-08-21T08:00+00:00,4115,0.4,984.5,80.0,0.1,0.0,18.7,56
2025-08-21T09:00+00:00,4115,0.3,985.1,90.0,1.0,0.0,17.9,58
2025-08-21T10:00+00:00,4115,1.2,985.2,80.0,0.1,0.0,18.7,174
2025-08-21T11:00+00:00,4115,1.4,985.1,86.0,0.1,0.0,18.6,123
2025-08-21T12:00+00:00,4115,3.1,984.8,81.0,0.0,0.0,19.9,217
2025-08-21T13:00+00:00,4115,3.4,984.8,75.0,0.0,0.0,20.7,282
2025-08-21T14:00+00:00,4115,2.2,984.2,75.0,0.0,0.0,21.0,231
2025-08-21T15:00+00:00,4115,2.3,983.8,75.0,0.0,0.0,20.9,136
2025-08-21T16:00+00:00,4115,2.8,983.5,77.0,0.0,0.0,20.4,50
2025-08-21T17:00+00:00,4115,1.4,983.5,91.0,0.4,0.0,19.2,15
2025-08-21T18:00+00:00,4115,1.9,983.8,94.0,0.9,0.0,18.4,4
2025-08-21T19:00+00:00,4115,3.2,984.3,94.0,1.5,0.0,17.9,0
2025-08-21T20:00+00:00,4115,1.8,984.7,96.0,4.1,0.0,17.4,0
2025-08-21T21:00+00:00,4115,2.5,984.6,95.0,0.6,0.0,17.1,0
2025-08-21T22:00+00:00,4115,3.3,984.9,96.0,0.2,0.0,17.1,0
2025-08-21T23:00+00:00,4115,3.6,985.1,95.0,0.0,0.0,17.1,0
2025-08-22T00:00+00:00,4115,3.7,985.3,96.0,0.7,0.0,17.2,0
2025-08-22T01:00+00:00,4115,2.7,986.0,96.0,0.8,0.0,17.2,0
2025-08-22T02:00+00:00,4115,2.5,986.0,96.0,0.7,0.0,17.1,0
2025-08-22T03:00+00:00,4115,1.9,986.2,96.0,0.1,0.0,16.9,0
2025-08-22T04:00+00:00,4115,2.3,986.6,94.0,0.0,0.0,17.0,0
2025-08-22T05:00+00:00,4115,2.7,987.0,92.0,0.0,0.0,16.6,24
2025-08-22T06:00+00:00,4115,3.1,988.0,85.0,0.0,0.0,16.4,108
2025-08-22T07:00+00:00,4115,3.9,988.7,79.0,0.0,0.0,16.7,222
2025-08-22T08:00+00:00,4115,4.2,989.6,74.0,0.0,0.3,17.5,286
2025-08-22T09:00+00:00,4115,4.5,990.1,64.0,0.0,0.7,19.3,547
2025-08-22T10:00+00:00,4115,3.9,990.5,58.0,0.0,0.9,20.8,776
2025-08-22T11:00+00:00,4115,4.2,990.7,43.0,0.0,0.9,22.2,807
2025-08-22T12:00+00:00,4115,4.2,991.0,45.0,0.0,0.4,21.9,465
2025-08-22T13:00+00:00,4115,4.5,991.2,42.0,0.0,0.3,22.5,478
2025-08-22T14:00+00:00,4115,4.0,991.0,42.0,0.0,0.7,22.7,492
2025-08-22T15:00+00:00,4115,4.3,990.7,39.0,0.0,1.0,23.0,472
2025-08-22T16:00+00:00,4115,3.5,990.9,44.0,0.0,0.6,21.3,231
2025-08-22T17:00+00:00,4115,2.4,991.0,45.0,0.0,0.8,21.1,124
2025-08-22T18:00+00:00,4115,1.9,991.4,55.0,0.0,0.4,17.9,24
2025-08-22T19:00+00:00,4115,1.9,992.4,58.0,0.0,0.0,17.4,0
2025-08-22T20:00+00:00,4115,2.0,993.0,59.0,0.0,0.0,16.3,0
2025-08-22T21:00+00:00,4115,2.0,993.3,56.0,0.0,0.0,15.3,0
2025-08-22T22:00+00:00,4115,2.1,993.5,57.0,0.0,0.0,14.5,0
2025-08-22T23:00+00:00,4115,2.0,993.7,59.0,0.0,0.0,14.0,0
2025-08-23T00:00+00:00,4115,2.5,993.7,61.0,0.0,0.0,13.6,0
2025-08-23T01:00+00:00,4115,2.7,993.7,64.0,0.0,0.0,13.2,0
2025-08-23T02:00+00:00,4115,2.2,993.7,69.0,0.0,0.0,12.3,0
2025-08-23T03:00+00:00,4115,1.7,993.5,68.0,0.0,0.0,12.2,0
2025-08-23T04:00+00:00,4115,1.5,993.4,69.0,0.0,0.0,12.0,0
2025-08-23T05:00+00:00,4115,1.6,993.6,65.0,0.0,0.2,13.3,39
2025-08-23T06:00+00:00,4115,1.7,993.6,56.0,0.0,0.6,15.7,175
2025-08-23T07:00+00:00,4115,2.1,993.7,57.0,0.0,0.5,16.6,270
2025-08-23T08:00+00:00,4115,2.4,994.4,54.0,0.0,0.0,16.2,225
2025-08-23T09:00+00:00,4115,1.9,994.3,48.0,0.0,0.4,18.1,430
2025-08-23T10:00+00:00,4115,2.3,993.8,49.0,0.0,0.8,18.8,653
2025-08-23T11:00+00:00,4115,2.0,993.4,49.0,0.0,0.1,19.2,336
2025-08-23T12:00+00:00,4115,2.8,993.4,42.0,0.0,0.3,19.5,413
2025-08-23T13:00+00:00,4115,3.4,993.2,40.0,0.0,0.7,20.4,540
2025-08-23T14:00+00:00,4115,3.7,993.2,40.0,0.0,0.7,20.7,519
2025-08-23T15:00+00:00,4115,3.0,993.2,45.0,0.0,0.0,18.6,194
2025-08-23T16:00+00:00,4115,2.0,993.3,50.0,0.0,0.0,17.8,71
2025-08-23T17:00+00:00,4115,2.1,993.2,49.0,0.0,0.9,18.0,137
2025-08-23T18:00+00:00,4115,2.0,993.4,56.0,0.0,0.2,16.1,21
2025-08-23T19:00+00:00,4115,2.5,993.8,57.0,0.0,0.0,15.9,0
2025-08-23T20:00+00:00,4115,2.4,994.3,60.0,0.0,0.0,15.8,0
2025-08-23T21:00+00:00,4115,3.0,996.0,77.0,0.1,0.0,13.9,0
2025-08-23T22:00+00:00,4115,1.5,996.5,82.0,0.0,0.0,13.1,0
2025-08-23T23:00+00:00,4115,1.8,996.5,79.0,0.0,0.0,13.3,0
2025-08-24T00:00+00:00,4115,1.6,996.6,83.0,0.0,0.0,12.2,0
2025-08-24T01:00+00:00,4115,1.7,997.4,84.0,0.0,0.0,11.3,0
2025-08-24T02:00+00:00,4115,1.6,997.7,84.0,0.0,0.0,10.6,0
2025-08-24T03:00+00:00,4115,1.0,997.9,87.0,0.0,0.0,9.4,0
2025-08-24T04:00+00:00,4115,1.6,998.2,84.0,0.0,0.0,9.6,0
2025-08-24T05:00+00:00,4115,2.0,998.4,77.0,0.0,0.5,10.9,53
2025-08-24T06:00+00:00,4115,2.1,998.8,68.0,0.0,1.0,13.5,208
2025-08-24T07:00+00:00,4115,2.1,999.1,62.0,0.0,1.0,14.9,379
2025-08-24T08:00+00:00,4115,2.4,999.2,50.0,0.0,1.0,16.5,545
2025-08-24T09:00+00:00,4115,2.2,999.2,45.0,0.0,1.0,17.6,682
2025-08-24T10:00+00:00,4115,1.6,998.9,42.0,0.0,0.9,18.6,718
2025-08-24T11:00+00:00,4115,2.0,998.7,39.0,0.0,1.0,19.1,819
2025-08-24T12:00+00:00,4115,1.5,998.1,33.0,0.0,1.0,20.2,803
2025-08-24T13:00+00:00,4115,1.6,997.7,32.0,0.0,1.0,20.5,735
2025-08-24T14:00+00:00,4115,1.8,997.1,34.0,0.0,1.0,21.3,620
2025-08-24T15:00+00:00,4115,1.9,996.6,31.0,0.0,1.0,21.4,469
2025-08-24T16:00+00:00,4115,1.6,996.0,35.0,0.0,0.9,21.2,294
2025-08-24T17:00+00:00,4115,1.3,996.0,38.0,0.0,0.8,19.7,134
2025-08-24T18:00+00:00,4115,1.3,996.4,60.0,0.0,0.4,15.1,25
2025-08-24T19:00+00:00,4115,1.0,996.7,58.0,0.0,0.0,15.5,0
2025-08-24T20:00+00:00,4115,1.0,997.0,55.0,0.0,0.0,15.9,0
2025-08-24T21:00+00:00,4115,1.0,996.9,60.0,0.0,0.0,14.8,0
2025-08-24T22:00+00:00,4115,0.6,997.0,71.0,0.0,0.0,13.4,0
2025-08-24T23:00+00:00,4115,0.4,997.1,73.0,0.0,0.0,12.0,0
2025-08-25T00:00+00:00,4115,0.4,997.0,76.0,0.0,0.0,12.3,0
2025-08-25T01:00+00:00,4115,0.1,997.1,78.0,0.0,0.0,12.2,0
2025-08-25T02:00+00:00,4115,0.4,997.0,79.0,0.0,0.0,12.1,0
2025-08-25T03:00+00:00,4115,0.3,996.9,71.0,0.0,0.0,12.8,0
2025-08-25T04:00+00:00,4115,1.0,997.0,68.0,0.0,0.0,13.7,0
2025-08-25T05:00+00:00,4115,2.1,997.1,65.0,0.0,0.1,13.4,19
2025-08-25T06:00+00:00,4115,2.5,997.3,57.0,0.0,1.0,15.8,198
2025-08-25T07:00+00:00,4115,2.6,997.7,56.0,0.0,1.0,17.0,381
2025-08-25T08:00+00:00,4115,2.3,998.1,49.0,0.0,1.0,18.7,544
2025-08-25T09:00+00:00,4115,2.4,998.0,41.0,0.0,1.0,20.7,658
2025-08-25T10:00+00:00,4115,1.3,997.7,35.0,0.0,1.0,21.7,751
2025-08-25T11:00+00:00,4115,2.3,997.5,36.0,0.0,1.0,22.1,793
2025-08-25T12:00+00:00,4115,2.3,996.9,34.0,0.0,1.0,22.7,742
2025-08-25T13:00+00:00,4115,2.1,996.0,34.0,0.0,1.0,23.7,720
2025-08-25T14:00+00:00,4115,1.5,995.2,32.0,0.0,1.0,23.4,608
2025-08-25T15:00+00:00,4115,1.9,994.7,34.0,0.0,1.0,24.2,462
2025-08-25T16:00+00:00,4115,1.1,994.4,35.0,0.0,1.0,24.1,290
2025-08-25T17:00+00:00,4115,1.1,993.8,37.0,0.0,1.0,23.1,131
2025-08-25T18:00+00:00,4115,0.7,993.8,66.0,0.0,0.3,15.5,16
2025-08-25T19:00+00:00,4115,0.7,994.1,73.0,0.0,0.0,13.3,0
2025-08-25T20:00+00:00,4115,0.7,994.0,75.0,0.0,0.0,12.9,0
2025-08-25T21:00+00:00,4115,0.8,993.8,80.0,0.0,0.0,11.9,0
2025-08-25T22:00+00:00,4115,0.7,993.8,80.0,0.0,0.0,11.7,0
2025-08-25T23:00+00:00,4115,0.4,993.8,84.0,0.0,0.0,10.6,0
2025-08-26T00:00+00:00,4115,0.3,993.4,83.0,0.0,0.0,10.7,0
2025-08-26T01:00+00:00,4115,0.5,993.3,86.0,0.0,0.0,10.2,0
2025-08-26T02:00+00:00,4115,0.6,993.1,89.0,0.0,0.0,10.0,0
2025-08-26T03:00+00:00,4115,0.7,993.0,94.0,0.0,0.0,9.2,0
2025-08-26T04:00+00:00,4115,0.5,993.0,92.0,0.0,0.0,9.6,0
2025-08-26T05:00+00:00,4115,0.8,993.3,93.0,0.0,0.0,10.6,28
2025-08-26T06:00+00:00,4115,0.8,993.5,82.0,0.0,0.0,13.1,103
2025-08-26T07:00+00:00,4115,0.9,993.7,71.0,0.0,0.6,16.2,256
2025-08-26T08:00+00:00,4115,0.8,993.8,57.0,0.0,1.0,20.2,499
2025-08-26T09:00+00:00,4115,1.9,993.8,47.0,0.0,1.0,22.7,603
2025-08-26T10:00+00:00,4115,2.1,993.5,40.0,0.0,0.9,23.8,717
2025-08-26T11:00+00:00,4115,1.2,993.0,37.0,0.0,0.9,24.9,596
2025-08-26T12:00+00:00,4115,1.8,992.6,30.0,0.0,1.0,26.2,768
2025-08-26T13:00+00:00,4115,2.0,992.1,30.0,0.0,1.0,26.7,671
2025-08-26T14:00+00:00,4115,1.7,991.5,30.0,0.0,1.0,27.8,586
2025-08-26T15:00+00:00,4115,2.7,991.2,30.0,0.0,1.0,27.9,447
2025-08-26T16:00+00:00,4115,3.2,991.1,28.0,0.0,1.0,27.3,284
2025-08-26T17:00+00:00,4115,2.6,991.0,38.0,0.0,1.0,26.0,124
2025-08-26T18:00+00:00,4115,1.4,991.2,49.0,0.0,0.4,21.6,18
2025-08-26T19:00+00:00,4115,0.1,991.6,67.0,0.0,0.0,17.0,0
2025-08-26T20:00+00:00,4115,0.1,991.6,68.0,0.0,0.0,16.4,0
2025-08-26T21:00+00:00,4115,0.8,991.5,76.0,0.0,0.0,14.8,0
2025-08-26T22:00+00:00,4115,1.4,991.6,78.0,0.0,0.0,14.3,0
2025-08-26T23:00+00:00,4115,1.9,991.6,79.0,0.0,0.0,13.9,0
2025-08-27T00:00+00:00,4115,1.9,991.3,80.0,0.0,0.0,13.2,0
2025-08-27T01:00+00:00,4115,1.7,991.2,81.0,0.0,0.0,13.5,0
2025-08-27T02:00+00:00,4115,1.7,991.3,84.0,0.0,0.0,12.5,0
2025-08-27T03:00+00:00,4115,0.8,991.2,88.0,0.0,0.0,11.6,0
2025-08-27T04:00+00:00,4115,0.2,991.6,91.0,0.0,0.0,10.7,0
2025-08-27T05:00+00:00,4115,0.6,992.1,88.0,0.0,0.5,12.2,35
2025-08-27T06:00+00:00,4115,0.0,992.4,71.0,0.0,1.0,16.6,183
2025-08-27T07:00+00:00,4115,0.9,992.6,62.0,0.0,1.0,19.1,344
2025-08-27T08:00+00:00,4115,1.3,993.3,56.0,0.0,1.0,22.6,489
2025-08-27T09:00+00:00,4115,2.7,993.1,49.0,0.0,1.0,25.5,642
2025-08-27T10:00+00:00,4115,3.4,992.9,47.0,0.0,1.0,26.9,735
2025-08-27T11:00+00:00,4115,3.7,992.6,49.0,0.0,0.8,26.0,671
2025-08-27T12:00+00:00,4115,2.1,992.5,53.0,0.0,0.0,24.6,192
2025-08-27T13:00+00:00,4115,1.1,992.0,49.0,0.0,0.2,26.0,234
2025-08-27T14:00+00:00,4115,1.2,991.4,42.0,0.0,0.8,28.3,560
2025-08-27T15:00+00:00,4115,1.8,991.4,46.0,0.0,0.9,27.5,324
2025-08-27T16:00+00:00,4115,1.8,991.2,50.0,0.0,0.7,26.5,185
2025-08-27T17:00+00:00,4115,1.9,990.7,52.0,0.0,0.7,25.5,104
2025-08-27T18:00+00:00,4115,1.0,990.7,68.0,0.0,0.0,21.2,18
2025-08-27T19:00+00:00,4115,1.2,990.9,79.0,0.0,0.0,18.2,0
2025-08-27T20:00+00:00,4115,0.8,990.8,77.0,0.0,0.0,18.2,0
2025-08-27T21:00+00:00,4115,1.2,990.3,84.0,0.0,0.0,16.5,0
2025-08-27T22:00+00:00,4115,1.8,990.1,86.0,0.0,0.0,16.0,0
2025-08-27T23:00+00:00,4115,1.8,989.6,79.0,0.0,0.0,17.0,0
2025-08-28T00:00+00:00,4115,1.6,989.5,82.0,0.0,0.0,16.2,0
2025-08-28T01:00+00:00,4115,2.1,988.9,82.0,0.0,0.0,16.5,0
2025-08-28T02:00+00:00,4115,1.6,988.5,86.0,0.0,0.0,16.0,0
2025-08-28T03:00+00:00,4115,1.3,987.9,88.0,0.0,0.0,15.7,0
2025-08-28T04:00+00:00,4115,1.1,987.6,89.0,0.0,0.0,15.9,0
2025-08-28T05:00+00:00,4115,1.5,987.6,85.0,0.0,0.5,17.2,35
2025-08-28T06:00+00:00,4115,1.9,987.4,74.0,0.0,1.0,20.6,167
2025-08-28T07:00+00:00,4115,2.8,986.6,65.0,0.0,1.0,23.1,321
2025-08-28T08:00+00:00,4115,3.7,986.4,60.0,0.0,1.0,24.7,478
2025-08-28T09:00+00:00,4115,3.7,986.0,53.0,0.0,1.0,27.5,610
2025-08-28T10:00+00:00,4115,3.7,985.5,43.0,0.0,1.0,30.1,688
2025-08-28T11:00+00:00,4115,4.8,984.8,39.0,0.0,1.0,31.5,709
2025-08-28T12:00+00:00,4115,4.8,984.4,35.0,0.0,1.0,33.0,710
2025-08-28T13:00+00:00,4115,5.0,984.1,36.0,0.0,0.9,33.0,608
2025-08-28T14:00+00:00,4115,5.0,983.6,36.0,0.0,1.0,32.7,525
2025-08-28T15:00+00:00,4115,5.2,983.5,36.0,0.0,1.0,32.9,365
2025-08-28T16:00+00:00,4115,4.7,983.3,38.0,0.0,1.0,31.5,236
2025-08-28T17:00+00:00,4115,4.0,983.3,43.0,0.0,0.5,29.9,79
2025-08-28T18:00+00:00,4115,4.2,983.3,46.0,0.0,0.0,28.5,11
2025-08-28T19:00+00:00,4115,2.7,984.1,49.0,0.0,0.0,27.3,0
2025-08-28T20:00+00:00,4115,1.8,985.1,65.0,0.0,0.0,25.2,0
2025-08-28T21:00+00:00,4115,2.6,985.1,67.0,0.0,0.0,24.0,0
2025-08-28T22:00+00:00,4115,2.2,985.1,76.0,0.2,0.0,22.5,0
2025-08-28T23:00+00:00,4115,1.1,985.1,82.0,0.0,0.0,21.3,0
2025-08-29T00:00+00:00,4115,1.8,984.4,84.0,0.0,0.0,20.7,0
2025-08-29T01:00+00:00,4115,1.0,983.5,87.0,0.0,0.0,19.9,0
2025-08-29T02:00+00:00,4115,1.3,983.3,89.0,0.0,0.0,19.2,0
2025-08-29T03:00+00:00,4115,0.2,982.5,83.0,0.0,0.0,19.9,0
2025-08-29T04:00+00:00,4115,0.7,982.7,73.0,0.0,0.0,20.3,0
2025-08-29T05:00+00:00,4115,1.4,982.3,72.0,0.0,0.0,20.4,7
2025-08-29T06:00+00:00,4115,2.3,982.6,64.0,0.0,0.0,22.0,61
2025-08-29T07:00+00:00,4115,2.2,983.0,60.0,0.0,0.0,23.1,99
2025-08-29T08:00+00:00,4115,1.6,983.2,46.0,0.0,0.7,27.0,476
2025-08-29T09:00+00:00,4115,2.5,984.1,54.0,0.0,0.1,26.3,286
2025-08-29T10:00+00:00,4115,3.6,984.0,56.0,0.0,0.6,25.2,476
2025-08-29T11:00+00:00,4115,3.4,984.2,54.0,0.0,0.8,26.3,526
2025-08-29T12:00+00:00,4115,3.3,983.8,53.0,0.0,1.0,26.6,653
2025-08-29T13:00+00:00,4115,2.4,983.0,54.0,0.0,0.6,26.1,449
2025-08-29T14:00+00:00,4115,1.9,982.9,57.0,0.0,0.0,25.3,213
2025-08-29T15:00+00:00,4115,1.8,982.5,59.0,0.0,0.0,24.3,142
2025-08-29T16:00+00:00,4115,1.0,982.3,64.0,0.0,0.0,23.4,69
2025-08-29T17:00+00:00,4115,0.7,981.8,67.0,0.0,0.0,22.2,17
2025-08-29T18:00+00:00,4115,0.6,982.3,72.0,0.0,0.0,21.3,1
2025-08-29T19:00+00:00,4115,2.4,982.1,50.0,0.0,0.0,23.8,0
2025-08-29T20:00+00:00,4115,6.0,982.6,50.0,0.0,0.0,23.1,0
2025-08-29T21:00+00:00,4115,4.6,982.5,61.0,0.0,0.0,21.2,0
2025-08-29T22:00+00:00,4115,4.2,983.4,69.0,0.0,0.0,20.4,0
2025-08-29T23:00+00:00,4115,0.4,984.3,77.0,0.0,0.0,18.8,0
2025-08-30T00:00+00:00,4115,0.2,983.1,73.0,0.0,0.0,19.9,0
2025-08-30T01:00+00:00,4115,0.7,984.1,81.0,0.0,0.0,18.2,0
2025-08-30T02:00+00:00,4115,1.1,984.3,91.0,0.0,0.0,15.9,0
2025-08-30T03:00+00:00,4115,1.2,985.1,93.0,0.0,0.0,15.2,0
2025-08-30T04:00+00:00,4115,1.2,985.4,88.0,0.0,0.0,17.0,0
2025-08-30T05:00+00:00,4115,1.8,985.6,81.0,0.0,0.5,18.1,34
2025-08-30T06:00+00:00,4115,1.2,986.5,76.0,0.0,0.9,19.5,171
2025-08-30T07:00+00:00,4115,1.3,986.7,71.0,0.0,0.8,20.1,309
2025-08-30T08:00+00:00,4115,2.0,987.1,69.0,0.0,0.3,21.6,295
2025-08-30T09:00+00:00,4115,2.6,987.0,58.0,0.0,1.0,23.9,620
2025-08-30T10:00+00:00,4115,3.2,987.0,53.0,0.0,0.9,24.4,632
2025-08-30T11:00+00:00,4115,2.2,987.3,52.0,0.0,0.2,24.6,436
2025-08-30T12:00+00:00,4115,1.8,987.4,53.0,0.0,0.2,24.6,380
2025-08-30T13:00+00:00,4115,1.6,987.0,53.0,0.0,0.0,24.5,249
2025-08-30T14:00+00:00,4115,2.5,986.8,62.0,0.0,0.0,22.6,205
2025-08-30T15:00+00:00,4115,3.0,987.1,76.0,0.2,0.0,20.6,70
2025-08-30T16:00+00:00,4115,2.4,987.6,77.0,0.1,0.0,20.4,39
2025-08-30T17:00+00:00,4115,2.5,988.0,85.0,1.1,0.0,17.9,17
2025-08-30T18:00+00:00,4115,2.1,988.2,91.0,1.4,0.0,17.5,2
2025-08-30T19:00+00:00,4115,2.4,989.0,90.0,1.9,0.0,17.5,0
2025-08-30T20:00+00:00,4115,2.5,988.8,95.0,6.6,0.0,17.2,0
2025-08-30T21:00+00:00,4115,1.8,989.1,96.0,0.3,0.0,17.2,0
2025-08-30T22:00+00:00,4115,1.6,989.1,95.0,0.5,0.0,16.8,0
2025-08-30T23:00+00:00,4115,2.3,989.1,93.0,0.5,0.0,16.8,0
2025-08-31T00:00+00:00,4115,2.3,989.2,93.0,0.7,0.0,16.4,0
2025-08-31T01:00+00:00,4115,2.2,989.3,93.0,1.0,0.0,16.1,0
2025-08-31T02:00+00:00,4115,2.3,989.6,91.0,0.7,0.0,16.0,0
2025-08-31T03:00+00:00,4115,2.0,989.9,90.0,0.3,0.0,16.1,0
2025-08-31T04:00+00:00,4115,2.1,990.2,92.0,0.6,0.0,15.8,0
2025-08-31T05:00+00:00,4115,1.8,990.7,92.0,0.4,0.0,15.6,4
2025-08-31T06:00+00:00,4115,2.5,991.0,88.0,0.0,0.0,15.7,30
2025-08-31T07:00+00:00,4115,2.6,991.3,83.0,0.0,0.0,16.2,50
2025-08-31T08:00+00:00,4115,3.0,991.6,80.0,0.0,0.0,17.0,111
2025-08-31T09:00+00:00,4115,3.0,991.6,73.0,0.0,0.3,19.3,366
2025-08-31T10:00+00:00,4115,3.4,991.6,70.0,0.0,0.1,19.9,444
2025-08-31T11:00+00:00,4115,3.0,991.6,68.0,0.0,0.1,21.2,405
2025-08-31T12:00+00:00,4115,3.0,991.6,63.0,0.0,0.1,21.9,443
2025-08-31T13:00+00:00,4115,3.0,991.5,62.0,0.0,0.1,22.1,397
2025-08-31T14:00+00:00,4115,3.0,991.2,58.0,0.0,0.3,22.6,400
2025-08-31T15:00+00:00,4115,3.1,991.2,58.0,0.0,0.3,22.8,325
2025-08-31T16:00+00:00,4115,2.8,991.1,66.0,0.0,0.0,21.8,150
2025-08-31T17:00+00:00,4115,2.2,990.8,69.0,0.0,0.5,20.8,73
2025-08-31T18:00+00:00,4115,1.7,990.9,81.0,0.0,0.0,17.7,8
2025-08-31T19:00+00:00,4115,1.8,991.3,85.0,0.0,0.0,16.8,0
2025-08-31T20:00+00:00,4115,2.1,991.2,87.0,0.0,0.0,15.9,0
2025-08-31T21:00+00:00,4115,1.6,990.9,89.0,0.0,0.0,15.3,0
2025-08-31T22:00+00:00,4115,0.9,990.8,92.0,0.0,0.0,14.7,0
2025-08-31T23:00+00:00,4115,0.6,990.3,92.0,0.0,0.0,14.8,0
2025-09-01T00:00+00:00,4115,0.9,990.3,93.0,0.0,0.0,14.3,0
2025-09-01T01:00+00:00,4115,0.4,989.8,96.0,0.0,0.0,13.5,0
2025-09-01T02:00+00:00,4115,0.2,989.5,96.0,0.0,0.0,12.8,0
2025-09-01T03:00+00:00,4115,0.2,989.2,98.0,0.0,0.0,12.5,0
2025-09-01T04:00+00:00,4115,1.0,989.0,98.0,0.0,0.0,12.6,0
2025-09-01T05:00+00:00,4115,0.5,989.1,99.0,0.0,0.4,13.2,32
2025-09-01T06:00+00:00,4115,0.6,989.0,88.0,0.0,1.0,16.3,167
2025-09-01T07:00+00:00,4115,1.1,989.1,79.0,0.0,1.0,18.9,328
2025-09-01T08:00+00:00,4115,2.0,989.0,71.0,0.0,1.0,20.9,490
2025-09-01T09:00+00:00,4115,2.2,988.6,66.0,0.0,1.0,22.8,625
2025-09-01T10:00+00:00,4115,2.7,988.2,59.0,0.0,1.0,24.1,709
2025-09-01T11:00+00:00,4115,2.7,988.1,54.0,0.0,1.0,25.4,747
2025-09-01T12:00+00:00,4115,2.7,987.8,53.0,0.0,1.0,26.4,742
2025-09-01T13:00+00:00,4115,2.8,987.6,51.0,0.0,1.0,26.7,654
2025-09-01T14:00+00:00,4115,2.6,987.6,48.0,0.0,1.0,28.0,556
2025-09-01T15:00+00:00,4115,2.5,987.4,48.0,0.0,1.0,27.3,411
2025-09-01T16:00+00:00,4115,2.1,987.4,49.0,0.0,1.0,26.8,247
2025-09-01T17:00+00:00,4115,2.1,987.3,55.0,0.0,1.0,25.3,98
2025-09-01T18:00+00:00,4115,1.2,987.4,74.0,0.0,0.2,21.2,8
2025-09-01T19:00+00:00,4115,1.7,987.6,80.0,0.0,0.0,19.8,0
2025-09-01T20:00+00:00,4115,1.4,987.8,87.0,0.0,0.0,18.2,0
2025-09-01T21:00+00:00,4115,1.7,987.7,90.0,0.0,0.0,17.3,0
2025-09-01T22:00+00:00,4115,1.9,987.3,90.0,0.0,0.0,17.3,0
2025-09-01T23:00+00:00,4115,2.0,987.3,90.0,0.0,0.0,17.2,0
2025-09-02T00:00+00:00,4115,1.9,986.8,92.0,0.0,0.0,16.8,0
2025-09-02T01:00+00:00,4115,2.0,986.6,93.0,0.0,0.0,16.3,0
2025-09-02T02:00+00:00,4115,2.0,986.6,94.0,0.0,0.0,16.2,0
2025-09-02T03:00+00:00,4115,1.5,986.2,96.0,0.0,0.0,15.5,0
2025-09-02T04:00+00:00,4115,1.3,986.9,98.0,0.0,0.0,15.1,0
2025-09-02T05:00+00:00,4115,1.3,987.6,90.0,0.0,0.1,17.0,20
2025-09-02T06:00+00:00,4115,1.2,987.6,80.0,0.0,1.0,19.5,176
2025-09-02T07:00+00:00,4115,3.3,988.0,72.0,0.0,0.7,20.4,288
2025-09-02T08:00+00:00,4115,3.8,988.4,71.0,0.0,0.4,20.5,299
2025-09-02T09:00+00:00,4115,3.0,988.6,61.0,0.0,0.9,23.4,578
2025-09-02T10:00+00:00,4115,4.4,988.9,59.0,0.0,1.0,22.8,599
2025-09-02T11:00+00:00,4115,4.2,989.0,58.0,0.0,1.0,23.8,722
2025-09-02T12:00+00:00,4115,3.4,989.1,59.0,0.0,0.7,23.6,624
2025-09-02T13:00+00:00,4115,3.2,989.6,65.0,0.0,0.2,22.0,301
2025-09-02T14:00+00:00,4115,2.4,989.6,91.0,2.8,0.0,18.3,56
2025-09-02T15:00+00:00,4115,2.0,989.6,92.0,1.5,0.0,18.0,55
2025-09-02T16:00+00:00,4115,2.1,989.9,93.0,1.0,0.0,17.4,36
2025-09-02T17:00+00:00,4115,2.7,989.6,91.0,0.0,0.0,17.1,28
2025-09-02T18:00+00:00,4115,2.9,990.1,91.0,0.6,0.0,17.1,3
2025-09-02T19:00+00:00,4115,2.4,990.7,94.0,4.8,0.0,16.8,0
2025-09-02T20:00+00:00,4115,2.5,990.9,92.0,0.5,0.0,16.9,0
2025-09-02T21:00+00:00,4115,2.9,991.3,90.0,0.1,0.0,16.9,0
2025-09-02T22:00+00:00,4115,2.5,991.5,88.0,0.0,0.0,16.9,0
2025-09-02T23:00+00:00,4115,2.8,991.6,87.0,0.0,0.0,16.8,0
2025-09-03T00:00+00:00,4115,2.7,991.9,85.0,0.0,0.0,17.0,0
2025-09-03T01:00+00:00,4115,2.2,992.0,84.0,0.0,0.0,17.0,0
2025-09-03T02:00+00:00,4115,1.8,992.1,86.0,0.0,0.0,16.9,0
2025-09-03T03:00+00:00,4115,2.4,992.5,82.0,0.0,0.0,17.3,0
2025-09-03T04:00+00:00,4115,2.2,992.9,83.0,0.0,0.0,17.1,0
2025-09-03T05:00+00:00,4115,1.7,993.3,81.0,0.0,0.0,17.3,8
2025-09-03T06:00+00:00,4115,1.6,993.6,80.0,0.0,0.0,17.7,53
2025-09-03T07:00+00:00,4115,2.4,993.7,77.0,0.0,0.1,18.9,185
2025-09-03T08:00+00:00,4115,2.7,994.3,71.0,0.0,0.8,20.3,393
2025-09-03T09:00+00:00,4115,2.5,994.4,66.0,0.0,1.0,21.9,605
2025-09-03T10:00+00:00,4115,2.1,994.4,60.0,0.0,1.0,23.3,688
2025-09-03T11:00+00:00,4115,1.9,994.2,57.0,0.0,1.0,23.7,702
2025-09-03T12:00+00:00,4115,1.3,993.8,53.0,0.0,1.0,24.6,701
2025-09-03T13:00+00:00,4115,1.5,993.4,48.0,0.0,1.0,25.3,659
2025-09-03T14:00+00:00,4115,1.4,992.9,45.0,0.0,1.0,26.4,547
2025-09-03T15:00+00:00,4115,1.8,992.7,41.0,0.0,1.0,26.3,398
2025-09-03T16:00+00:00,4115,1.3,992.6,45.0,0.0,1.0,26.2,239
2025-09-03T17:00+00:00,4115,0.3,992.6,66.0,0.0,1.0,23.2,88
2025-09-03T18:00+00:00,4115,1.2,993.0,77.0,0.0,0.0,18.6,7
2025-09-03T19:00+00:00,4115,0.6,993.0,81.0,0.0,0.0,16.3,0
2025-09-03T20:00+00:00,4115,0.4,993.3,83.0,0.0,0.0,15.4,0
2025-09-03T21:00+00:00,4115,0.7,993.2,78.0,0.0,0.0,15.7,0
2025-09-03T22:00+00:00,4115,0.7,993.1,85.0,0.0,0.0,14.7,0
2025-09-03T23:00+00:00,4115,0.2,993.3,89.0,0.0,0.0,14.0,0
2025-09-04T00:00+00:00,4115,0.8,993.4,91.0,0.0,0.0,13.4,0
2025-09-04T01:00+00:00,4115,1.7,993.3,92.0,0.0,0.0,13.7,0
2025-09-04T02:00+00:00,4115,0.8,993.3,94.0,0.0,0.0,12.6,0
2025-09-04T03:00+00:00,4115,0.6,993.3,96.0,0.0,0.0,12.5,0
2025-09-04T04:00+00:00,4115,0.4,993.7,97.0,0.0,0.0,11.8,0
2025-09-04T05:00+00:00,4115,0.7,994.1,95.0,0.0,0.4,12.7,26
2025-09-04T06:00+00:00,4115,0.2,994.6,83.0,0.0,1.0,16.6,166
2025-09-04T07:00+00:00,4115,0.3,994.8,69.0,0.0,1.0,20.2,327
2025-09-04T08:00+00:00,4115,0.7,994.9,61.0,0.0,1.0,21.3,483
2025-09-04T09:00+00:00,4115,1.0,994.9,58.0,0.0,1.0,23.3,611
2025-09-04T10:00+00:00,4115,0.8,994.8,52.0,0.0,1.0,24.5,695
2025-09-04T11:00+00:00,4115,1.0,994.6,51.0,0.0,1.0,26.5,728
2025-09-04T12:00+00:00,4115,1.1,994.4,47.0,0.0,1.0,28.0,715
2025-09-04T13:00+00:00,4115,1.1,993.7,45.0,0.0,1.0,28.1,649
2025-09-04T14:00+00:00,4115,1.1,993.3,41.0,0.0,1.0,28.4,533
2025-09-04T15:00+00:00,4115,1.5,993.1,41.0,0.0,1.0,28.3,390
2025-09-04T16:00+00:00,4115,1.8,992.7,41.0,0.0,1.0,27.6,232
2025-09-04T17:00+00:00,4115,1.7,992.6,47.0,0.0,1.0,25.9,87
2025-09-04T18:00+00:00,4115,0.9,992.5,73.0,0.0,0.1,20.2,5
2025-09-04T19:00+00:00,4115,1.5,992.6,72.0,0.0,0.0,20.8,0
2025-09-04T20:00+00:00,4115,1.5,992.2,78.0,0.0,0.0,19.5,0
2025-09-04T21:00+00:00,4115,1.5,992.3,87.0,0.0,0.0,17.4,0
2025-09-04T22:00+00:00,4115,1.8,992.3,87.0,0.0,0.0,17.0,0
2025-09-04T23:00+00:00,4115,2.2,992.7,85.0,0.0,0.0,17.0,0
2025-09-05T00:00+00:00,4115,2.2,992.5,90.0,0.0,0.0,16.2,0
2025-09-05T01:00+00:00,4115,1.9,992.2,89.0,0.0,0.0,16.3,0
2025-09-05T02:00+00:00,4115,1.1,993.0,71.0,0.0,0.0,19.8,0
2025-09-05T03:00+00:00,4115,2.9,993.1,72.0,0.0,0.0,19.7,0
2025-09-05T04:00+00:00,4115,3.2,993.5,71.0,0.0,0.0,19.8,0
2025-09-05T05:00+00:00,4115,4.2,993.8,70.0,0.0,0.0,19.8,18
2025-09-05T06:00+00:00,4115,4.0,994.5,70.0,0.0,0.5,19.6,106
2025-09-05T07:00+00:00,4115,3.8,994.9,65.0,0.0,0.3,20.7,181
2025-09-05T08:00+00:00,4115,4.0,995.6,62.0,0.0,0.6,21.3,365
2025-09-05T09:00+00:00,4115,4.2,996.0,57.0,0.0,0.7,22.8,477
2025-09-05T10:00+00:00,4115,4.1,996.2,55.0,0.0,0.9,23.6,686
2025-09-05T11:00+00:00,4115,3.7,996.0,53.0,0.0,1.0,24.4,669
2025-09-05T12:00+00:00,4115,3.4,996.0,53.0,0.0,0.7,24.6,495
2025-09-05T13:00+00:00,4115,3.2,995.9,49.0,0.0,1.0,25.3,570
2025-09-05T14:00+00:00,4115,2.6,996.0,53.0,0.0,0.5,24.6,341
2025-09-05T15:00+00:00,4115,3.6,996.3,60.0,0.0,0.3,22.3,256
2025-09-05T16:00+00:00,4115,3.9,996.5,66.0,0.0,0.0,20.9,70
2025-09-05T17:00+00:00,4115,4.1,996.8,69.0,0.0,0.0,19.8,20
2025-09-05T18:00+00:00,4115,4.6,997.9,79.0,0.0,0.0,18.5,0
2025-09-05T19:00+00:00,4115,5.5,998.7,79.0,0.0,0.0,16.2,0
2025-09-05T20:00+00:00,4115,5.7,999.5,80.0,0.0,0.0,15.5,0
2025-09-05T21:00+00:00,4115,6.0,1000.0,87.0,0.1,0.0,14.5,0
2025-09-05T22:00+00:00,4115,6.1,999.9,90.0,0.6,0.0,13.9,0
2025-09-05T23:00+00:00,4115,5.7,1000.7,94.0,2.8,0.0,13.4,0
2025-09-06T00:00+00:00,4115,5.1,1000.5,92.0,4.1,0.0,13.6,0
2025-09-06T01:00+00:00,4115,5.4,1000.9,89.0,0.5,0.0,13.7,0
2025-09-06T02:00+00:00,4115,4.7,1000.7,88.0,0.1,0.0,13.7,0
2025-09-06T03:00+00:00,4115,3.9,1001.2,84.0,0.0,0.0,14.0,0
2025-09-06T04:00+00:00,4115,3.1,1001.5,82.0,0.0,0.0,14.2,0
2025-09-06T05:00+00:00,4115,3.5,1001.6,82.0,0.0,0.1,13.9,16
2025-09-06T06:00+00:00,4115,2.9,1002.1,77.0,0.0,0.9,15.1,154
2025-09-06T07:00+00:00,4115,3.4,1002.5,77.0,0.0,0.8,15.8,296
2025-09-06T08:00+00:00,4115,3.0,1002.5,72.0,0.0,1.0,17.0,492
2025-09-06T09:00+00:00,4115,3.0,1002.4,68.0,0.0,1.0,18.8,609
2025-09-06T10:00+00:00,4115,2.3,1002.3,65.0,0.0,0.5,19.4,475
2025-09-06T11:00+00:00,4115,2.8,1001.9,62.0,0.0,0.5,20.1,476
2025-09-06T12:00+00:00,4115,2.7,1001.8,55.0,0.0,0.6,20.9,533
2025-09-06T13:00+00:00,4115,2.8,1001.5,60.0,0.0,0.1,20.6,263
2025-09-06T14:00+00:00,4115,2.5,1001.1,52.0,0.0,0.9,22.5,505
2025-09-06T15:00+00:00,4115,2.3,1000.8,56.0,0.0,0.8,21.5,377
2025-09-06T16:00+00:00,4115,2.6,1000.7,54.0,0.0,1.0,21.8,239
2025-09-06T17:00+00:00,4115,2.4,1000.9,66.0,0.0,1.0,19.2,79
2025-09-06T18:00+00:00,4115,1.8,1001.1,84.0,0.0,0.0,15.3,3
2025-09-06T19:00+00:00,4115,1.9,1001.4,84.0,0.0,0.0,15.0,0
2025-09-06T20:00+00:00,4115,2.5,1001.5,85.0,0.0,0.0,14.6,0
2025-09-06T21:00+00:00,4115,2.3,1001.6,87.0,0.0,0.0,14.4,0
2025-09-06T22:00+00:00,4115,0.8,1001.4,92.0,0.0,0.0,12.9,0
2025-09-06T23:00+00:00,4115,0.6,1001.3,94.0,0.0,0.0,12.2,0
2025-09-07T00:00+00:00,4115,1.0,1001.0,95.0,0.0,0.0,12.0,0
2025-09-07T01:00+00:00,4115,0.6,1000.8,94.0,0.0,0.0,12.0,0
2025-09-07T02:00+00:00,4115,0.7,1000.8,95.0,0.0,0.0,11.6,0
2025-09-07T03:00+00:00,4115,1.1,1000.5,97.0,0.0,0.0,11.1,0
2025-09-07T04:00+00:00,4115,0.6,1000.3,97.0,0.0,0.0,11.1,0
2025-09-07T05:00+00:00,4115,0.8,1000.3,98.0,0.0,0.4,10.9,24
2025-09-07T06:00+00:00,4115,0.6,1000.4,88.0,0.0,1.0,14.2,160
2025-09-07T07:00+00:00,4115,1.8,1000.4,80.0,0.0,1.0,16.0,321
2025-09-07T08:00+00:00,4115,1.9,1000.1,76.0,0.0,1.0,17.7,471
2025-09-07T09:00+00:00,4115,2.6,999.7,70.0,0.0,0.8,18.1,509
2025-09-07T10:00+00:00,4115,2.2,999.3,62.0,0.0,1.0,20.4,677
2025-09-07T11:00+00:00,4115,1.9,998.8,58.0,0.0,1.0,21.6,739
2025-09-07T12:00+00:00,4115,1.6,998.2,55.0,0.0,1.0,22.8,726
2025-09-07T13:00+00:00,4115,1.3,997.7,46.0,0.0,1.0,23.4,666
2025-09-07T14:00+00:00,4115,1.3,997.3,48.0,0.0,1.0,23.9,566
2025-09-07T15:00+00:00,4115,0.1,996.7,48.0,0.0,0.7,23.8,292
2025-09-07T16:00+00:00,4115,1.1,996.4,54.0,0.0,0.9,22.4,183
2025-09-07T17:00+00:00,4115,1.4,996.3,69.0,0.0,0.7,19.8,80
2025-09-07T18:00+00:00,4115,2.4,996.6,78.0,0.0,0.0,16.8,3
2025-09-07T19:00+00:00,4115,1.8,996.9,79.0,0.0,0.0,15.7,0
2025-09-07T20:00+00:00,4115,0.9,996.8,85.0,0.0,0.0,14.6,0
2025-09-07T21:00+00:00,4115,0.7,996.6,88.0,0.0,0.0,14.3,0
2025-09-07T22:00+00:00,4115,0.8,995.9,86.0,0.0,0.0,14.6,0
2025-09-07T23:00+00:00,4115,0.4,995.8,88.0,0.0,0.0,14.1,0
2025-09-08T00:00+00:00,4115,0.5,995.6,94.0,0.0,0.0,12.9,0
2025-09-08T01:00+00:00,4115,0.5,995.2,94.0,0.0,0.0,12.9,0
2025-09-08T02:00+00:00,4115,0.5,994.9,95.0,0.0,0.0,11.9,0
2025-09-08T03:00+00:00,4115,0.3,994.8,96.0,0.0,0.0,12.2,0
2025-09-08T04:00+00:00,4115,0.6,994.8,96.0,0.0,0.0,11.8,0
2025-09-08T05:00+00:00,4115,0.7,994.9,97.0,0.0,0.2,11.7,19
2025-09-08T06:00+00:00,4115,0.7,995.3,86.0,0.0,1.0,14.9,189
2025-09-08T07:00+00:00,4115,1.6,995.3,82.0,0.0,1.0,15.9,279
2025-09-08T08:00+00:00,4115,1.3,995.2,74.0,0.0,1.0,17.8,439
2025-09-08T09:00+00:00,4115,1.4,995.1,70.0,0.0,0.9,18.7,562
2025-09-08T10:00+00:00,4115,1.3,994.5,72.0,0.0,0.2,18.8,344
2025-09-08T11:00+00:00,4115,1.3,994.4,68.0,0.0,0.4,19.8,369
2025-09-08T12:00+00:00,4115,1.3,994.0,62.0,0.0,0.8,22.5,588
2025-09-08T13:00+00:00,4115,2.0,993.4,52.0,0.0,1.0,23.7,633
2025-09-08T14:00+00:00,4115,1.7,993.3,51.0,0.0,1.0,24.0,528
2025-09-08T15:00+00:00,4115,1.1,993.0,49.0,0.0,1.0,24.2,375
2025-09-08T16:00+00:00,4115,1.2,992.7,51.0,0.0,1.0,23.7,214
2025-09-08T17:00+00:00,4115,1.0,992.7,73.0,0.0,1.0,20.0,68
2025-09-08T18:00+00:00,4115,1.1,993.3,83.0,0.0,0.0,16.0,3
2025-09-08T19:00+00:00,4115,0.7,993.7,83.0,0.0,0.0,15.4,0
2025-09-08T20:00+00:00,4115,1.4,993.6,63.0,0.0,0.0,18.4,0
2025-09-08T21:00+00:00,4115,2.6,993.7,67.0,0.0,0.0,17.0,0
2025-09-08T22:00+00:00,4115,2.3,993.7,61.0,0.0,0.0,17.6,0
2025-09-08T23:00+00:00,4115,2.7,993.3,64.0,0.0,0.0,16.5,0
2025-09-09T00:00+00:00,4115,2.6,993.3,65.0,0.0,0.0,16.2,0
2025-09-09T01:00+00:00,4115,1.1,993.1,76.0,0.0,0.0,14.2,0
2025-09-09T02:00+00:00,4115,0.4,992.7,77.0,0.0,0.0,13.9,0
2025-09-09T03:00+00:00,4115,0.4,992.5,67.0,0.0,0.0,14.9,0
2025-09-09T04:00+00:00,4115,0.3,992.7,82.0,0.0,0.0,12.4,0
2025-09-09T05:00+00:00,4115,0.8,992.9,81.0,0.0,0.2,12.4,17
2025-09-09T06:00+00:00,4115,0.5,992.9,77.0,0.0,1.0,14.8,139
2025-09-09T07:00+00:00,4115,1.7,992.7,70.0,0.0,1.0,18.2,304
2025-09-09T08:00+00:00,4115,0.9,992.7,67.0,0.0,1.0,19.9,460
2025-09-09T09:00+00:00,4115,0.8,992.3,63.0,0.0,1.0,21.1,588
2025-09-09T10:00+00:00,4115,1.6,991.6,60.0,0.0,1.0,22.3,667
2025-09-09T11:00+00:00,4115,1.9,991.3,58.0,0.0,1.0,23.2,634
2025-09-09T12:00+00:00,4115,1.9,991.1,50.0,0.0,1.0,24.4,587
2025-09-09T13:00+00:00,4115,1.9,990.8,44.0,0.0,1.0,25.1,608
2025-09-09T14:00+00:00,4115,1.9,990.5,45.0,0.0,1.0,25.4,436
2025-09-09T15:00+00:00,4115,1.9,990.4,48.0,0.0,0.8,24.4,272
2025-09-09T16:00+00:00,4115,1.9,990.4,49.0,0.0,0.3,24.0,164
2025-09-09T17:00+00:00,4115,1.2,990.5,57.0,0.0,0.0,22.2,49
2025-09-09T18:00+00:00,4115,1.3,991.0,74.0,0.0,0.0,19.4,3
2025-09-09T19:00+00:00,4115,1.5,991.4,66.0,0.0,0.0,20.3,0
2025-09-09T20:00+00:00,4115,1.3,992.0,68.0,0.0,0.0,20.2,0
2025-09-09T21:00+00:00,4115,1.3,992.5,83.0,0.2,0.0,18.7,0
2025-09-09T22:00+00:00,4115,3.2,992.3,93.0,0.7,0.0,17.7,0
2025-09-09T23:00+00:00,4115,2.9,992.3,92.0,0.0,0.0,17.6,0
2025-09-10T00:00+00:00,4115,2.4,992.3,91.0,0.1,0.0,17.3,0
2025-09-10T01:00+00:00,4115,2.8,991.9,89.0,0.1,0.0,17.2,0
2025-09-10T02:00+00:00,4115,2.0,991.8,88.0,0.0,0.0,17.2,0
2025-09-10T03:00+00:00,4115,0.2,991.9,91.0,0.0,0.0,16.8,0
2025-09-10T04:00+00:00,4115,0.4,991.9,95.0,0.0,0.0,15.7,0
2025-09-10T05:00+00:00,4115,0.9,991.6,97.0,0.0,0.0,15.6,14
2025-09-10T06:00+00:00,4115,0.6,991.5,94.0,0.0,0.0,17.0,81
2025-09-10T07:00+00:00,4115,0.7,991.2,89.0,0.0,0.0,18.1,138
2025-09-10T08:00+00:00,4115,1.3,991.2,86.0,0.0,0.0,18.8,136
2025-09-10T09:00+00:00,4115,2.6,990.8,86.0,0.0,0.0,18.5,136
2025-09-10T10:00+00:00,4115,2.2,990.5,88.0,0.0,0.0,18.7,66
2025-09-10T11:00+00:00,4115,2.6,989.8,86.0,0.0,0.0,19.3,72
2025-09-10T12:00+00:00,4115,2.5,989.1,83.0,0.0,0.0,19.9,78
2025-09-10T13:00+00:00,4115,1.9,988.6,89.0,0.4,0.0,19.5,57
2025-09-10T14:00+00:00,4115,1.8,987.9,93.0,1.0,0.0,19.1,43
2025-09-10T15:00+00:00,4115,2.1,987.0,98.0,2.2,0.0,18.9,26
2025-09-10T16:00+00:00,4115,2.8,986.0,97.0,0.4,0.0,18.5,16
2025-09-10T17:00+00:00,4115,3.3,985.2,97.0,0.2,0.0,18.4,4
2025-09-10T18:00+00:00,4115,3.1,984.6,98.0,1.9,0.0,18.3,0
2025-09-10T19:00+00:00,4115,2.8,984.0,98.0,0.6,0.0,18.2,0
2025-09-10T20:00+00:00,4115,2.8,983.1,99.0,4.9,0.0,18.1,0
2025-09-10T21:00+00:00,4115,1.3,983.1,96.0,4.3,0.0,17.2,0
2025-09-10T22:00+00:00,4115,3.8,983.2,94.0,0.9,0.0,16.8,0
2025-09-10T23:00+00:00,4115,4.5,983.8,93.0,0.0,0.0,16.7,0
2025-09-11T00:00+00:00,4115,4.5,984.6,93.0,0.8,0.0,16.2,0
2025-09-11T01:00+00:00,4115,3.8,985.2,91.0,0.1,0.0,16.0,0
2025-09-11T02:00+00:00,4115,3.6,986.2,89.0,0.0,0.0,16.0,0
2025-09-11T03:00+00:00,4115,4.2,986.5,86.0,0.0,0.0,15.9,0
2025-09-11T04:00+00:00,4115,3.5,987.6,86.0,0.0,0.0,15.7,0
2025-09-11T05:00+00:00,4115,2.8,988.0,87.0,0.0,0.0,14.9,4
2025-09-11T06:00+00:00,4115,2.8,989.0,82.0,0.0,0.9,15.9,136
2025-09-11T07:00+00:00,4115,2.7,989.2,76.0,0.0,1.0,17.1,302
2025-09-11T08:00+00:00,4115,3.9,990.1,68.0,0.0,1.0,19.0,458
2025-09-11T09:00+00:00,4115,2.5,990.7,61.0,0.0,1.0,20.6,593
2025-09-11T10:00+00:00,4115,2.0,990.7,58.0,0.0,1.0,22.2,682
2025-09-11T11:00+00:00,4115,2.1,990.7,56.0,0.0,1.0,22.2,690
2025-09-11T12:00+00:00,4115,1.9,990.4,52.0,0.0,1.0,23.9,675
2025-09-11T13:00+00:00,4115,1.9,990.3,46.0,0.0,1.0,25.0,618
2025-09-11T14:00+00:00,4115,2.8,990.2,40.0,0.0,1.0,25.6,505
2025-09-11T15:00+00:00,4115,3.4,990.2,46.0,0.0,1.0,24.8,361
2025-09-11T16:00+00:00,4115,2.9,990.7,51.0,0.0,1.0,23.9,198
2025-09-11T17:00+00:00,4115,1.4,991.3,65.0,0.0,0.8,21.3,53
2025-09-11T18:00+00:00,4115,1.1,992.3,75.0,0.0,0.0,18.3,1
2025-09-11T19:00+00:00,4115,1.2,992.9,71.0,0.0,0.0,18.6,0
2025-09-11T20:00+00:00,4115,0.7,993.1,73.0,0.0,0.0,18.0,0
2025-09-11T21:00+00:00,4115,0.2,993.4,81.0,0.0,0.0,16.9,0
2025-09-11T22:00+00:00,4115,1.1,993.5,84.0,0.0,0.0,16.2,0
2025-09-11T23:00+00:00,4115,0.3,993.7,91.0,0.0,0.0,15.7,0
2025-09-12T00:00+00:00,4115,0.3,994.1,88.0,0.0,0.0,16.2,0
2025-09-12T01:00+00:00,4115,0.9,994.3,78.0,0.0,0.0,17.9,0
2025-09-12T02:00+00:00,4115,2.8,994.6,89.0,0.2,0.0,17.0,0
2025-09-12T03:00+00:00,4115,3.3,994.9,86.0,0.0,0.0,17.1,0
2025-09-12T04:00+00:00,4115,3.2,995.6,86.0,0.0,0.0,16.8,0
2025-09-12T05:00+00:00,4115,0.4,996.3,91.0,0.0,0.0,15.9,8
2025-09-12T06:00+00:00,4115,1.0,996.7,89.0,0.0,0.2,17.2,91
2025-09-12T07:00+00:00,4115,2.0,997.1,82.0,0.0,0.2,17.5,194
2025-09-12T08:00+00:00,4115,2.0,997.6,76.0,0.0,0.0,17.8,200
2025-09-12T09:00+00:00,4115,1.4,997.7,70.0,0.0,0.1,18.1,223
2025-09-12T10:00+00:00,4115,0.4,997.8,70.0,0.0,0.0,18.8,238
2025-09-12T11:00+00:00,4115,0.4,997.9,73.0,0.1,0.0,18.4,186
2025-09-12T12:00+00:00,4115,0.5,998.1,74.0,0.0,0.0,18.7,254
2025-09-12T13:00+00:00,4115,0.9,998.0,77.0,0.0,0.0,18.6,187
2025-09-12T14:00+00:00,4115,0.2,998.2,71.0,0.0,0.2,19.5,284
2025-09-12T15:00+00:00,4115,0.4,998.2,74.0,0.0,0.0,19.3,145
2025-09-12T16:00+00:00,4115,0.4,998.4,71.0,0.0,0.3,19.8,153
2025-09-12T17:00+00:00,4115,0.5,998.6,83.0,0.0,0.2,18.0,50
2025-09-12T18:00+00:00,4115,1.0,999.3,93.0,0.0,0.0,15.1,1
2025-09-12T19:00+00:00,4115,0.9,999.7,95.0,0.0,0.0,15.0,0
2025-09-12T20:00+00:00,4115,1.7,999.8,95.0,0.0,0.0,14.4,0
2025-09-12T21:00+00:00,4115,0.7,1000.1,95.0,0.0,0.0,15.0,0
2025-09-12T22:00+00:00,4115,0.8,1000.0,86.0,0.0,0.0,15.8,0
2025-09-12T23:00+00:00,4115,0.5,999.9,88.0,0.0,0.0,15.5,0
2025-09-13T00:00+00:00,4115,0.9,999.6,92.0,0.2,0.0,15.3,0
2025-09-13T01:00+00:00,4115,0.6,999.9,91.0,0.1,0.0,15.2,0
2025-09-13T02:00+00:00,4115,0.5,999.7,96.0,0.8,0.0,14.7,0
2025-09-13T03:00+00:00,4115,0.3,999.5,96.0,0.1,0.0,14.7,0
2025-09-13T04:00+00:00,4115,0.1,999.5,97.0,0.6,0.0,14.6,0
2025-09-13T05:00+00:00,4115,0.6,999.3,97.0,0.7,0.0,14.6,0
2025-09-13T06:00+00:00,4115,0.4,999.6,99.0,17.3,0.0,14.5,1
2025-09-13T07:00+00:00,4115,0.6,999.5,97.0,1.7,0.0,15.3,39
2025-09-13T08:00+00:00,4115,0.5,999.3,95.0,0.0,0.1,16.7,156
2025-09-13T09:00+00:00,4115,1.6,999.0,90.0,0.0,0.2,17.2,347
2025-09-13T10:00+00:00,4115,0.9,998.8,91.0,0.0,0.0,17.6,148
2025-09-13T11:00+00:00,4115,1.3,997.9,82.0,0.0,0.3,19.6,450
2025-09-13T12:00+00:00,4115,1.4,997.4,77.0,0.0,0.6,21.2,537
2025-09-13T13:00+00:00,4115,1.5,997.0,74.0,0.0,0.9,22.3,569
2025-09-13T14:00+00:00,4115,1.5,996.0,67.0,0.0,0.8,23.9,440
2025-09-13T15:00+00:00,4115,1.7,995.9,67.0,0.0,0.7,23.6,286
2025-09-13T16:00+00:00,4115,0.5,995.8,76.0,0.0,0.0,20.9,45
2025-09-13T17:00+00:00,4115,1.9,995.6,81.0,0.0,0.0,18.3,5
2025-09-13T18:00+00:00,4115,0.5,995.6,91.0,0.0,0.0,16.9,0
2025-09-13T19:00+00:00,4115,0.4,995.6,92.0,0.0,0.0,16.6,0
2025-09-13T20:00+00:00,4115,0.3,995.6,94.0,0.0,0.0,16.2,0
2025-09-13T21:00+00:00,4115,0.7,995.2,95.0,0.0,0.0,16.4,0
2025-09-13T22:00+00:00,4115,0.4,994.6,95.0,0.0,0.0,16.4,0
2025-09-13T23:00+00:00,4115,0.5,994.1,97.0,0.0,0.0,15.9,0
2025-09-14T00:00+00:00,4115,0.2,993.6,97.0,0.0,0.0,15.8,0
2025-09-14T01:00+00:00,4115,0.3,993.4,98.0,0.0,0.0,16.1,0
2025-09-14T02:00+00:00,4115,0.4,993.0,97.0,0.4,0.0,16.6,0
2025-09-14T03:00+00:00,4115,1.8,992.7,95.0,0.0,0.0,16.5,0
2025-09-14T04:00+00:00,4115,1.9,992.1,92.0,0.0,0.0,17.0,0
2025-09-14T05:00+00:00,4115,3.3,992.2,89.0,0.0,0.0,16.5,3
2025-09-14T06:00+00:00,4115,3.1,992.2,88.0,0.0,0.0,16.3,27
2025-09-14T07:00+00:00,4115,1.9,992.6,84.0,0.0,0.0,16.8,109
2025-09-14T08:00+00:00,4115,2.7,993.2,78.0,0.0,0.5,17.6,324
2025-09-14T09:00+00:00,4115,2.5,993.6,76.0,0.0,0.0,17.7,209
2025-09-14T10:00+00:00,4115,2.1,994.1,74.0,0.0,0.0,18.4,256
2025-09-14T11:00+00:00,4115,1.8,994.0,76.0,0.0,0.0,18.8,167
2025-09-14T12:00+00:00,4115,3.0,994.3,74.0,0.0,0.0,18.5,190
2025-09-14T13:00+00:00,4115,3.4,994.6,72.0,0.0,0.0,18.0,155
2025-09-14T14:00+00:00,4115,2.9,994.3,69.0,0.0,0.0,18.8,166
2025-09-14T15:00+00:00,4115,2.8,994.5,67.0,0.0,0.4,19.4,224
2025-09-14T16:00+00:00,4115,3.8,994.9,65.0,0.0,0.7,18.9,179
2025-09-14T17:00+00:00,4115,4.3,995.6,68.0,0.0,0.8,17.0,61
2025-09-14T18:00+00:00,4115,3.7,996.4,64.0,0.0,0.0,15.9,1
2025-09-14T19:00+00:00,4115,3.4,996.9,67.0,0.0,0.0,15.2,0
2025-09-14T20:00+00:00,4115,2.3,997.3,71.0,0.0,0.0,14.3,0
2025-09-14T21:00+00:00,4115,1.8,997.7,75.0,0.0,0.0,13.5,0
2025-09-14T22:00+00:00,4115,1.6,997.3,72.0,0.0,0.0,14.1,0
2025-09-14T23:00+00:00,4115,1.3,997.1,76.0,0.0,0.0,13.2,0
2025-09-15T00:00+00:00,4115,0.7,997.1,91.0,0.0,0.0,10.1,0
2025-09-15T01:00+00:00,4115,0.5,997.1,95.0,0.0,0.0,8.9,0
2025-09-15T02:00+00:00,4115,0.4,996.9,96.0,0.0,0.0,10.0,0
2025-09-15T03:00+00:00,4115,0.2,996.6,94.0,0.0,0.0,11.3,0
2025-09-15T04:00+00:00,4115,1.0,996.5,95.0,0.0,0.0,10.4,0
2025-09-15T05:00+00:00,4115,1.5,996.4,95.0,0.0,0.0,11.0,7
2025-09-15T06:00+00:00,4115,1.4,996.8,84.0,0.0,0.4,13.3,97
2025-09-15T07:00+00:00,4115,0.4,996.5,81.0,0.0,0.1,14.1,130
2025-09-15T08:00+00:00,4115,0.6,996.4,68.0,0.0,0.6,17.1,362
2025-09-15T09:00+00:00,4115,1.0,996.3,66.0,0.0,0.4,19.1,410
2025-09-15T10:00+00:00,4115,1.7,995.7,61.0,0.0,0.2,20.2,397
2025-09-15T11:00+00:00,4115,1.7,995.5,60.0,0.0,0.5,22.8,524
2025-09-15T12:00+00:00,4115,2.6,995.1,53.0,0.0,1.0,25.0,694
2025-09-15T13:00+00:00,4115,2.1,994.4,51.0,0.0,0.4,25.9,439
2025-09-15T14:00+00:00,4115,2.5,993.7,53.0,0.0,1.0,27.1,428
2025-09-15T15:00+00:00,4115,2.1,993.5,49.0,0.0,1.0,27.4,341
2025-09-15T16:00+00:00,4115,2.0,993.0,52.0,0.0,1.0,26.6,178
2025-09-15T17:00+00:00,4115,1.7,992.9,63.0,0.0,0.5,23.5,36
2025-09-15T18:00+00:00,4115,1.2,993.0,74.0,0.0,0.0,21.0,1
2025-09-15T19:00+00:00,4115,1.4,993.2,84.0,0.0,0.0,19.0,0
2025-09-15T20:00+00:00,4115,0.9,993.0,85.0,0.1,0.0,19.3,0
2025-09-15T21:00+00:00,4115,0.7,992.9,88.0,0.0,0.0,18.5,0
2025-09-15T22:00+00:00,4115,0.7,992.7,94.0,0.0,0.0,16.6,0
2025-09-15T23:00+00:00,4115,1.4,992.7,96.0,0.0,0.0,17.3,0
2025-09-16T00:00+00:00,4115,1.1,993.1,94.0,0.0,0.0,17.8,0
2025-09-16T01:00+00:00,4115,3.4,994.2,82.0,0.0,0.0,19.8,0
2025-09-16T02:00+00:00,4115,2.5,994.0,84.0,0.0,0.0,18.6,0
2025-09-16T03:00+00:00,4115,3.1,994.3,81.0,0.0,0.0,18.8,0
2025-09-16T04:00+00:00,4115,3.0,995.2,83.0,0.0,0.0,18.7,0
2025-09-16T05:00+00:00,4115,2.6,995.5,82.0,0.0,0.0,18.1,0
2025-09-16T06:00+00:00,4115,3.1,996.7,76.0,0.2,0.0,17.3,11
2025-09-16T07:00+00:00,4115,2.6,997.7,78.0,0.0,0.0,16.9,38
2025-09-16T08:00+00:00,4115,1.7,997.7,84.0,0.0,0.0,16.8,81
2025-09-16T09:00+00:00,4115,2.3,998.2,78.0,0.0,0.0,16.8,146
2025-09-16T10:00+00:00,4115,1.9,997.5,77.0,0.0,0.0,16.6,61
2025-09-16T11:00+00:00,4115,1.8,997.8,75.0,0.0,0.0,16.9,88
2025-09-16T12:00+00:00,4115,2.2,997.7,72.0,0.0,0.0,17.3,104
2025-09-16T13:00+00:00,4115,2.2,997.1,58.0,0.0,0.5,20.0,357
2025-09-16T14:00+00:00,4115,2.8,996.5,50.0,0.0,1.0,20.8,445
2025-09-16T15:00+00:00,4115,2.3,996.6,50.0,0.0,0.0,19.4,169
2025-09-16T16:00+00:00,4115,1.9,997.0,58.0,0.0,0.0,18.3,82
2025-09-16T17:00+00:00,4115,2.1,997.0,62.0,0.0,0.0,17.5,20
2025-09-16T18:00+00:00,4115,1.7,997.3,65.0,0.0,0.0,16.6,0
2025-09-16T19:00+00:00,4115,1.6,997.7,74.0,0.0,0.0,14.9,0
2025-09-16T20:00+00:00,4115,1.7,998.2,61.0,0.0,0.0,16.0,0
2025-09-16T21:00+00:00,4115,2.7,998.7,56.0,0.0,0.0,16.3,0
2025-09-16T22:00+00:00,4115,2.0,998.8,63.0,0.0,0.0,14.8,0
2025-09-16T23:00+00:00,4115,1.6,998.9,63.0,0.0,0.0,14.1,0
2025-09-17T00:00+00:00,4115,1.9,999.0,66.0,0.0,0.0,13.8,0
2025-09-17T01:00+00:00,4115,1.6,999.1,72.0,0.0,0.0,12.8,0
2025-09-17T02:00+00:00,4115,1.1,999.3,79.0,0.0,0.0,11.2,0
2025-09-17T03:00+00:00,4115,1.7,999.3,74.0,0.0,0.0,12.2,0
2025-09-17T04:00+00:00,4115,2.3,999.3,72.0,0.0,0.0,12.7,0
2025-09-17T05:00+00:00,4115,2.2,999.7,71.0,0.0,0.0,12.9,5
2025-09-17T06:00+00:00,4115,3.1,1000.0,68.0,0.0,0.1,14.1,72
2025-09-17T07:00+00:00,4115,3.3,1000.5,66.0,0.0,0.6,14.9,233
2025-09-17T08:00+00:00,4115,3.3,1000.8,62.0,0.0,0.8,16.7,366
2025-09-17T09:00+00:00,4115,3.4,1001.1,58.0,0.0,1.0,17.5,593
2025-09-17T10:00+00:00,4115,3.2,1000.9,55.0,0.0,0.9,18.4,638
2025-09-17T11:00+00:00,4115,3.0,1001.0,57.0,0.0,0.3,17.8,339
2025-09-17T12:00+00:00,4115,3.6,1000.5,54.0,0.0,0.4,18.4,401
2025-09-17T13:00+00:00,4115,3.4,999.9,49.0,0.0,0.7,19.4,454
2025-09-17T14:00+00:00,4115,2.9,999.9,50.0,0.0,0.3,19.4,300
2025-09-17T15:00+00:00,4115,2.4,1000.1,54.0,0.0,0.1,18.5,192
2025-09-17T16:00+00:00,4115,1.9,1000.0,57.0,0.0,0.0,17.6,87
2025-09-17T17:00+00:00,4115,1.3,1000.4,60.0,0.0,0.1,16.3,26
2025-09-17T18:00+00:00,4115,1.4,1000.8,63.0,0.0,0.0,16.0,0
2025-09-17T19:00+00:00,4115,1.3,1001.4,66.0,0.0,0.0,15.3,0
2025-09-17T20:00+00:00,4115,1.3,1001.8,69.0,0.0,0.0,14.2,0
2025-09-17T21:00+00:00,4115,1.6,1002.2,66.0,0.0,0.0,14.5,0
2025-09-17T22:00+00:00,4115,1.6,1002.4,70.0,0.0,0.0,14.2,0
2025-09-17T23:00+00:00,4115,1.7,1002.5,67.0,0.0,0.0,15.0,0
2025-09-18T00:00+00:00,4115,1.3,1002.6,68.0,0.0,0.0,15.1,0
2025-09-18T01:00+00:00,4115,1.0,1002.7,72.0,0.0,0.0,14.2,0
2025-09-18T02:00+00:00,4115,1.1,1002.9,72.0,0.0,0.0,14.6,0
2025-09-18T03:00+00:00,4115,1.0,1002.9,76.0,0.0,0.0,14.5,0
2025-09-18T04:00+00:00,4115,1.0,1002.7,72.0,0.0,0.0,15.1,0
2025-09-18T05:00+00:00,4115,0.1,1002.9,85.0,0.0,0.0,13.7,2
2025-09-18T06:00+00:00,4115,1.1,1002.9,82.0,0.0,0.0,14.4,30
2025-09-18T07:00+00:00,4115,0.3,1003.4,75.0,0.0,0.0,16.6,118
2025-09-18T08:00+00:00,4115,0.7,1003.5,70.0,0.1,0.0,17.9,231
2025-09-18T09:00+00:00,4115,1.1,1003.5,68.0,0.0,0.0,18.5,233
2025-09-18T10:00+00:00,4115,0.5,1003.0,62.0,0.0,0.2,20.0,412
2025-09-18T11:00+00:00,4115,1.8,1002.9,51.0,0.0,0.0,21.4,346
2025-09-18T12:00+00:00,4115,1.9,1002.3,52.0,0.0,0.0,22.2,335
2025-09-18T13:00+00:00,4115,1.6,1001.9,47.0,0.0,0.2,23.8,319
2025-09-18T14:00+00:00,4115,1.8,1001.4,43.0,0.0,1.0,25.3,474
2025-09-18T15:00+00:00,4115,1.4,1001.1,47.0,0.0,0.8,24.9,304
2025-09-18T16:00+00:00,4115,0.9,1001.3,48.0,0.0,1.0,25.3,201
2025-09-18T17:00+00:00,4115,0.5,1001.4,72.0,0.0,0.7,20.0,43
2025-09-18T18:00+00:00,4115,1.7,1001.9,81.0,0.0,0.0,16.8,0
2025-09-18T19:00+00:00,4115,1.3,1002.3,86.0,0.0,0.0,15.5,0
2025-09-18T20:00+00:00,4115,0.2,1002.3,86.0,0.0,0.0,15.0,0
2025-09-18T21:00+00:00,4115,0.4,1002.3,88.0,0.0,0.0,14.5,0
2025-09-18T22:00+00:00,4115,0.7,1002.7,85.0,0.0,0.0,14.7,0
2025-09-18T23:00+00:00,4115,0.2,1003.0,89.0,0.0,0.0,14.1,0
2025-09-19T00:00+00:00,4115,1.3,1003.2,73.0,0.0,0.0,17.3,0
2025-09-19T01:00+00:00,4115,1.6,1003.5,84.0,0.0,0.0,14.8,0
2025-09-19T02:00+00:00,4115,1.1,1003.5,84.0,0.0,0.0,14.4,0
2025-09-19T03:00+00:00,4115,0.4,1003.7,88.0,0.0,0.0,13.2,0
2025-09-19T04:00+00:00,4115,0.9,1004.1,88.0,0.0,0.0,13.3,0
2025-09-19T05:00+00:00,4115,0.4,1004.2,82.0,0.0,0.1,14.8,5
2025-09-19T06:00+00:00,4115,2.3,1004.5,65.0,0.0,1.0,19.1,111
2025-09-19T07:00+00:00,4115,2.6,1005.1,62.0,0.0,1.0,20.5,269
2025-09-19T08:00+00:00,4115,2.7,1005.5,59.0,0.0,1.0,22.0,418
2025-09-19T09:00+00:00,4115,2.5,1005.3,51.0,0.0,1.0,23.4,552
2025-09-19T10:00+00:00,4115,1.6,1005.3,47.0,0.0,1.0,25.2,630
2025-09-19T11:00+00:00,4115,1.7,1005.2,46.0,0.0,1.0,25.8,661
2025-09-19T12:00+00:00,4115,1.4,1004.5,44.0,0.0,1.0,26.6,647
2025-09-19T13:00+00:00,4115,1.3,1004.2,40.0,0.0,1.0,27.9,576
2025-09-19T14:00+00:00,4115,1.0,1003.8,43.0,0.0,1.0,28.2,457
2025-09-19T15:00+00:00,4115,0.3,1003.5,43.0,0.0,1.0,27.9,309
2025-09-19T16:00+00:00,4115,0.8,1003.5,43.0,0.0,1.0,26.8,155
2025-09-19T17:00+00:00,4115,0.9,1003.6,69.0,0.0,0.7,21.2,32
2025-09-19T18:00+00:00,4115,1.5,1004.0,84.0,0.0,0.0,17.7,0
2025-09-19T19:00+00:00,4115,1.5,1004.0,87.0,0.0,0.0,16.7,0
2025-09-19T20:00+00:00,4115,1.6,1003.7,88.0,0.0,0.0,16.1,0
2025-09-19T21:00+00:00,4115,2.2,1003.6,87.0,0.0,0.0,15.9,0
2025-09-19T22:00+00:00,4115,2.2,1003.5,88.0,0.0,0.0,15.5,0
2025-09-19T23:00+00:00,4115,2.5,1003.3,90.0,0.0,0.0,15.0,0
2025-09-20T00:00+00:00,4115,2.2,1002.9,92.0,0.0,0.0,14.4,0
2025-09-20T01:00+00:00,4115,1.9,1002.6,95.0,0.0,0.0,13.3,0
2025-09-20T02:00+00:00,4115,1.5,1002.3,96.0,0.0,0.0,12.2,0
2025-09-20T03:00+00:00,4115,1.6,1001.9,97.0,0.0,0.0,12.0,0
2025-09-20T04:00+00:00,4115,1.1,1001.6,98.0,0.0,0.0,12.1,0
2025-09-20T05:00+00:00,4115,0.9,1001.6,97.0,0.0,0.1,12.7,5
2025-09-20T06:00+00:00,4115,0.8,1001.6,91.0,0.0,1.0,15.4,107
2025-09-20T07:00+00:00,4115,1.4,1001.6,83.0,0.0,1.0,17.3,266
2025-09-20T08:00+00:00,4115,2.1,1001.4,75.0,0.0,1.0,19.8,413
2025-09-20T09:00+00:00,4115,2.3,1000.9,69.0,0.0,1.0,22.4,545
2025-09-20T10:00+00:00,4115,2.5,1000.5,64.0,0.0,1.0,24.6,623
2025-09-20T11:00+00:00,4115,2.9,999.9,58.0,0.0,1.0,26.0,653
2025-09-20T12:00+00:00,4115,3.5,999.1,54.0,0.0,1.0,27.7,639
2025-09-20T13:00+00:00,4115,3.4,998.2,50.0,0.0,1.0,28.8,567
2025-09-20T14:00+00:00,4115,3.5,997.6,46.0,0.0,1.0,28.9,450
2025-09-20T15:00+00:00,4115,3.3,997.0,43.0,0.0,1.0,28.8,301
2025-09-20T16:00+00:00,4115,2.7,996.6,46.0,0.0,1.0,27.5,151
2025-09-20T17:00+00:00,4115,3.0,996.4,51.0,0.0,0.6,25.3,28
2025-09-20T18:00+00:00,4115,3.0,996.4,55.0,0.0,0.0,23.7,0
2025-09-20T19:00+00:00,4115,2.8,996.2,59.0,0.0,0.0,22.6,0
2025-09-20T20:00+00:00,4115,1.9,996.0,64.0,0.0,0.0,21.2,0
2025-09-20T21:00+00:00,4115,1.6,995.6,67.0,0.0,0.0,20.2,0
2025-09-20T22:00+00:00,4115,1.4,995.3,71.0,0.0,0.0,19.4,0
2025-09-20T23:00+00:00,4115,1.7,994.9,78.0,0.0,0.0,18.0,0
2025-09-21T00:00+00:00,4115,1.6,994.5,78.0,0.0,0.0,17.9,0
2025-09-21T01:00+00:00,4115,1.5,994.0,80.0,0.0,0.0,17.3,0
2025-09-21T02:00+00:00,4115,1.8,993.8,81.0,0.0,0.0,16.9,0
2025-09-21T03:00+00:00,4115,1.9,993.4,85.0,0.0,0.0,16.0,0
2025-09-21T04:00+00:00,4115,1.7,993.2,87.0,0.0,0.0,15.3,0
2025-09-21T05:00+00:00,4115,1.1,993.3,88.0,0.0,0.1,14.8,5
2025-09-21T06:00+00:00,4115,1.2,993.6,73.0,0.0,1.0,19.0,104
2025-09-21T07:00+00:00,4115,1.5,993.8,72.0,0.0,1.0,19.7,264
2025-09-21T08:00+00:00,4115,2.0,993.7,63.0,0.0,1.0,22.6,412
2025-09-21T09:00+00:00,4115,1.9,993.4,57.0,0.0,1.0,24.3,544
2025-09-21T10:00+00:00,4115,2.5,992.9,51.0,0.0,1.0,25.8,620
2025-09-21T11:00+00:00,4115,2.8,992.1,45.0,0.0,1.0,28.0,654
2025-09-21T12:00+00:00,4115,3.7,991.3,41.0,0.0,1.0,28.9,640
2025-09-21T13:00+00:00,4115,4.2,991.0,40.0,0.0,1.0,29.8,565
2025-09-21T14:00+00:00,4115,3.7,990.1,38.0,0.0,1.0,29.8,445
2025-09-21T15:00+00:00,4115,4.2,989.8,40.0,0.0,1.0,28.2,247
2025-09-21T16:00+00:00,4115,3.1,989.3,46.0,0.0,1.0,27.1,132
2025-09-21T17:00+00:00,4115,2.6,989.2,48.0,0.0,0.4,25.6,32
2025-09-21T18:00+00:00,4115,2.6,989.2,52.0,0.0,0.0,23.8,0
2025-09-21T19:00+00:00,4115,2.5,989.1,54.0,0.0,0.0,23.2,0
2025-09-21T20:00+00:00,4115,2.9,988.9,57.0,0.0,0.0,23.1,0
2025-09-21T21:00+00:00,4115,1.7,988.7,67.0,0.0,0.0,20.7,0
2025-09-21T22:00+00:00,4115,2.1,988.6,69.0,0.0,0.0,20.4,0
2025-09-21T23:00+00:00,4115,1.6,988.0,74.0,0.0,0.0,19.1,0
2025-09-22T00:00+00:00,4115,1.4,988.0,80.0,0.0,0.0,17.1,0
2025-09-22T01:00+00:00,4115,1.5,988.0,83.0,0.0,0.0,15.9,0
2025-09-22T02:00+00:00,4115,1.2,988.2,83.0,0.0,0.0,16.0,0
2025-09-22T03:00+00:00,4115,0.6,988.9,94.0,0.0,0.0,13.3,0
2025-09-22T04:00+00:00,4115,1.2,989.1,94.0,0.0,0.0,14.2,0
2025-09-22T05:00+00:00,4115,1.1,989.6,91.0,0.0,0.0,15.4,4
2025-09-22T06:00+00:00,4115,1.8,989.9,83.0,0.0,1.0,17.6,91
2025-09-22T07:00+00:00,4115,2.1,990.9,77.0,0.0,1.0,18.4,245
2025-09-22T08:00+00:00,4115,2.2,990.8,72.0,0.0,1.0,19.8,386
2025-09-22T09:00+00:00,4115,1.8,990.5,67.0,0.0,1.0,21.3,530
2025-09-22T10:00+00:00,4115,0.9,990.1,63.0,0.0,1.0,22.1,608
2025-09-22T11:00+00:00,4115,1.3,990.1,58.0,0.0,1.0,23.9,641
2025-09-22T12:00+00:00,4115,1.3,989.1,58.0,0.0,1.0,25.5,623
2025-09-22T13:00+00:00,4115,2.3,988.8,46.0,0.0,1.0,26.8,517
2025-09-22T14:00+00:00,4115,2.5,988.0,46.0,0.0,1.0,27.8,355
2025-09-22T15:00+00:00,4115,2.4,987.8,47.0,0.0,0.1,27.0,160
2025-09-22T16:00+00:00,4115,2.0,988.0,46.0,0.0,0.7,26.4,150
2025-09-22T17:00+00:00,4115,1.4,988.1,53.0,0.0,0.0,24.2,25
2025-09-22T18:00+00:00,4115,1.6,988.6,71.0,0.0,0.0,22.0,0
2025-09-22T19:00+00:00,4115,1.8,989.3,70.0,0.0,0.0,21.1,0
2025-09-22T20:00+00:00,4115,2.8,990.1,73.0,0.0,0.0,19.0,0
2025-09-22T21:00+00:00,4115,3.1,991.1,77.0,0.0,0.0,17.6,0
2025-09-22T22:00+00:00,4115,2.3,991.9,81.0,0.0,0.0,16.2,0
2025-09-22T23:00+00:00,4115,1.6,992.5,81.0,0.0,0.0,15.1,0
2025-09-23T00:00+00:00,4115,1.5,993.0,82.0,0.0,0.0,14.5,0
2025-09-23T01:00+00:00,4115,1.4,993.8,80.0,0.0,0.0,14.3,0
2025-09-23T02:00+00:00,4115,2.7,994.4,78.0,0.0,0.0,14.5,0
2025-09-23T03:00+00:00,4115,3.3,994.9,78.0,0.0,0.0,14.3,0
2025-09-23T04:00+00:00,4115,2.7,995.5,77.0,0.0,0.0,14.0,0
2025-09-23T05:00+00:00,4115,2.9,996.2,76.0,0.0,0.0,13.7,0
2025-09-23T06:00+00:00,4115,2.9,996.3,77.0,0.0,0.0,13.9,25
2025-09-23T07:00+00:00,4115,2.8,996.9,76.0,0.0,0.0,14.0,72
2025-09-23T08:00+00:00,4115,4.0,997.1,74.0,0.0,0.0,14.5,128
2025-09-23T09:00+00:00,4115,3.1,997.6,74.0,0.0,0.0,14.6,113
2025-09-23T10:00+00:00,4115,3.3,997.8,72.0,0.0,0.0,15.0,151
2025-09-23T11:00+00:00,4115,3.8,997.6,70.0,0.0,0.0,15.9,245
2025-09-23T12:00+00:00,4115,4.5,997.4,69.0,0.0,0.0,15.9,212
2025-09-23T13:00+00:00,4115,4.3,996.9,68.0,0.0,0.0,16.4,242
2025-09-23T14:00+00:00,4115,3.4,996.8,69.0,0.0,0.0,15.9,177
2025-09-23T15:00+00:00,4115,3.5,996.6,70.0,0.0,0.0,15.4,100
2025-09-23T16:00+00:00,4115,3.4,997.0,71.0,0.0,0.0,14.8,59
2025-09-23T17:00+00:00,4115,3.6,997.0,72.0,0.0,0.0,14.2,3
2025-09-23T18:00+00:00,4115,3.2,997.6,73.0,0.0,0.0,13.9,0
2025-09-23T19:00+00:00,4115,3.4,997.1,74.0,0.0,0.0,13.5,0
2025-09-23T20:00+00:00,4115,3.0,997.4,73.0,0.0,0.0,13.3,0
2025-09-23T21:00+00:00,4115,4.1,997.1,75.0,0.0,0.0,12.9,0
2025-09-23T22:00+00:00,4115,3.1,997.1,77.0,0.0,0.0,12.7,0
2025-09-23T23:00+00:00,4115,3.5,997.0,77.0,0.0,0.0,12.5,0
2025-09-24T00:00+00:00,4115,2.3,996.9,78.0,0.0,0.0,12.5,0
2025-09-24T01:00+00:00,4115,2.8,996.5,80.0,0.0,0.0,12.1,0
2025-09-24T02:00+00:00,4115,2.0,996.7,83.0,0.1,0.0,11.8,0
2025-09-24T03:00+00:00,4115,1.6,996.6,89.0,0.1,0.0,11.2,0
2025-09-24T04:00+00:00,4115,1.2,996.5,89.0,0.0,0.0,11.1,0
2025-09-24T05:00+00:00,4115,1.6,996.4,89.0,0.0,0.0,11.2,0
2025-09-24T06:00+00:00,4115,1.7,996.4,93.0,0.6,0.0,11.2,5
2025-09-24T07:00+00:00,4115,1.6,996.6,93.0,0.3,0.0,11.3,25
2025-09-24T08:00+00:00,4115,2.2,996.8,94.0,1.0,0.0,11.5,38
2025-09-24T09:00+00:00,4115,2.4,996.7,94.0,0.4,0.0,11.8,65
2025-09-24T10:00+00:00,4115,2.2,996.8,96.0,1.5,0.0,11.9,46
2025-09-24T11:00+00:00,4115,2.7,996.6,97.0,2.5,0.0,11.9,65
2025-09-24T12:00+00:00,4115,2.9,996.3,96.0,1.1,0.0,12.2,65
2025-09-24T13:00+00:00,4115,3.7,996.0,96.0,1.2,0.0,12.4,66
2025-09-24T14:00+00:00,4115,3.7,995.7,97.0,2.3,0.0,12.3,27
2025-09-24T15:00+00:00,4115,3.7,995.7,97.0,1.6,0.0,12.2,25
2025-09-24T16:00+00:00,4115,3.3,995.6,98.0,1.1,0.0,12.1,9
2025-09-24T17:00+00:00,4115,3.5,995.6,96.0,0.1,0.0,12.0,0
2025-09-24T18:00+00:00,4115,3.6,995.9,97.0,0.8,0.0,11.8,0
2025-09-24T19:00+00:00,4115,4.1,995.9,96.0,0.2,0.0,11.7,0
2025-09-24T20:00+00:00,4115,3.6,996.0,95.0,0.5,0.0,11.6,0
2025-09-24T21:00+00:00,4115,3.7,996.0,96.0,0.3,0.0,11.5,0
2025-09-24T22:00+00:00,4115,3.7,995.9,97.0,1.1,0.0,11.3,0
2025-09-24T23:00+00:00,4115,3.8,995.7,97.0,0.1,0.0,11.1,0
2025-09-25T00:00+00:00,4115,4.0,995.6,96.0,0.1,0.0,11.1,0
2025-09-25T01:00+00:00,4115,2.7,995.5,96.0,0.1,0.0,11.0,0
2025-09-25T02:00+00:00,4115,2.3,995.6,96.0,0.1,0.0,11.0,0
2025-09-25T03:00+00:00,4115,2.5,995.6,96.0,0.3,0.0,10.9,0
2025-09-25T04:00+00:00,4115,2.3,995.7,96.0,0.2,0.0,11.0,0
2025-09-25T05:00+00:00,4115,3.0,995.8,97.0,0.2,0.0,10.9,0
2025-09-25T06:00+00:00,4115,3.0,996.0,97.0,0.0,0.0,10.9,2
2025-09-25T07:00+00:00,4115,2.2,996.6,98.0,0.0,0.0,11.1,12
2025-09-25T08:00+00:00,4115,2.9,996.9,99.0,0.5,0.0,11.2,25
2025-09-25T09:00+00:00,4115,2.4,997.0,99.0,1.9,0.0,11.7,46
2025-09-25T10:00+00:00,4115,2.3,997.3,98.0,0.1,0.0,12.3,93
2025-09-25T11:00+00:00,4115,2.2,997.6,98.0,0.0,0.0,12.3,59
2025-09-25T12:00+00:00,4115,3.0,997.3,97.0,0.0,0.0,12.9,90
2025-09-25T13:00+00:00,4115,2.5,997.5,97.0,0.0,0.0,12.8,74
2025-09-25T14:00+00:00,4115,2.2,997.6,97.0,0.0,0.0,12.9,35
2025-09-25T15:00+00:00,4115,2.2,998.1,99.0,0.0,0.0,12.6,23
2025-09-25T16:00+00:00,4115,1.7,998.4,99.0,0.2,0.0,12.8,11
2025-09-25T17:00+00:00,4115,1.6,998.8,99.0,0.1,0.0,12.6,2
2025-09-25T18:00+00:00,4115,2.3,999.0,100.0,0.2,0.0,12.5,0
2025-09-25T19:00+00:00,4115,2.4,999.3,100.0,0.2,0.0,12.2,0
2025-09-25T20:00+00:00,4115,1.8,999.8,100.0,0.0,0.0,12.4,0
2025-09-25T21:00+00:00,4115,2.3,999.9,100.0,0.1,0.0,12.4,0
2025-09-25T22:00+00:00,4115,1.5,1000.2,100.0,0.3,0.0,12.4,0
2025-09-25T23:00+00:00,4115,2.0,1000.4,100.0,0.6,0.0,12.3,0
2025-09-26T00:00+00:00,4115,1.6,1000.2,100.0,0.2,0.0,12.3,0
2025-09-26T01:00+00:00,4115,1.4,1000.4,100.0,0.1,0.0,12.3,0
2025-09-26T02:00+00:00,4115,1.7,1000.0,100.0,0.3,0.0,12.1,0
2025-09-26T03:00+00:00,4115,1.9,1000.3,100.0,0.1,0.0,12.1,0
2025-09-26T04:00+00:00,4115,1.2,1000.2,100.0,0.0,0.0,12.1,0
2025-09-26T05:00+00:00,4115,1.3,1000.1,100.0,0.4,0.0,12.1,0
2025-09-26T06:00+00:00,4115,1.6,1000.5,100.0,0.1,0.0,12.2,5
2025-09-26T07:00+00:00,4115,1.6,1001.0,100.0,1.0,0.0,12.2,12
2025-09-26T08:00+00:00,4115,2.0,1001.1,99.0,1.0,0.0,12.3,21
2025-09-26T09:00+00:00,4115,2.4,1001.1,99.0,0.0,0.0,12.6,34
2025-09-26T10:00+00:00,4115,2.2,1001.4,98.0,0.0,0.0,12.8,56
2025-09-26T11:00+00:00,4115,2.3,1001.3,97.0,0.0,0.0,13.2,73
2025-09-26T12:00+00:00,4115,2.5,1001.1,96.0,0.0,0.0,13.6,78
2025-09-26T13:00+00:00,4115,3.0,1001.2,90.0,0.0,0.0,14.0,145
2025-09-26T14:00+00:00,4115,2.5,1001.3,92.0,0.0,0.0,13.8,50
2025-09-26T15:00+00:00,4115,2.1,1001.4,93.0,0.0,0.0,13.7,18
2025-09-26T16:00+00:00,4115,1.8,1001.3,94.0,0.0,0.0,13.8,12
2025-09-26T17:00+00:00,4115,1.7,1001.5,98.0,1.7,0.0,13.5,1
2025-09-26T18:00+00:00,4115,2.5,1001.6,97.0,0.6,0.0,13.1,0
2025-09-26T19:00+00:00,4115,2.7,1002.0,98.0,0.0,0.0,12.7,0
2025-09-26T20:00+00:00,4115,2.1,1002.3,98.0,0.0,0.0,12.5,0
2025-09-26T21:00+00:00,4115,1.8,1002.3,98.0,0.0,0.0,12.3,0
2025-09-26T22:00+00:00,4115,1.9,1002.3,98.0,0.0,0.0,12.0,0
2025-09-26T23:00+00:00,4115,1.9,1002.2,97.0,0.0,0.0,11.6,0
2025-09-27T00:00+00:00,4115,2.1,1002.1,96.0,0.0,0.0,11.5,0
2025-09-27T01:00+00:00,4115,2.3,1001.9,95.0,0.0,0.0,11.3,0
2025-09-27T02:00+00:00,4115,2.6,1001.3,93.0,0.0,0.0,11.2,0
2025-09-27T03:00+00:00,4115,2.0,1001.3,92.0,0.0,0.0,11.2,0
2025-09-27T04:00+00:00,4115,2.3,1001.1,90.0,0.0,0.0,11.2,0
2025-09-27T05:00+00:00,4115,2.1,1001.1,92.0,0.0,0.0,10.8,0
2025-09-27T06:00+00:00,4115,1.8,1001.2,90.0,0.0,0.0,10.9,20
2025-09-27T07:00+00:00,4115,2.5,1001.6,84.0,0.0,0.9,12.6,202
2025-09-27T08:00+00:00,4115,2.7,1001.4,82.0,0.0,0.8,13.8,315
2025-09-27T09:00+00:00,4115,3.6,1001.5,73.0,0.0,0.9,15.6,483
2025-09-27T10:00+00:00,4115,3.3,1001.6,73.0,0.0,0.5,15.0,420
2025-09-27T11:00+00:00,4115,3.0,1001.3,70.0,0.0,0.2,16.2,337
2025-09-27T12:00+00:00,4115,2.7,1001.1,64.0,0.0,0.7,17.8,510
2025-09-27T13:00+00:00,4115,2.8,1000.8,66.0,0.0,0.7,16.4,435
2025-09-27T14:00+00:00,4115,2.8,1000.3,64.0,0.0,0.7,17.5,370
2025-09-27T15:00+00:00,4115,2.4,999.9,63.0,0.0,0.6,17.6,216
2025-09-27T16:00+00:00,4115,1.7,999.9,70.0,0.0,0.3,15.9,89
2025-09-27T17:00+00:00,4115,0.7,999.9,78.0,0.0,0.0,15.1,12
2025-09-27T18:00+00:00,4115,0.4,1000.1,82.0,0.0,0.0,14.7,0
2025-09-27T19:00+00:00,4115,1.2,1000.3,84.0,0.0,0.0,14.5,0
2025-09-27T20:00+00:00,4115,1.1,1000.2,85.0,0.0,0.0,13.4,0
2025-09-27T21:00+00:00,4115,1.8,1000.2,87.0,0.0,0.0,12.7,0
2025-09-27T22:00+00:00,4115,2.5,1000.1,82.0,0.0,0.0,13.2,0
2025-09-27T23:00+00:00,4115,2.0,1000.0,82.0,0.0,0.0,13.0,0
2025-09-28T00:00+00:00,4115,1.3,999.7,88.0,0.0,0.0,12.3,0
2025-09-28T01:00+00:00,4115,1.8,999.3,87.0,0.0,0.0,12.7,0
2025-09-28T02:00+00:00,4115,1.7,999.2,86.0,0.0,0.0,12.7,0
2025-09-28T03:00+00:00,4115,1.4,999.1,91.0,0.0,0.0,11.6,0
2025-09-28T04:00+00:00,4115,1.6,999.2,94.0,0.0,0.0,11.1,0
2025-09-28T05:00+00:00,4115,1.5,999.1,94.0,0.0,0.0,10.2,1
2025-09-28T06:00+00:00,4115,0.4,999.1,94.0,0.0,0.0,10.6,35
2025-09-28T07:00+00:00,4115,0.6,999.3,95.0,0.0,0.0,11.8,92
2025-09-28T08:00+00:00,4115,0.3,999.1,82.0,0.0,0.1,14.0,154
2025-09-28T09:00+00:00,4115,1.3,999.3,80.0,0.0,0.0,14.7,189
2025-09-28T10:00+00:00,4115,1.8,999.1,77.0,0.0,0.0,16.0,184
2025-09-28T11:00+00:00,4115,2.1,998.5,72.0,0.0,0.0,16.8,279
2025-09-28T12:00+00:00,4115,2.4,997.7,65.0,0.0,0.5,18.1,437
2025-09-28T13:00+00:00,4115,2.9,997.1,64.0,0.0,0.6,18.6,355
2025-09-28T14:00+00:00,4115,2.3,996.7,65.0,0.0,0.0,17.9,134
2025-09-28T15:00+00:00,4115,2.6,996.7,68.0,0.0,0.0,16.6,123
2025-09-28T16:00+00:00,4115,2.3,996.8,67.0,0.0,0.5,15.3,69
2025-09-28T17:00+00:00,4115,2.0,996.8,74.0,0.0,0.0,11.7,14
2025-09-28T18:00+00:00,4115,2.0,997.3,71.0,0.0,0.0,12.1,0
2025-09-28T19:00+00:00,4115,1.8,997.7,73.0,0.0,0.0,11.5,0
2025-09-28T20:00+00:00,4115,3.3,997.8,71.0,0.0,0.0,11.7,0
2025-09-28T21:00+00:00,4115,3.3,997.8,74.0,0.0,0.0,10.8,0
2025-09-28T22:00+00:00,4115,2.6,997.7,74.0,0.0,0.0,10.6,0
2025-09-28T23:00+00:00,4115,2.9,997.7,78.0,0.0,0.0,10.1,0
2025-09-29T00:00+00:00,4115,3.4,997.7,81.0,0.0,0.0,9.4,0
2025-09-29T01:00+00:00,4115,3.3,997.6,79.0,0.0,0.0,9.1,0
2025-09-29T02:00+00:00,4115,3.3,997.7,79.0,0.0,0.0,9.0,0
2025-09-29T03:00+00:00,4115,2.8,997.8,84.0,0.0,0.0,8.2,0
2025-09-29T04:00+00:00,4115,2.4,997.9,86.0,0.0,0.0,7.7,0
2025-09-29T05:00+00:00,4115,2.7,998.2,87.0,0.0,0.0,7.8,1
2025-09-29T06:00+00:00,4115,2.9,998.6,83.0,0.0,0.9,9.1,75
2025-09-29T07:00+00:00,4115,3.1,998.8,80.0,0.0,0.6,10.1,186
2025-09-29T08:00+00:00,4115,2.4,999.0,77.0,0.0,0.6,12.0,342
2025-09-29T09:00+00:00,4115,3.1,999.2,69.0,0.0,1.0,14.1,581
2025-09-29T10:00+00:00,4115,3.5,999.2,67.0,0.0,0.7,14.0,533
2025-09-29T11:00+00:00,4115,3.0,998.9,60.0,0.0,1.0,15.8,640
2025-09-29T12:00+00:00,4115,2.4,998.6,68.0,0.0,0.2,13.8,249
2025-09-29T13:00+00:00,4115,2.8,998.6,65.0,0.0,0.0,13.6,95
2025-09-29T14:00+00:00,4115,2.7,998.6,61.0,0.0,0.0,13.6,179
2025-09-29T15:00+00:00,4115,2.8,998.8,67.0,0.0,0.0,13.2,93
2025-09-29T16:00+00:00,4115,2.1,999.2,73.0,0.0,0.0,12.4,51
2025-09-29T17:00+00:00,4115,2.5,999.8,66.0,0.0,0.0,11.9,3
2025-09-29T18:00+00:00,4115,2.3,1000.1,73.0,0.0,0.0,11.2,0
2025-09-29T19:00+00:00,4115,2.7,1000.3,70.0,0.0,0.0,10.8,0
2025-09-29T20:00+00:00,4115,2.7,1000.4,75.0,0.0,0.0,9.4,0
2025-09-29T21:00+00:00,4115,2.1,1000.8,80.0,0.0,0.0,7.9,0
2025-09-29T22:00+00:00,4115,1.5,1001.0,86.0,0.0,0.0,7.1,0
2025-09-29T23:00+00:00,4115,1.0,1001.2,89.0,0.0,0.0,6.3,0
2025-09-30T00:00+00:00,4115,0.9,1001.0,92.0,0.0,0.0,5.5,0
2025-09-30T01:00+00:00,4115,0.9,1000.8,93.0,0.0,0.0,5.7,0
2025-09-30T02:00+00:00,4115,0.8,1000.9,94.0,0.0,0.0,4.7,0
2025-09-30T03:00+00:00,4115,1.1,1000.5,95.0,0.0,0.0,4.8,0
2025-09-30T04:00+00:00,4115,1.0,1000.8,95.0,0.0,0.0,4.1,0
2025-09-30T05:00+00:00,4115,0.6,1001.2,96.0,0.0,0.0,4.4,1
2025-09-30T06:00+00:00,4115,0.9,1001.4,89.0,0.0,0.8,6.9,92
2025-09-30T07:00+00:00,4115,1.7,1001.6,85.0,0.0,0.5,8.0,176
2025-09-30T08:00+00:00,4115,2.0,1001.8,81.0,0.0,0.7,9.2,330
2025-09-30T09:00+00:00,4115,1.6,1002.1,76.0,0.0,0.5,9.7,376
2025-09-30T10:00+00:00,4115,2.3,1001.8,68.0,0.0,0.8,11.5,525
2025-09-30T11:00+00:00,4115,2.6,1001.8,64.0,0.0,0.8,12.5,505
2025-09-30T12:00+00:00,4115,2.4,1001.6,61.0,0.0,0.5,13.1,411
2025-09-30T13:00+00:00,4115,3.0,1001.6,66.0,0.0,0.2,12.8,270
2025-09-30T14:00+00:00,4115,3.1,1001.9,65.0,0.0,0.0,12.6,183
2025-09-30T15:00+00:00,4115,2.8,1001.9,65.0,0.0,0.3,12.6,176
2025-09-30T16:00+00:00,4115,2.7,1002.0,69.0,0.0,0.0,10.8,57
2025-09-30T17:00+00:00,4115,1.9,1002.1,74.0,0.0,0.0,9.7,4
2025-09-30T18:00+00:00,4115,1.8,1002.5,80.0,0.0,0.0,8.3,0
2025-09-30T19:00+00:00,4115,2.2,1003.0,82.0,0.0,0.0,7.9,0
2025-09-30T20:00+00:00,4115,2.4,1003.2,83.0,0.0,0.0,7.8,0
2025-09-30T21:00+00:00,4115,2.9,1003.2,83.0,0.0,0.0,7.7,0
2025-09-30T22:00+00:00,4115,2.9,1003.2,83.0,0.0,0.0,8.2,0
2025-09-30T23:00+00:00,4115,3.2,1003.3,84.0,0.0,0.0,7.6,0
2025-10-01T00:00+00:00,4115,2.6,1003.3,86.0,0.0,0.0,7.1,0
2025-10-01T01:00+00:00,4115,2.7,1003.1,84.0,0.0,0.0,7.3,0
2025-10-01T02:00+00:00,4115,3.1,1003.2,85.0,0.0,0.0,7.1,0
2025-10-01T03:00+00:00,4115,3.2,1003.1,85.0,0.0,0.0,7.2,0
2025-10-01T04:00+00:00,4115,2.5,1003.2,85.0,0.0,0.0,7.2,0
2025-10-01T05:00+00:00,4115,2.6,1003.6,85.0,0.0,0.0,7.4,0
2025-10-01T06:00+00:00,4115,3.0,1004.1,83.0,0.0,0.0,7.8,11
2025-10-01T07:00+00:00,4115,3.0,1004.2,82.0,0.0,0.2,8.6,117
2025-10-01T08:00+00:00,4115,2.9,1004.5,81.0,0.0,0.3,9.3,210
2025-10-01T09:00+00:00,4115,2.7,1004.5,73.0,0.0,0.0,10.7,164
2025-10-01T10:00+00:00,4115,3.8,1004.4,70.0,0.0,0.0,11.2,150
2025-10-01T11:00+00:00,4115,2.7,1004.1,76.0,0.0,0.0,10.8,76
2025-10-01T12:00+00:00,4115,2.8,1004.1,71.0,0.0,0.0,10.8,61
2025-10-01T13:00+00:00,4115,3.7,1004.1,72.0,0.0,0.0,10.7,114
2025-10-01T14:00+00:00,4115,4.0,1004.0,72.0,0.0,0.1,10.9,148
2025-10-01T15:00+00:00,4115,3.9,1004.1,70.0,0.0,0.0,11.0,85
2025-10-01T16:00+00:00,4115,3.3,1004.2,71.0,0.0,0.0,10.5,55
2025-10-01T17:00+00:00,4115,3.4,1004.7,75.0,0.0,0.0,9.7,4
2025-10-01T18:00+00:00,4115,2.7,1005.3,77.0,0.0,0.0,9.1,0
2025-10-01T19:00+00:00,4115,3.6,1005.4,76.0,0.0,0.0,9.4,0
2025-10-01T20:00+00:00,4115,3.6,1005.8,79.0,0.0,0.0,8.5,0
2025-10-01T21:00+00:00,4115,3.4,1005.8,84.0,0.0,0.0,7.6,0
2025-10-01T22:00+00:00,4115,3.0,1005.7,85.0,0.0,0.0,7.2,0
2025-10-01T23:00+00:00,4115,2.9,1005.6,85.0,0.0,0.0,7.0,0
2025-10-02T00:00+00:00,4115,2.9,1005.4,85.0,0.0,0.0,7.0,0
2025-10-02T01:00+00:00,4115,3.1,1005.3,85.0,0.0,0.0,7.3,0
2025-10-02T02:00+00:00,4115,2.7,1005.2,84.0,0.0,0.0,7.5,0
2025-10-02T03:00+00:00,4115,2.2,1004.9,88.0,0.0,0.0,6.5,0
2025-10-02T04:00+00:00,4115,2.8,1004.9,88.0,0.0,0.0,6.3,0
2025-10-02T05:00+00:00,4115,2.8,1005.1,88.0,0.0,0.0,6.2,0
2025-10-02T06:00+00:00,4115,2.9,1005.6,85.0,0.0,0.5,7.5,57
2025-10-02T07:00+00:00,4115,2.7,1006.0,83.0,0.0,0.4,8.2,160
2025-10-02T08:00+00:00,4115,2.7,1006.0,68.0,0.0,0.0,9.4,170
2025-10-02T09:00+00:00,4115,3.8,1005.9,54.0,0.0,0.1,10.0,272
2025-10-02T10:00+00:00,4115,5.6,1005.8,52.0,0.0,0.4,11.5,394
2025-10-02T11:00+00:00,4115,5.1,1005.3,55.0,0.0,0.6,11.0,447
2025-10-02T12:00+00:00,4115,4.3,1004.7,50.0,0.0,0.5,11.2,406
2025-10-02T13:00+00:00,4115,4.1,1004.4,45.0,0.0,0.7,12.7,455
2025-10-02T14:00+00:00,4115,4.3,1004.1,49.0,0.0,0.4,11.9,247
2025-10-02T15:00+00:00,4115,4.3,1004.1,49.0,0.0,0.7,10.9,207
2025-10-02T16:00+00:00,4115,3.9,1004.2,53.0,0.0,1.0,10.0,90
2025-10-02T17:00+00:00,4115,2.2,1004.5,72.0,0.0,0.2,5.8,8
2025-10-02T18:00+00:00,4115,2.5,1004.8,70.0,0.0,0.0,5.8,0
2025-10-02T19:00+00:00,4115,2.2,1005.2,71.0,0.0,0.0,5.3,0
2025-10-02T20:00+00:00,4115,2.3,1005.2,69.0,0.0,0.0,5.7,0
2025-10-02T21:00+00:00,4115,2.5,1005.3,70.0,0.0,0.0,5.2,0
2025-10-02T22:00+00:00,4115,2.4,1005.1,73.0,0.0,0.0,5.0,0
2025-10-02T23:00+00:00,4115,2.9,1004.8,74.0,0.0,0.0,5.1,0
2025-10-03T00:00+00:00,4115,2.9,1004.7,79.0,0.0,0.0,4.3,0
2025-10-03T01:00+00:00,4115,3.5,1004.3,78.0,0.0,0.0,4.6,0
2025-10-03T02:00+00:00,4115,3.2,1003.8,80.0,0.0,0.0,4.2,0
2025-10-03T03:00+00:00,4115,3.4,1003.4,81.0,0.0,0.0,3.7,0
2025-10-03T04:00+00:00,4115,3.6,1003.2,82.0,0.0,0.0,3.5,0
2025-10-03T05:00+00:00,4115,2.7,1003.4,85.0,0.0,0.0,3.2,0
2025-10-03T06:00+00:00,4115,2.8,1003.5,79.0,0.0,0.7,4.5,63
2025-10-03T07:00+00:00,4115,3.6,1003.8,79.0,0.0,1.0,5.1,217
2025-10-03T08:00+00:00,4115,3.6,1003.7,76.0,0.0,1.0,6.8,375
2025-10-03T09:00+00:00,4115,2.8,1003.4,67.0,0.0,1.0,8.8,510
2025-10-03T10:00+00:00,4115,3.2,1002.6,55.0,0.0,1.0,10.9,584
2025-10-03T11:00+00:00,4115,3.9,1002.0,50.0,0.0,1.0,11.7,610
2025-10-03T12:00+00:00,4115,3.6,1001.3,43.0,0.0,1.0,12.2,595
2025-10-03T13:00+00:00,4115,3.6,1000.8,42.0,0.0,1.0,13.1,515
2025-10-03T14:00+00:00,4115,3.6,1000.1,39.0,0.0,1.0,13.5,387
2025-10-03T15:00+00:00,4115,3.4,999.8,40.0,0.0,1.0,12.6,238
2025-10-03T16:00+00:00,4115,2.4,999.3,48.0,0.0,1.0,10.8,92
2025-10-03T17:00+00:00,4115,1.9,999.3,74.0,0.0,0.3,5.1,8
2025-10-03T18:00+00:00,4115,2.2,999.3,72.0,0.0,0.0,5.0,0
2025-10-03T19:00+00:00,4115,2.7,999.6,67.0,0.0,0.0,5.0,0
2025-10-03T20:00+00:00,4115,2.5,999.3,73.0,0.0,0.0,4.4,0
2025-10-03T21:00+00:00,4115,2.5,999.1,71.0,0.0,0.0,5.0,0
2025-10-03T22:00+00:00,4115,2.7,998.5,73.0,0.0,0.0,4.8,0
2025-10-03T23:00+00:00,4115,1.7,998.1,77.0,0.0,0.0,4.2,0
2025-10-04T00:00+00:00,4115,0.6,997.8,82.0,0.0,0.0,3.3,0
2025-10-04T01:00+00:00,4115,0.7,997.0,86.0,0.0,0.0,2.4,0
2025-10-04T02:00+00:00,4115,1.0,996.4,89.0,0.0,0.0,1.7,0
2025-10-04T03:00+00:00,4115,1.1,995.6,90.0,0.0,0.0,1.0,0
2025-10-04T04:00+00:00,4115,0.7,994.8,86.0,0.0,0.0,1.7,0
2025-10-04T05:00+00:00,4115,0.3,994.1,94.0,0.0,0.0,-0.7,0
2025-10-04T06:00+00:00,4115,0.5,993.8,95.0,0.0,0.8,1.1,65
2025-10-04T07:00+00:00,4115,0.6,993.6,86.0,0.0,1.0,3.9,221
2025-10-04T08:00+00:00,4115,0.7,993.2,75.0,0.0,1.0,6.6,376
2025-10-04T09:00+00:00,4115,1.7,992.0,62.0,0.0,1.0,9.4,514
2025-10-04T10:00+00:00,4115,2.1,991.0,52.0,0.0,1.0,12.1,581
2025-10-04T11:00+00:00,4115,2.8,989.8,49.0,0.0,1.0,14.1,599
2025-10-04T12:00+00:00,4115,2.8,988.4,46.0,0.0,0.8,14.5,489
2025-10-04T13:00+00:00,4115,3.1,987.3,45.0,0.0,0.1,14.0,222
2025-10-04T14:00+00:00,4115,1.8,986.5,47.0,0.0,0.0,14.0,83
2025-10-04T15:00+00:00,4115,1.7,984.9,52.0,0.0,0.0,13.3,28
2025-10-04T16:00+00:00,4115,1.7,983.5,54.0,0.0,0.0,13.1,20
2025-10-04T17:00+00:00,4115,2.1,982.5,53.0,0.0,0.0,13.0,2
2025-10-04T18:00+00:00,4115,1.9,982.0,60.0,0.0,0.0,12.1,0
2025-10-04T19:00+00:00,4115,1.5,982.1,75.0,0.2,0.0,11.4,0
2025-10-04T20:00+00:00,4115,0.9,985.3,77.0,0.1,0.0,10.9,0
2025-10-04T21:00+00:00,4115,4.4,985.5,91.0,1.3,0.0,11.1,0
2025-10-04T22:00+00:00,4115,3.8,986.0,81.0,0.0,0.0,12.2,0
2025-10-04T23:00+00:00,4115,4.5,987.0,78.0,0.0,0.0,12.1,0
2025-10-05T00:00+00:00,4115,5.1,987.9,73.0,0.0,0.0,11.8,0
2025-10-05T01:00+00:00,4115,5.1,988.6,75.0,0.4,0.0,10.9,0
2025-10-05T02:00+00:00,4115,3.2,988.6,77.0,0.0,0.0,10.6,0
2025-10-05T03:00+00:00,4115,2.2,989.0,73.0,0.0,0.0,10.7,0
2025-10-05T04:00+00:00,4115,2.9,988.6,70.0,0.0,0.0,10.9,0
2025-10-05T05:00+00:00,4115,3.0,988.5,72.0,0.0,0.0,10.5,0
2025-10-05T06:00+00:00,4115,3.4,989.5,71.0,0.0,0.0,10.9,7
2025-10-05T07:00+00:00,4115,3.6,989.8,69.0,0.0,0.0,11.1,36
2025-10-05T08:00+00:00,4115,4.1,991.0,70.0,0.0,0.0,11.0,88
2025-10-05T09:00+00:00,4115,3.5,991.8,70.0,0.0,0.0,11.2,115
2025-10-05T10:00+00:00,4115,3.0,991.8,68.0,0.0,0.0,11.8,138
2025-10-05T11:00+00:00,4115,3.3,992.0,65.0,0.0,0.0,12.3,217
2025-10-05T12:00+00:00,4115,4.0,991.6,61.0,0.0,0.1,13.1,270
2025-10-05T13:00+00:00,4115,4.1,991.3,63.0,0.0,0.1,13.1,238
2025-10-05T14:00+00:00,4115,4.0,990.9,59.0,0.0,0.4,13.6,262
2025-10-05T15:00+00:00,4115,3.5,991.0,61.0,0.0,0.3,12.9,162
2025-10-05T16:00+00:00,4115,3.3,991.2,65.0,0.0,0.1,12.3,72
2025-10-05T17:00+00:00,4115,3.0,991.9,66.0,0.0,0.0,12.2,1
2025-10-05T18:00+00:00,4115,3.1,992.7,67.0,0.0,0.0,11.8,0
2025-10-05T19:00+00:00,4115,3.5,993.1,73.0,0.0,0.0,10.5,0
2025-10-05T20:00+00:00,4115,2.9,993.5,74.0,0.0,0.0,10.3,0
2025-10-05T21:00+00:00,4115,2.4,993.7,76.0,0.0,0.0,9.9,0
2025-10-05T22:00+00:00,4115,3.0,993.8,77.0,0.0,0.0,10.0,0
2025-10-05T23:00+00:00,4115,3.4,993.7,78.0,0.0,0.0,10.0,0
2025-10-06T00:00+00:00,4115,3.6,993.8,81.0,0.0,0.0,9.6,0
2025-10-06T01:00+00:00,4115,3.6,994.0,82.0,0.0,0.0,9.5,0
2025-10-06T02:00+00:00,4115,2.9,994.2,90.0,0.5,0.0,9.1,0
2025-10-06T03:00+00:00,4115,3.2,994.2,92.0,0.5,0.0,9.0,0
2025-10-06T04:00+00:00,4115,3.0,994.4,92.0,0.4,0.0,9.1,0
2025-10-06T05:00+00:00,4115,2.8,994.7,91.0,0.5,0.0,9.0,0
2025-10-06T06:00+00:00,4115,2.7,995.2,91.0,0.4,0.0,9.2,28
2025-10-06T07:00+00:00,4115,3.1,995.7,91.0,0.4,0.0,9.5,104
2025-10-06T08:00+00:00,4115,2.9,996.4,89.0,0.5,0.0,9.9,137
2025-10-06T09:00+00:00,4115,2.8,996.6,91.0,0.7,0.0,9.8,127
2025-10-06T10:00+00:00,4115,3.0,996.9,91.0,0.5,0.0,10.5,154
2025-10-06T11:00+00:00,4115,2.8,997.3,92.0,0.8,0.0,10.3,143
2025-10-06T12:00+00:00,4115,2.9,997.1,91.0,0.4,0.0,11.4,229
2025-10-06T13:00+00:00,4115,3.6,997.1,82.0,0.1,0.3,12.8,366
2025-10-06T14:00+00:00,4115,3.8,996.8,80.0,0.0,0.5,11.8,294
2025-10-06T15:00+00:00,4115,3.5,996.9,77.0,0.0,0.0,11.4,110
2025-10-06T16:00+00:00,4115,3.4,997.4,80.0,0.0,0.1,10.5,57
2025-10-06T17:00+00:00,4115,3.4,997.8,81.0,0.0,0.0,10.4,1
2025-10-06T18:00+00:00,4115,3.1,997.8,82.0,0.0,0.0,10.6,0
2025-10-06T19:00+00:00,4115,3.1,998.0,82.0,0.0,0.0,10.7,0
2025-10-06T20:00+00:00,4115,3.7,998.1,84.0,0.0,0.0,10.5,0
2025-10-06T21:00+00:00,4115,4.0,998.5,91.0,0.1,0.0,10.0,0
2025-10-06T22:00+00:00,4115,3.5,998.6,87.0,0.3,0.0,10.3,0
2025-10-06T23:00+00:00,4115,3.3,998.2,89.0,0.0,0.0,10.1,0
2025-10-07T00:00+00:00,4115,3.8,998.2,89.0,0.3,0.0,9.9,0
2025-10-07T01:00+00:00,4115,3.7,998.1,92.0,0.2,0.0,9.6,0
2025-10-07T02:00+00:00,4115,3.7,998.2,94.0,0.1,0.0,9.8,0
2025-10-07T03:00+00:00,4115,3.6,998.1,94.0,0.1,0.0,9.5,0
2025-10-07T04:00+00:00,4115,2.6,998.5,92.0,0.0,0.0,9.7,0
2025-10-07T05:00+00:00,4115,3.1,999.0,90.0,0.0,0.0,10.2,0
2025-10-07T06:00+00:00,4115,3.4,999.3,87.0,0.0,0.0,10.7,13
2025-10-07T07:00+00:00,4115,3.3,1000.2,84.0,0.0,0.0,11.4,66
2025-10-07T08:00+00:00,4115,2.7,1000.5,81.0,0.0,0.0,12.2,150
2025-10-07T09:00+00:00,4115,2.8,1000.5,76.0,0.0,0.1,14.0,287
2025-10-07T10:00+00:00,4115,3.4,1000.5,71.0,0.0,0.0,14.4,296
2025-10-07T11:00+00:00,4115,4.0,1000.5,69.0,0.0,0.0,14.4,286
2025-10-07T12:00+00:00,4115,3.5,1000.3,66.0,0.0,0.1,15.0,249
2025-10-07T13:00+00:00,4115,3.8,1000.4,63.0,0.0,0.2,14.7,241
2025-10-07T14:00+00:00,4115,3.0,1000.4,66.0,0.0,0.0,14.2,132
2025-10-07T15:00+00:00,4115,3.2,1000.5,68.0,0.0,0.0,13.9,64
2025-10-07T16:00+00:00,4115,2.5,1000.9,70.0,0.0,0.0,13.5,26
2025-10-07T17:00+00:00,4115,1.9,1001.3,73.0,0.0,0.0,12.9,0
2025-10-07T18:00+00:00,4115,2.0,1001.9,75.0,0.0,0.0,12.6,0
2025-10-07T19:00+00:00,4115,2.4,1002.0,75.0,0.0,0.0,12.6,0
2025-10-07T20:00+00:00,4115,2.6,1002.0,75.0,0.0,0.0,12.6,0
2025-10-07T21:00+00:00,4115,2.5,1002.0,75.0,0.0,0.0,12.3,0
2025-10-07T22:00+00:00,4115,2.2,1001.8,77.0,0.0,0.0,12.1,0
2025-10-07T23:00+00:00,4115,2.0,1001.6,80.0,0.0,0.0,11.7,0
2025-10-08T00:00+00:00,4115,2.1,1001.4,85.0,0.0,0.0,10.3,0
2025-10-08T01:00+00:00,4115,2.2,1001.3,87.0,0.0,0.0,9.8,0
2025-10-08T02:00+00:00,4115,2.6,1000.9,88.0,0.0,0.0,9.6,0
2025-10-08T03:00+00:00,4115,2.5,1000.8,89.0,0.0,0.0,9.5,0
2025-10-08T04:00+00:00,4115,1.2,1000.5,92.0,0.0,0.0,7.8,0
2025-10-08T05:00+00:00,4115,0.6,1000.7,92.0,0.0,0.0,8.9,0
2025-10-08T06:00+00:00,4115,0.5,1000.7,92.0,0.0,0.4,9.9,50
2025-10-08T07:00+00:00,4115,1.9,1000.5,83.0,0.0,0.4,11.8,144
2025-10-08T08:00+00:00,4115,2.1,1000.8,80.0,0.0,0.0,12.6,171
2025-10-08T09:00+00:00,4115,2.0,1000.4,73.0,0.0,0.2,13.9,300
2025-10-08T10:00+00:00,4115,1.9,1000.0,64.0,0.0,0.4,15.6,430
2025-10-08T11:00+00:00,4115,2.3,999.5,59.0,0.0,0.9,15.6,547
2025-10-08T12:00+00:00,4115,2.0,998.8,68.0,0.0,0.7,16.1,500
2025-10-08T13:00+00:00,4115,2.0,998.6,71.0,0.0,0.6,15.9,366
2025-10-08T14:00+00:00,4115,1.9,998.2,71.0,0.0,0.5,16.1,249
2025-10-08T15:00+00:00,4115,1.5,998.0,74.0,0.0,0.1,16.0,130
2025-10-08T16:00+00:00,4115,1.3,997.7,80.0,0.0,0.2,15.1,65
2025-10-08T17:00+00:00,4115,1.0,997.7,82.0,0.0,0.0,14.8,3
2025-10-08T18:00+00:00,4115,0.7,997.9,84.0,0.0,0.0,14.4,0
2025-10-08T19:00+00:00,4115,0.8,998.0,85.0,0.0,0.0,14.2,0
2025-10-08T20:00+00:00,4115,1.4,997.8,84.0,0.0,0.0,14.7,0
2025-10-08T21:00+00:00,4115,1.2,997.9,84.0,0.0,0.0,14.5,0
2025-10-08T22:00+00:00,4115,0.7,997.8,90.0,0.0,0.0,13.2,0
2025-10-08T23:00+00:00,4115,0.5,997.5,87.0,0.0,0.0,13.9,0
2025-10-09T00:00+00:00,4115,0.7,997.5,87.0,0.0,0.0,14.0,0
2025-10-09T01:00+00:00,4115,1.1,997.1,89.0,0.2,0.0,13.6,0
2025-10-09T02:00+00:00,4115,1.1,997.1,95.0,0.7,0.0,13.2,0
2025-10-09T03:00+00:00,4115,2.2,997.0,95.0,0.2,0.0,13.2,0
2025-10-09T04:00+00:00,4115,2.1,996.9,95.0,0.4,0.0,13.2,0
2025-10-09T05:00+00:00,4115,2.4,996.9,96.0,0.6,0.0,13.0,0
2025-10-09T06:00+00:00,4115,2.7,997.1,96.0,0.4,0.0,13.0,8
2025-10-09T07:00+00:00,4115,2.7,997.7,97.0,0.8,0.0,13.2,33
2025-10-09T08:00+00:00,4115,2.7,998.0,96.0,0.9,0.0,13.5,75
2025-10-09T09:00+00:00,4115,2.6,998.5,94.0,0.0,0.0,13.9,139
2025-10-09T10:00+00:00,4115,2.5,998.8,92.0,0.0,0.0,14.3,129
2025-10-09T11:00+00:00,4115,2.3,998.8,91.0,0.0,0.0,14.6,107
2025-10-09T12:00+00:00,4115,2.6,998.5,88.0,0.0,0.0,15.0,162
2025-10-09T13:00+00:00,4115,2.4,998.6,92.0,0.7,0.1,15.0,99
2025-10-09T14:00+00:00,4115,2.6,998.8,94.0,3.3,0.1,14.7,123
2025-10-09T15:00+00:00,4115,1.9,999.1,94.0,1.9,0.0,14.8,67
2025-10-09T16:00+00:00,4115,2.2,999.6,92.0,0.1,0.0,14.3,41
2025-10-09T17:00+00:00,4115,2.0,1000.1,90.0,0.0,0.0,14.2,1
2025-10-09T18:00+00:00,4115,2.4,1000.7,90.0,0.0,0.0,13.9,0
2025-10-09T19:00+00:00,4115,2.2,1001.6,90.0,0.0,0.0,13.5,0
2025-10-09T20:00+00:00,4115,2.2,1002.0,89.0,0.0,0.0,13.1,0
2025-10-09T21:00+00:00,4115,2.7,1002.7,88.0,0.0,0.0,12.7,0
2025-10-09T22:00+00:00,4115,3.2,1003.5,82.0,0.0,0.0,12.4,0
2025-10-09T23:00+00:00,4115,2.7,1003.7,88.0,0.0,0.0,11.0,0
2025-10-10T00:00+00:00,4115,1.5,1003.7,90.0,0.0,0.0,10.1,0
2025-10-10T01:00+00:00,4115,2.0,1003.8,86.0,0.0,0.0,11.3,0
2025-10-10T02:00+00:00,4115,1.4,1004.0,88.0,0.0,0.0,11.0,0
2025-10-10T03:00+00:00,4115,1.7,1003.5,84.0,0.0,0.0,11.5,0
2025-10-10T04:00+00:00,4115,1.9,1003.5,84.0,0.0,0.0,11.5,0
2025-10-10T05:00+00:00,4115,2.1,1003.7,93.0,0.0,0.0,9.8,0
2025-10-10T06:00+00:00,4115,2.2,1003.7,88.0,0.0,0.0,11.4,18
2025-10-10T07:00+00:00,4115,3.1,1004.2,83.0,0.0,0.0,12.7,88
2025-10-10T08:00+00:00,4115,3.8,1004.7,78.0,0.0,0.4,14.1,239
2025-10-10T09:00+00:00,4115,3.3,1004.7,77.0,0.0,0.0,14.3,182
2025-10-10T10:00+00:00,4115,3.3,1005.3,75.0,0.0,0.4,15.1,384
2025-10-10T11:00+00:00,4115,2.9,1005.5,71.0,0.0,0.0,14.3,56
2025-10-10T12:00+00:00,4115,3.2,1004.8,72.0,0.0,0.0,14.6,104
2025-10-10T13:00+00:00,4115,3.0,1005.3,72.0,0.0,0.0,14.7,135
2025-10-10T14:00+00:00,4115,2.9,1005.3,71.0,0.0,0.0,14.7,119
2025-10-10T15:00+00:00,4115,2.6,1005.7,77.0,0.0,0.0,13.6,19
2025-10-10T16:00+00:00,4115,3.2,1006.2,76.0,0.0,0.0,13.4,9
2025-10-10T17:00+00:00,4115,3.3,1006.6,76.0,0.0,0.0,13.4,0
2025-10-10T18:00+00:00,4115,3.7,1006.7,75.0,0.0,0.0,13.4,0
2025-10-10T19:00+00:00,4115,3.3,1006.8,74.0,0.0,0.0,13.5,0
2025-10-10T20:00+00:00,4115,3.5,1007.0,72.0,0.0,0.0,13.7,0
2025-10-10T21:00+00:00,4115,3.3,1007.1,74.0,0.0,0.0,13.5,0
2025-10-10T22:00+00:00,4115,3.4,1007.6,76.0,0.0,0.0,13.3,0
2025-10-10T23:00+00:00,4115,3.9,1007.5,78.0,0.0,0.0,13.1,0
2025-10-11T00:00+00:00,4115,4.0,1007.6,75.0,0.0,0.0,13.2,0
2025-10-11T01:00+00:00,4115,4.0,1007.4,77.0,0.0,0.0,13.1,0
2025-10-11T02:00+00:00,4115,3.7,1007.3,75.0,0.0,0.0,13.2,0
2025-10-11T03:00+00:00,4115,3.6,1007.6,80.0,0.0,0.0,12.6,0
2025-10-11T04:00+00:00,4115,3.6,1007.6,76.0,0.0,0.0,12.9,0
2025-10-11T05:00+00:00,4115,3.7,1007.7,75.0,0.0,0.0,13.0,0
2025-10-11T06:00+00:00,4115,3.9,1007.7,76.0,0.0,0.0,12.9,5
2025-10-11T07:00+00:00,4115,4.5,1007.5,70.0,0.0,0.0,13.8,66
2025-10-11T08:00+00:00,4115,3.9,1007.9,75.0,0.0,0.2,13.6,166
2025-10-11T09:00+00:00,4115,4.1,1007.8,72.0,0.0,0.1,14.5,234
2025-10-11T10:00+00:00,4115,4.0,1007.8,70.0,0.0,0.2,15.2,308
2025-10-11T11:00+00:00,4115,4.4,1007.6,67.0,0.0,0.5,15.8,469
2025-10-11T12:00+00:00,4115,4.0,1007.0,69.0,0.0,0.1,15.7,297
2025-10-11T13:00+00:00,4115,4.0,1006.7,69.0,0.0,0.0,15.5,237
2025-10-11T14:00+00:00,4115,3.6,1006.6,68.0,0.0,0.0,15.6,145
2025-10-11T15:00+00:00,4115,3.4,1006.6,69.0,0.0,0.0,15.6,87
2025-10-11T16:00+00:00,4115,3.0,1006.6,69.0,0.0,0.0,15.1,28
2025-10-11T17:00+00:00,4115,3.4,1006.8,69.0,0.0,0.0,14.6,1
2025-10-11T18:00+00:00,4115,3.3,1006.9,72.0,0.0,0.0,14.3,0
2025-10-11T19:00+00:00,4115,3.1,1007.1,73.0,0.0,0.0,14.3,0
2025-10-11T20:00+00:00,4115,2.7,1007.4,74.0,0.0,0.0,14.2,0
2025-10-11T21:00+00:00,4115,2.1,1007.7,76.0,0.0,0.0,13.9,0
2025-10-11T22:00+00:00,4115,2.0,1007.8,78.0,0.0,0.0,13.3,0
2025-10-11T23:00+00:00,4115,2.4,1007.6,81.0,0.0,0.0,13.0,0
2025-10-12T00:00+00:00,4115,1.7,1007.4,83.0,0.0,0.0,12.8,0
2025-10-12T01:00+00:00,4115,2.0,1006.9,84.0,0.0,0.0,12.6,0
2025-10-12T02:00+00:00,4115,2.2,1006.6,84.0,0.0,0.0,12.5,0
2025-10-12T03:00+00:00,4115,1.9,1006.4,84.0,0.0,0.0,12.6,0
2025-10-12T04:00+00:00,4115,1.9,1006.0,85.0,0.0,0.0,12.2,0
2025-10-12T05:00+00:00,4115,1.9,1005.9,84.0,0.0,0.0,12.2,0
2025-10-12T06:00+00:00,4115,1.8,1005.9,80.0,0.0,0.0,12.4,8
2025-10-12T07:00+00:00,4115,1.5,1005.9,71.0,0.0,0.0,13.0,60
2025-10-12T08:00+00:00,4115,2.2,1005.9,69.0,0.0,0.0,13.4,111
2025-10-12T09:00+00:00,4115,3.1,1005.8,65.0,0.0,0.0,13.9,209
2025-10-12T10:00+00:00,4115,3.4,1005.4,66.0,0.0,0.0,14.7,306
2025-10-12T11:00+00:00,4115,3.4,1004.7,65.0,0.0,0.1,15.0,363
2025-10-12T12:00+00:00,4115,3.0,1004.1,63.0,0.0,0.5,15.2,417
2025-10-12T13:00+00:00,4115,2.6,1003.5,62.0,0.0,0.5,15.5,373
2025-10-12T14:00+00:00,4115,2.5,1003.1,64.0,0.0,0.0,14.8,165
2025-10-12T15:00+00:00,4115,2.4,1003.0,67.0,0.0,0.0,14.1,67
2025-10-12T16:00+00:00,4115,2.2,1003.0,69.0,0.0,0.0,13.3,33
2025-10-12T17:00+00:00,4115,1.9,1002.9,71.0,0.0,0.0,11.7,1
2025-10-12T18:00+00:00,4115,1.5,1003.1,73.0,0.0,0.0,11.3,0
2025-10-12T19:00+00:00,4115,2.3,1003.0,72.0,0.0,0.0,11.3,0
2025-10-12T20:00+00:00,4115,2.6,1003.4,75.0,0.0,0.0,10.8,0
2025-10-12T21:00+00:00,4115,2.8,1003.1,72.0,0.0,0.0,12.0,0
2025-10-12T22:00+00:00,4115,3.2,1002.9,74.0,0.0,0.0,11.8,0
2025-10-12T23:00+00:00,4115,2.5,1002.7,73.0,0.0,0.0,12.0,0
2025-10-13T00:00+00:00,4115,2.9,1002.6,72.0,0.0,0.0,12.3,0
2025-10-13T01:00+00:00,4115,3.4,1002.3,79.0,0.0,0.0,11.8,0
2025-10-13T02:00+00:00,4115,3.0,1002.0,86.0,0.0,0.0,11.2,0
2025-10-13T03:00+00:00,4115,3.0,1001.9,88.0,0.0,0.0,11.2,0
2025-10-13T04:00+00:00,4115,2.9,1001.9,85.0,0.0,0.0,11.3,0
2025-10-13T05:00+00:00,4115,2.8,1001.6,83.0,0.0,0.0,11.4,0
2025-10-13T06:00+00:00,4115,2.9,1001.9,82.0,0.0,0.0,11.6,3
2025-10-13T07:00+00:00,4115,3.1,1002.1,81.0,0.0,0.0,11.9,45
2025-10-13T08:00+00:00,4115,3.2,1002.3,79.0,0.0,0.0,12.4,112
2025-10-13T09:00+00:00,4115,3.1,1002.3,78.0,0.0,0.0,13.5,199
2025-10-13T10:00+00:00,4115,2.6,1002.6,78.0,0.0,0.0,13.8,261
2025-10-13T11:00+00:00,4115,3.4,1002.3,76.0,0.0,0.3,14.3,373
2025-10-13T12:00+00:00,4115,2.5,1001.8,78.0,0.0,0.0,14.3,202
2025-10-13T13:00+00:00,4115,2.6,1001.5,74.0,0.0,0.3,15.0,243
2025-10-13T14:00+00:00,4115,2.7,1001.5,76.0,0.0,0.2,14.3,146
2025-10-13T15:00+00:00,4115,1.9,1001.2,78.0,0.0,0.0,13.8,30
2025-10-13T16:00+00:00,4115,1.7,1001.4,83.0,0.0,0.1,12.6,27
2025-10-13T17:00+00:00,4115,1.6,1001.6,86.0,0.0,0.0,11.9,1
2025-10-13T18:00+00:00,4115,1.5,1001.6,88.0,0.0,0.0,11.2,0
2025-10-13T19:00+00:00,4115,1.6,1001.8,89.0,0.0,0.0,10.9,0
2025-10-13T20:00+00:00,4115,2.1,1001.9,89.0,0.0,0.0,10.7,0
2025-10-13T21:00+00:00,4115,1.3,1002.3,95.0,0.0,0.0,9.2,0
2025-10-13T22:00+00:00,4115,0.7,1002.3,95.0,0.0,0.0,8.5,0
2025-10-13T23:00+00:00,4115,0.7,1002.1,94.0,0.0,0.0,8.6,0
2025-10-14T00:00+00:00,4115,0.1,1002.1,97.0,0.0,0.0,6.8,0
2025-10-14T01:00+00:00,4115,0.9,1002.1,97.0,0.0,0.0,6.1,0
2025-10-14T02:00+00:00,4115,0.3,1001.8,96.0,0.0,0.0,5.6,0
2025-10-14T03:00+00:00,4115,0.6,1001.5,94.0,0.0,0.0,6.4,0
2025-10-14T04:00+00:00,4115,1.8,1001.5,90.0,0.0,0.0,7.6,0
2025-10-14T05:00+00:00,4115,1.9,1001.4,89.0,0.0,0.0,7.7,0
2025-10-14T06:00+00:00,4115,1.0,1001.6,91.0,0.0,0.1,7.2,20
2025-10-14T07:00+00:00,4115,0.4,1001.6,81.0,0.0,1.0,9.3,161
2025-10-14T08:00+00:00,4115,2.0,1001.9,80.0,0.0,1.0,10.3,318
2025-10-14T09:00+00:00,4115,2.1,1002.1,78.0,0.0,1.0,11.0,414
2025-10-14T10:00+00:00,4115,2.3,1001.8,71.0,0.0,1.0,13.0,511
2025-10-14T11:00+00:00,4115,2.7,1001.3,66.0,0.0,0.6,13.4,414
2025-10-14T12:00+00:00,4115,2.3,1000.8,62.0,0.0,0.5,14.4,349
2025-10-14T13:00+00:00,4115,2.1,1000.4,56.0,0.0,0.7,15.2,367
2025-10-14T14:00+00:00,4115,1.7,1000.0,59.0,0.0,0.0,14.6,224
2025-10-14T15:00+00:00,4115,0.7,999.8,62.0,0.0,0.0,13.5,83
2025-10-14T16:00+00:00,4115,1.0,999.7,81.0,0.0,0.0,11.0,29
2025-10-14T17:00+00:00,4115,1.6,999.9,82.0,0.0,0.0,9.6,0
2025-10-14T18:00+00:00,4115,1.1,1000.1,85.0,0.0,0.0,9.6,0
2025-10-14T19:00+00:00,4115,1.5,1000.7,80.0,0.0,0.0,9.7,0
2025-10-14T20:00+00:00,4115,1.8,1001.1,85.0,0.1,0.0,9.7,0
2025-10-14T21:00+00:00,4115,0.7,1000.9,85.0,0.0,0.0,9.6,0
2025-10-14T22:00+00:00,4115,0.9,1000.8,80.0,0.0,0.0,10.0,0
2025-10-14T23:00+00:00,4115,0.3,1000.8,88.0,0.0,0.0,10.8,0
2025-10-15T00:00+00:00,4115,1.2,1001.0,88.0,0.0,0.0,11.0,0
2025-10-15T01:00+00:00,4115,2.0,1001.0,88.0,0.0,0.0,10.9,0
2025-10-15T02:00+00:00,4115,2.3,1001.1,86.0,0.0,0.0,10.8,0
2025-10-15T03:00+00:00,4115,1.8,1001.1,91.0,0.0,0.0,10.4,0
2025-10-15T04:00+00:00,4115,2.0,1001.1,91.0,0.0,0.0,10.4,0
2025-10-15T05:00+00:00,4115,1.4,1001.1,93.0,0.0,0.0,10.5,0
2025-10-15T06:00+00:00,4115,1.2,1001.5,90.0,0.0,0.0,10.7,5
2025-10-15T07:00+00:00,4115,1.5,1001.9,91.0,0.0,0.0,11.2,41
2025-10-15T08:00+00:00,4115,1.5,1002.1,91.0,0.0,0.0,11.7,99
2025-10-15T09:00+00:00,4115,2.0,1002.1,90.0,0.0,0.0,12.4,159
2025-10-15T10:00+00:00,4115,2.1,1002.2,84.0,0.0,0.0,13.2,242
2025-10-15T11:00+00:00,4115,1.5,1002.0,79.0,0.0,0.0,14.3,267
2025-10-15T12:00+00:00,4115,1.3,1001.8,90.0,0.4,0.0,12.6,89
2025-10-15T13:00+00:00,4115,1.2,1001.5,84.0,0.0,0.0,13.2,150
2025-10-15T14:00+00:00,4115,1.9,1001.4,81.0,0.0,0.0,13.4,135
2025-10-15T15:00+00:00,4115,1.5,1001.2,84.0,0.0,0.0,13.1,69
2025-10-15T16:00+00:00,4115,1.2,1001.4,86.0,0.0,0.0,12.2,4
2025-10-15T17:00+00:00,4115,0.7,1001.9,93.0,0.0,0.0,11.3,0
2025-10-15T18:00+00:00,4115,1.2,1002.3,93.0,0.0,0.0,11.3,0
2025-10-15T19:00+00:00,4115,0.9,1002.3,89.0,0.2,0.0,10.4,0
2025-10-15T20:00+00:00,4115,1.8,1002.3,85.0,0.0,0.0,10.1,0
2025-10-15T21:00+00:00,4115,0.3,1002.4,91.0,0.0,0.0,9.0,0
2025-10-15T22:00+00:00,4115,0.1,1002.3,87.0,0.0,0.0,9.7,0
2025-10-15T23:00+00:00,4115,0.3,1002.2,92.0,0.0,0.0,8.9,0
2025-10-16T00:00+00:00,4115,0.7,1002.1,87.0,0.0,0.0,9.0,0
2025-10-16T01:00+00:00,4115,1.7,1001.8,88.0,0.0,0.0,8.6,0
2025-10-16T02:00+00:00,4115,2.1,1001.5,87.0,0.0,0.0,8.6,0
2025-10-16T03:00+00:00,4115,0.5,1001.4,90.0,0.1,0.0,7.8,0
2025-10-16T04:00+00:00,4115,0.5,1001.3,95.0,0.0,0.0,6.9,0
2025-10-16T05:00+00:00,4115,0.5,1001.2,96.0,0.0,0.0,6.4,0
2025-10-16T06:00+00:00,4115,0.4,1001.5,98.0,0.0,0.3,5.8,23
2025-10-16T07:00+00:00,4115,0.4,1001.8,89.0,0.0,1.0,8.5,161
2025-10-16T08:00+00:00,4115,0.6,1002.0,80.0,0.0,1.0,10.8,315
2025-10-16T09:00+00:00,4115,1.1,1001.8,67.0,0.0,1.0,12.0,442
2025-10-16T10:00+00:00,4115,1.8,1001.6,53.0,0.0,0.9,13.5,454
2025-10-16T11:00+00:00,4115,1.0,1001.1,46.0,0.0,1.0,13.9,531
2025-10-16T12:00+00:00,4115,1.5,1000.8,47.0,0.0,1.0,14.6,499
2025-10-16T13:00+00:00,4115,1.2,1000.4,48.0,0.0,1.0,15.3,419
2025-10-16T14:00+00:00,4115,0.7,999.9,46.0,0.0,1.0,15.4,303
2025-10-16T15:00+00:00,4115,0.8,999.9,46.0,0.0,1.0,14.8,170
2025-10-16T16:00+00:00,4115,0.9,999.9,77.0,0.0,0.1,10.3,33
2025-10-16T17:00+00:00,4115,0.3,1000.2,84.0,0.0,0.0,9.6,0
2025-10-16T18:00+00:00,4115,0.3,1000.1,90.0,0.0,0.0,8.8,0
2025-10-16T19:00+00:00,4115,0.5,1000.3,92.0,0.0,0.0,9.0,0
2025-10-16T20:00+00:00,4115,0.2,1000.5,94.0,0.0,0.0,9.1,0
2025-10-16T21:00+00:00,4115,0.4,1000.4,90.0,0.0,0.0,9.3,0
2025-10-16T22:00+00:00,4115,0.5,1000.1,91.0,0.0,0.0,9.4,0
2025-10-16T23:00+00:00,4115,0.4,1000.0,91.0,0.0,0.0,9.4,0
2025-10-17T00:00+00:00,4115,0.8,999.9,89.0,0.0,0.0,9.2,0
2025-10-17T01:00+00:00,4115,0.3,999.7,92.0,0.0,0.0,9.0,0
2025-10-17T02:00+00:00,4115,0.2,999.2,93.0,0.0,0.0,8.8,0
2025-10-17T03:00+00:00,4115,0.3,999.1,93.0,0.0,0.0,8.5,0
2025-10-17T04:00+00:00,4115,0.2,999.0,94.0,0.0,0.0,8.6,0
2025-10-17T05:00+00:00,4115,0.3,998.8,93.0,0.0,0.0,8.5,0
2025-10-17T06:00+00:00,4115,0.3,999.3,94.0,0.0,0.0,8.5,2
2025-10-17T07:00+00:00,4115,0.3,999.6,92.0,0.0,0.0,9.0,15
2025-10-17T08:00+00:00,4115,0.3,999.9,85.0,0.0,0.0,9.9,32
2025-10-17T09:00+00:00,4115,0.2,999.9,78.0,0.0,0.0,10.4,49
2025-10-17T10:00+00:00,4115,0.4,1000.0,73.0,0.0,0.0,11.1,72
2025-10-17T11:00+00:00,4115,0.7,999.7,73.0,0.0,0.0,11.5,92
2025-10-17T12:00+00:00,4115,0.8,999.3,73.0,0.0,0.0,12.1,137
2025-10-17T13:00+00:00,4115,1.5,999.0,70.0,0.0,0.0,12.8,199
2025-10-17T14:00+00:00,4115,1.4,998.7,70.0,0.0,0.0,13.2,128
2025-10-17T15:00+00:00,4115,1.1,998.7,74.0,0.0,0.2,12.2,99
2025-10-17T16:00+00:00,4115,1.4,998.6,74.0,0.0,0.0,11.9,19
2025-10-17T17:00+00:00,4115,1.9,998.8,72.0,0.0,0.0,11.6,0
2025-10-17T18:00+00:00,4115,2.3,998.8,71.0,0.0,0.0,11.7,0
2025-10-17T19:00+00:00,4115,2.2,999.1,71.0,0.0,0.0,11.6,0
2025-10-17T20:00+00:00,4115,1.7,999.6,71.0,0.0,0.0,11.5,0
2025-10-17T21:00+00:00,4115,2.1,999.6,70.0,0.0,0.0,11.7,0
2025-10-17T22:00+00:00,4115,2.3,999.5,76.0,0.0,0.0,11.3,0
2025-10-17T23:00+00:00,4115,1.9,999.3,78.0,0.0,0.0,11.4,0
2025-10-18T00:00+00:00,4115,1.9,999.3,75.0,0.0,0.0,11.6,0
2025-10-18T01:00+00:00,4115,2.2,999.2,76.0,0.0,0.0,11.3,0
2025-10-18T02:00+00:00,4115,2.1,998.9,76.0,0.0,0.0,11.0,0
2025-10-18T03:00+00:00,4115,2.1,999.1,77.0,0.0,0.0,10.8,0
2025-10-18T04:00+00:00,4115,2.1,999.2,79.0,0.0,0.0,10.3,0
2025-10-18T05:00+00:00,4115,2.2,999.5,80.0,0.0,0.0,10.5,0
2025-10-18T06:00+00:00,4115,1.8,1000.0,79.0,0.0,0.0,10.5,5
2025-10-18T07:00+00:00,4115,1.8,1000.8,77.0,0.0,0.0,10.9,42
2025-10-18T08:00+00:00,4115,3.1,1001.6,68.0,0.0,0.0,10.7,88
2025-10-18T09:00+00:00,4115,3.2,1002.3,77.0,0.3,0.0,9.6,97
2025-10-18T10:00+00:00,4115,3.5,1002.4,63.0,0.0,0.0,10.7,163
2025-10-18T11:00+00:00,4115,4.6,1002.5,54.0,0.0,0.5,12.2,385
2025-10-18T12:00+00:00,4115,5.1,1002.4,53.0,0.0,0.9,11.7,451
2025-10-18T13:00+00:00,4115,4.9,1002.4,46.0,0.0,0.9,12.3,411
2025-10-18T14:00+00:00,4115,4.4,1002.6,46.0,0.0,1.0,12.1,306
2025-10-18T15:00+00:00,4115,3.9,1002.7,46.0,0.0,1.0,11.0,163
2025-10-18T16:00+00:00,4115,2.5,1003.1,59.0,0.0,0.4,8.2,34
2025-10-18T17:00+00:00,4115,2.0,1003.7,66.0,0.0,0.0,6.3,0
2025-10-18T18:00+00:00,4115,2.6,1004.2,63.0,0.0,0.0,6.5,0
2025-10-18T19:00+00:00,4115,2.9,1004.7,64.0,0.0,0.0,6.2,0
2025-10-18T20:00+00:00,4115,2.5,1004.9,70.0,0.0,0.0,5.1,0
2025-10-18T21:00+00:00,4115,2.3,1004.9,73.0,0.0,0.0,4.3,0
2025-10-18T22:00+00:00,4115,2.0,1005.1,75.0,0.0,0.0,4.0,0
2025-10-18T23:00+00:00,4115,0.8,1005.1,86.0,0.0,0.0,1.5,0
2025-10-19T00:00+00:00,4115,0.9,1004.8,84.0,0.0,0.0,2.4,0
2025-10-19T01:00+00:00,4115,0.9,1004.3,88.0,0.0,0.0,1.0,0
2025-10-19T02:00+00:00,4115,0.1,1004.1,93.0,0.0,0.0,-0.5,0
2025-10-19T03:00+00:00,4115,0.7,1003.7,95.0,0.0,0.0,-1.2,0
2025-10-19T04:00+00:00,4115,1.0,1003.7,94.0,0.0,0.0,-1.6,0
2025-10-19T05:00+00:00,4115,0.5,1003.4,95.0,0.0,0.0,-2.2,0
2025-10-19T06:00+00:00,4115,0.6,1003.5,96.0,0.0,0.5,-1.1,26
2025-10-19T07:00+00:00,4115,0.2,1003.5,86.0,0.0,1.0,2.8,178
2025-10-19T08:00+00:00,4115,0.8,1003.4,76.0,0.0,1.0,5.5,271
2025-10-19T09:00+00:00,4115,1.2,1003.0,69.0,0.0,1.0,7.1,395
2025-10-19T10:00+00:00,4115,1.9,1002.3,65.0,0.0,1.0,9.0,467
2025-10-19T11:00+00:00,4115,2.3,1001.3,56.0,0.0,1.0,10.0,491
2025-10-19T12:00+00:00,4115,2.0,1000.4,54.0,0.0,1.0,11.2,465
2025-10-19T13:00+00:00,4115,1.7,999.6,52.0,0.0,1.0,12.4,385
2025-10-19T14:00+00:00,4115,2.1,998.8,55.0,0.0,1.0,11.3,291
2025-10-19T15:00+00:00,4115,2.2,998.0,60.0,0.0,0.0,9.7,84
2025-10-19T16:00+00:00,4115,1.6,997.7,64.0,0.0,0.0,8.6,27
2025-10-19T17:00+00:00,4115,1.7,997.3,70.0,0.0,0.0,7.2,0
2025-10-19T18:00+00:00,4115,1.9,997.1,72.0,0.0,0.0,6.9,0
2025-10-19T19:00+00:00,4115,1.8,996.6,74.0,0.0,0.0,6.3,0
2025-10-19T20:00+00:00,4115,2.0,996.0,75.0,0.0,0.0,6.3,0
2025-10-19T21:00+00:00,4115,1.5,995.5,76.0,0.0,0.0,6.1,0
2025-10-19T22:00+00:00,4115,1.5,995.1,78.0,0.0,0.0,5.5,0
2025-10-19T23:00+00:00,4115,1.5,994.3,82.0,0.0,0.0,4.7,0
2025-10-20T00:00+00:00,4115,1.7,994.0,83.0,0.0,0.0,4.3,0
2025-10-20T01:00+00:00,4115,2.2,993.3,82.0,0.0,0.0,4.6,0
2025-10-20T02:00+00:00,4115,2.3,993.1,83.0,0.0,0.0,4.4,0
2025-10-20T03:00+00:00,4115,1.8,992.7,85.0,0.0,0.0,4.0,0
2025-10-20T04:00+00:00,4115,1.6,992.4,86.0,0.0,0.0,3.8,0
2025-10-20T05:00+00:00,4115,1.9,992.1,85.0,0.0,0.0,3.8,0
2025-10-20T06:00+00:00,4115,2.0,992.1,84.0,0.0,0.2,4.0,26
2025-10-20T07:00+00:00,4115,2.6,992.2,73.0,0.0,1.0,6.2,167
2025-10-20T08:00+00:00,4115,3.1,992.0,62.0,0.0,1.0,8.7,300
2025-10-20T09:00+00:00,4115,3.3,991.5,60.0,0.0,1.0,10.2,423
2025-10-20T10:00+00:00,4115,3.6,991.1,55.0,0.0,1.0,12.1,485
2025-10-20T11:00+00:00,4115,4.1,990.5,55.0,0.0,0.7,11.9,379
2025-10-20T12:00+00:00,4115,4.1,989.8,52.0,0.0,0.7,12.9,363
2025-10-20T13:00+00:00,4115,4.1,989.2,51.0,0.0,1.0,13.6,367
2025-10-20T14:00+00:00,4115,4.0,988.9,53.0,0.0,1.0,12.5,214
2025-10-20T15:00+00:00,4115,4.0,988.5,52.0,0.0,1.0,11.8,136
2025-10-20T16:00+00:00,4115,3.2,988.0,56.0,0.0,0.4,10.5,34
2025-10-20T17:00+00:00,4115,3.2,987.7,60.0,0.0,0.0,10.1,0
2025-10-20T18:00+00:00,4115,3.0,987.6,61.0,0.0,0.0,9.3,0
2025-10-20T19:00+00:00,4115,2.9,987.0,62.0,0.0,0.0,8.7,0
2025-10-20T20:00+00:00,4115,2.8,986.7,61.0,0.0,0.0,9.7,0
2025-10-20T21:00+00:00,4115,3.0,986.3,61.0,0.0,0.0,10.1,0
2025-10-20T22:00+00:00,4115,3.1,985.8,59.0,0.0,0.0,10.6,0
2025-10-20T23:00+00:00,4115,2.5,985.5,58.0,0.0,0.0,11.2,0
2025-10-21T00:00+00:00,4115,2.7,,,0.0,0.0,,0
2025-10-21T01:00+00:00,4115,2.3,,,0.0,0.0,,0
2025-10-21T02:00+00:00,4115,2.3,,,0.0,0.0,,0
2025-10-21T03:00+00:00,4115,2.2,,,0.0,0.0,,0
2025-10-21T04:00+00:00,4115,1.2,,,0.0,0.0,,0
2025-10-21T05:00+00:00,4115,1.4,,,0.0,0.0,,0
2025-10-21T06:00+00:00,4115,1.4,,,0.0,0.0,,12
2025-10-21T07:00+00:00,4115,1.3,,,0.0,0.3,,112
2025-10-21T08:00+00:00,4115,1.8,,,0.0,0.0,,102
2025-10-21T09:00+00:00,4115,2.1,,,0.1,0.7,,315
2025-10-21T10:00+00:00,4115,2.2,,,0.0,1.0,,434
2025-10-21T11:00+00:00,4115,2.4,,,0.0,0.7,,389
2025-10-21T12:00+00:00,4115,2.5,,,0.0,0.5,,361
2025-10-21T13:00+00:00,4115,2.6,,,0.0,0.5,,273
2025-10-21T14:00+00:00,4115,3.3,,,0.0,0.3,,185
2025-10-21T15:00+00:00,4115,3.1,,,0.0,0.3,,117
2025-10-21T16:00+00:00,4115,2.4,,,0.0,0.0,,27
2025-10-21T17:00+00:00,4115,2.1,,,0.0,0.0,,0
2025-10-21T18:00+00:00,4115,1.3,,,0.0,0.0,,0
2025-10-21T19:00+00:00,4115,1.1,,,0.0,0.0,,0
2025-10-21T20:00+00:00,4115,1.3,,,0.0,0.0,,0
2025-10-21T21:00+00:00,4115,1.2,,,0.0,0.0,,0
2025-10-21T22:00+00:00,4115,2.1,,,0.0,0.0,,0
2025-10-21T23:00+00:00,4115,2.1,,,0.0,0.0,,0
2025-10-22T00:00+00:00,4115,1.7,983.6,90.0,0.0,0.0,10.4,0
2025-10-22T01:00+00:00,4115,1.7,983.5,90.0,0.0,0.0,9.7,0
2025-10-22T02:00+00:00,4115,2.0,983.0,90.0,0.0,0.0,9.7,0
2025-10-22T03:00+00:00,4115,1.9,982.6,89.0,0.0,0.0,9.8,0
2025-10-22T04:00+00:00,4115,1.8,982.3,88.0,0.0,0.0,9.6,0
2025-10-22T05:00+00:00,4115,1.3,982.2,89.0,0.0,0.0,9.5,0
2025-10-22T06:00+00:00,4115,1.9,982.2,88.0,0.0,0.0,9.4,5
2025-10-22T07:00+00:00,4115,2.0,982.5,85.0,0.0,0.0,10.4,44
2025-10-22T08:00+00:00,4115,1.5,982.5,82.0,0.0,0.0,12.1,86
2025-10-22T09:00+00:00,4115,2.4,982.3,80.0,0.0,0.0,13.5,117
2025-10-22T10:00+00:00,4115,2.3,982.3,79.0,0.0,0.0,14.3,111
2025-10-22T11:00+00:00,4115,2.5,981.8,73.0,0.0,0.0,16.5,211
2025-10-22T12:00+00:00,4115,2.4,981.3,69.0,0.0,0.2,17.8,312
2025-10-22T13:00+00:00,4115,2.1,981.4,66.0,0.0,0.4,18.2,292
2025-10-22T14:00+00:00,4115,1.5,981.9,67.0,0.0,0.0,18.5,171
2025-10-22T15:00+00:00,4115,0.9,982.4,72.0,0.0,0.0,17.3,80
2025-10-22T16:00+00:00,4115,2.7,983.1,83.0,0.0,0.0,14.0,16
2025-10-22T17:00+00:00,4115,2.4,983.3,85.0,0.0,0.0,13.3,0
2025-10-22T18:00+00:00,4115,0.5,983.1,81.0,0.0,0.0,13.0,0
2025-10-22T19:00+00:00,4115,0.6,983.3,86.0,0.0,0.0,11.6,0
2025-10-22T20:00+00:00,4115,0.2,983.2,93.0,0.0,0.0,9.2,0
2025-10-22T21:00+00:00,4115,0.2,983.4,97.0,0.0,0.0,8.2,0
2025-10-22T22:00+00:00,4115,0.9,983.1,97.0,0.0,0.0,10.1,0
2025-10-22T23:00+00:00,4115,0.5,982.7,97.0,0.0,0.0,8.9,0
2025-10-23T00:00+00:00,4115,1.1,982.2,98.0,0.0,0.0,7.6,0
2025-10-23T01:00+00:00,4115,1.2,981.4,100.0,0.0,0.0,7.9,0
2025-10-23T02:00+00:00,4115,0.6,980.8,99.0,0.0,0.0,8.2,0
2025-10-23T03:00+00:00,4115,0.8,980.1,99.0,0.0,0.0,7.5,0
2025-10-23T04:00+00:00,4115,1.1,979.6,97.0,0.0,0.0,8.1,0
2025-10-23T05:00+00:00,4115,0.6,978.6,99.0,0.0,0.0,6.8,0
2025-10-23T06:00+00:00,4115,1.3,977.9,100.0,0.0,0.0,8.6,4
2025-10-23T07:00+00:00,4115,1.6,977.3,100.0,0.0,0.0,9.6,27
2025-10-23T08:00+00:00,4115,2.4,975.9,98.0,0.0,0.0,10.9,88
2025-10-23T09:00+00:00,4115,2.7,974.9,83.0,0.0,0.7,14.6,307
2025-10-23T10:00+00:00,4115,2.4,973.4,70.0,0.0,0.8,17.5,384
2025-10-23T11:00+00:00,4115,2.2,972.5,66.0,0.0,0.5,18.3,326
2025-10-23T12:00+00:00,4115,2.7,970.9,58.0,0.0,1.0,20.2,431
2025-10-23T13:00+00:00,4115,3.4,970.1,61.0,0.0,0.5,19.5,237
2025-10-23T14:00+00:00,4115,3.4,969.5,62.0,0.0,0.0,19.4,121
2025-10-23T15:00+00:00,4115,4.2,969.5,67.0,0.0,0.0,18.9,74
2025-10-23T16:00+00:00,4115,4.3,971.5,72.0,0.0,0.0,15.7,11
2025-10-23T17:00+00:00,4115,5.7,973.5,88.0,0.9,0.0,12.7,0
2025-10-23T18:00+00:00,4115,6.0,974.4,89.0,2.6,0.0,10.6,0
2025-10-23T19:00+00:00,4115,4.9,974.4,90.0,1.5,0.0,9.8,0
2025-10-23T20:00+00:00,4115,5.5,974.8,89.0,1.2,0.0,9.4,0
2025-10-23T21:00+00:00,4115,4.5,975.7,90.0,0.7,0.0,9.2,0
2025-10-23T22:00+00:00,4115,2.9,975.5,90.0,0.6,0.0,9.0,0
2025-10-23T23:00+00:00,4115,2.9,976.2,92.0,0.9,0.0,9.0,0
2025-10-24T00:00+00:00,4115,2.4,975.7,92.0,1.1,0.0,9.0,0
2025-10-24T01:00+00:00,4115,3.1,975.5,89.0,0.3,0.0,9.2,0
2025-10-24T02:00+00:00,4115,3.3,975.1,88.0,0.1,0.0,9.4,0
2025-10-24T03:00+00:00,4115,3.6,975.5,86.0,0.0,0.0,9.8,0
2025-10-24T04:00+00:00,4115,3.6,975.9,82.0,0.0,0.0,10.1,0
2025-10-24T05:00+00:00,4115,3.4,976.8,78.0,0.0,0.0,10.3,0
2025-10-24T06:00+00:00,4115,3.4,978.0,76.0,0.0,0.0,10.3,2
2025-10-24T07:00+00:00,4115,3.8,979.2,73.0,0.0,0.2,10.5,65
2025-10-24T08:00+00:00,4115,3.8,980.4,69.0,0.0,0.6,10.8,207
2025-10-24T09:00+00:00,4115,3.7,981.9,61.0,0.0,0.4,12.3,285
2025-10-24T10:00+00:00,4115,6.1,982.7,54.0,0.0,0.9,12.9,493
2025-10-24T11:00+00:00,4115,5.3,982.7,47.0,0.0,0.8,13.7,453
2025-10-24T12:00+00:00,4115,6.1,983.4,51.0,0.0,1.0,13.0,534
2025-10-24T13:00+00:00,4115,6.0,983.6,52.0,0.0,0.8,12.5,426
2025-10-24T14:00+00:00,4115,5.6,984.2,47.0,0.0,0.3,12.8,177
2025-10-24T15:00+00:00,4115,5.3,985.3,46.0,0.0,0.8,11.2,131
2025-10-24T16:00+00:00,4115,3.2,986.4,57.0,0.0,0.3,10.1,15
2025-10-24T17:00+00:00,4115,3.7,987.4,64.0,0.0,0.0,9.4,0
2025-10-24T18:00+00:00,4115,4.1,987.8,67.0,0.0,0.0,8.5,0
2025-10-24T19:00+00:00,4115,2.3,988.1,72.0,0.0,0.0,7.7,0
2025-10-24T20:00+00:00,4115,2.2,988.6,72.0,0.0,0.0,7.6,0
2025-10-24T21:00+00:00,4115,2.0,989.0,73.0,0.0,0.0,7.2,0
2025-10-24T22:00+00:00,4115,0.4,989.1,78.0,0.0,0.0,5.6,0
2025-10-24T23:00+00:00,4115,0.9,989.0,81.0,0.0,0.0,4.8,0
2025-10-25T00:00+00:00,4115,1.0,988.8,87.0,0.0,0.0,3.5,0
2025-10-25T01:00+00:00,4115,0.8,988.6,87.0,0.0,0.0,3.9,0
2025-10-25T02:00+00:00,4115,0.2,988.0,86.0,0.0,0.0,4.9,0
2025-10-25T03:00+00:00,4115,0.3,987.7,77.0,0.0,0.0,6.1,0
2025-10-25T04:00+00:00,4115,0.2,987.0,83.0,0.0,0.0,5.5,0
2025-10-25T05:00+00:00,4115,0.1,986.5,83.0,0.0,0.0,5.7,0
2025-10-25T06:00+00:00,4115,0.2,986.2,72.0,0.0,0.0,6.8,4
2025-10-25T07:00+00:00,4115,0.7,986.6,74.0,0.0,0.0,7.6,27
2025-10-25T08:00+00:00,4115,0.1,986.3,75.0,0.0,0.0,8.7,112
2025-10-25T09:00+00:00,4115,0.9,986.6,66.0,0.0,0.0,10.1,135
2025-10-25T10:00+00:00,4115,1.0,986.2,63.0,0.0,0.0,10.8,126
2025-10-25T11:00+00:00,4115,0.6,985.2,58.0,0.0,0.6,13.2,335
2025-10-25T12:00+00:00,4115,2.0,984.2,52.0,0.0,0.9,14.2,439
2025-10-25T13:00+00:00,4115,2.3,983.6,49.0,0.0,0.1,13.8,181
2025-10-25T14:00+00:00,4115,2.0,982.5,52.0,0.0,0.1,14.0,152
2025-10-25T15:00+00:00,4115,2.1,983.6,75.0,0.3,0.0,11.4,20
2025-10-25T16:00+00:00,4115,2.1,984.3,80.0,0.3,0.0,10.2,1
2025-10-25T17:00+00:00,4115,1.2,984.0,79.0,0.0,0.0,9.7,0
2025-10-25T18:00+00:00,4115,2.3,983.3,75.0,0.0,0.0,9.7,0
2025-10-25T19:00+00:00,4115,3.3,983.4,76.0,0.0,0.0,9.2,0
2025-10-25T20:00+00:00,4115,3.5,983.6,75.0,0.0,0.0,9.3,0
2025-10-25T21:00+00:00,4115,0.8,983.8,85.0,0.0,0.0,6.7,0
2025-10-25T22:00+00:00,4115,1.1,983.5,84.0,0.0,0.0,6.9,0
2025-10-25T23:00+00:00,4115,1.8,983.6,76.0,0.0,0.0,8.7,0
2025-10-26T00:00+00:00,4115,2.7,983.5,75.0,0.0,0.0,9.2,0
